-- phpMyAdmin SQL Dump
-- version 3.1.3.1
-- http://www.phpmyadmin.net
--
-- Host: localhost
-- Generation Time: Nov 05, 2012 at 06:35 PM
-- Server version: 5.1.33
-- PHP Version: 5.2.9

SET SQL_MODE="NO_AUTO_VALUE_ON_ZERO";


/*!40101 SET @OLD_CHARACTER_SET_CLIENT=@@CHARACTER_SET_CLIENT */;
/*!40101 SET @OLD_CHARACTER_SET_RESULTS=@@CHARACTER_SET_RESULTS */;
/*!40101 SET @OLD_COLLATION_CONNECTION=@@COLLATION_CONNECTION */;
/*!40101 SET NAMES utf8 */;

--
-- Database: `gaji_rs`
--

-- --------------------------------------------------------

--
-- Table structure for table `artikel`
--

CREATE TABLE IF NOT EXISTS `artikel` (
  `id` int(11) NOT NULL AUTO_INCREMENT,
  `judul` varchar(255) DEFAULT NULL,
  `isi` text,
  `post` datetime DEFAULT NULL,
  `pengirim` varchar(50) DEFAULT NULL,
  `page` enum('artikel','home','kontak') DEFAULT NULL,
  `foto` varchar(100) DEFAULT NULL,
  PRIMARY KEY (`id`)
) ENGINE=MyISAM DEFAULT CHARSET=latin1 AUTO_INCREMENT=1 ;

--
-- Dumping data for table `artikel`
--


-- --------------------------------------------------------

--
-- Table structure for table `barcode`
--

CREATE TABLE IF NOT EXISTS `barcode` (
  `id` int(11) NOT NULL,
  `barcode` varchar(25) NOT NULL,
  PRIMARY KEY (`id`),
  UNIQUE KEY `barcode` (`barcode`)
) ENGINE=InnoDB DEFAULT CHARSET=latin1;

--
-- Dumping data for table `barcode`
--

INSERT INTO `barcode` (`id`, `barcode`) VALUES
(260, '0003'),
(8, '1'),
(76, '105ckx04476073'),
(59, '107mkx56379896'),
(57, '113xtc50644883'),
(74, '115pgd88695363'),
(72, '118tsj76738539'),
(70, '120gtw36540000'),
(68, '121dwx24172386'),
(54, '121ity79986258'),
(65, '126hdp21685526'),
(52, '126lgt13826816'),
(50, '135brg39919979'),
(62, '135cjk26056685'),
(60, '135iuj28499931'),
(58, '136dto83744771'),
(55, '137rgy64374964'),
(53, '138qxz53394565'),
(136, '13jre197436654'),
(48, '143urs59637861'),
(51, '146wkg82855135'),
(49, '151syd12347047'),
(47, '152yrw73624640'),
(46, '153vdg20112727'),
(43, '156kvd89897254'),
(40, '158ige49984871'),
(45, '161ljt68720651'),
(38, '161pyg47362727'),
(36, '166crq97757189'),
(196, '169mjhy6792553'),
(146, '16hgrt52462122'),
(42, '171ngr79292307'),
(39, '171ots72651694'),
(34, '172mje10662167'),
(32, '175skg13791638'),
(37, '177bdz60258380'),
(125, '17awe356132613'),
(123, '17kht476173503 '),
(29, '182eot01024170'),
(27, '182mcl42961884'),
(35, '184xtd20287997'),
(120, '18kjy556287172'),
(33, '190whg11955512'),
(23, '191gdu53869128'),
(30, '195.6085272938'),
(21, '197ohw37237649'),
(137, '1ute1594682972'),
(19, '200jth02779065'),
(28, '201fjr45207534'),
(17, '204dpv98145750'),
(25, '210cxy02539042'),
(15, '210viw41213825'),
(22, '216egy77962202'),
(13, '218skg45865551'),
(11, '220mtg14032883'),
(9, '224htd81954703'),
(20, '225xhy63324221'),
(132, '22kgr628781357'),
(130, '22kjj738460780'),
(18, '230htr69991822'),
(1, '231dyn74181461'),
(5, '231zrh13323656'),
(12, '236apq18174325'),
(16, '236cxq28933508'),
(14, '236kbt53306078'),
(2, '238byp61616418'),
(10, '246lij55079457'),
(6, '253stn62709684'),
(4, '261trc41501683'),
(118, '27ert315286735'),
(153, '296loip825243'),
(126, '30hgr016530443'),
(124, '33kht386631751'),
(115, '35oiu164220807'),
(122, '36khj637569490'),
(113, '36wer575426094'),
(109, '37kjh581288029'),
(119, '38poi568603312'),
(135, '3kts5538766669'),
(152, '415mjht4237808'),
(107, '42rty698926736'),
(116, '42tre996574257'),
(228, '457ldih3642591'),
(99, '48jht820144370'),
(114, '48piu451832376'),
(94, '52ygb872352025'),
(110, '54mgf271729963'),
(204, '550ksyt9493949'),
(90, '55mju659264445'),
(235, '578gft9705378'),
(85, '58jgt174778262'),
(108, '59ere91259230'),
(83, '59fds992407892'),
(138, '5egj4356573045'),
(100, '62nht621498638'),
(81, '64gyu014570378'),
(224, '685fgh9183562'),
(98, '68kjh042096286'),
(255, '693opc4562891'),
(79, '69ktj079430107'),
(131, '6kte0076574297'),
(236, '712paw7655892'),
(77, '74chd314031574'),
(190, '758lkio6876948'),
(92, '76cft070822783'),
(86, '78asd147522101'),
(202, '793poiu0578468'),
(193, '810hytu9134791'),
(84, '81dfg007761993'),
(75, '82oht118365790'),
(192, '840cder1069816'),
(141, '844dwfr4011219'),
(149, '845htyu5455224'),
(73, '84ijr219395707'),
(194, '850bghy4866343'),
(191, '869qwer0714698'),
(251, '874lds2943657'),
(82, '90uyt780351355'),
(71, '90ywq377383686'),
(61, '928rdz18106552'),
(69, '94jbr528328580'),
(63, '97bje583596387'),
(67, '97tcj237035863'),
(189, '989lkji3329097'),
(80, '98bkh011935967'),
(7, '993tre79209616'),
(198, '993wtig5886138'),
(78, '99ryv3584555688'),
(129, '9poi6056757993');

-- --------------------------------------------------------

--
-- Table structure for table `bidang`
--

CREATE TABLE IF NOT EXISTS `bidang` (
  `nama` varchar(15) NOT NULL,
  PRIMARY KEY (`nama`)
) ENGINE=MyISAM DEFAULT CHARSET=latin1;

--
-- Dumping data for table `bidang`
--

INSERT INTO `bidang` (`nama`) VALUES
('-'),
('0'),
('Crew Operasi'),
('Direksi'),
('Dokter Umum'),
('Manajemen'),
('Medis'),
('Non Medis');

-- --------------------------------------------------------

--
-- Table structure for table `dansos`
--

CREATE TABLE IF NOT EXISTS `dansos` (
  `dana` double NOT NULL,
  PRIMARY KEY (`dana`)
) ENGINE=MyISAM DEFAULT CHARSET=latin1;

--
-- Dumping data for table `dansos`
--

INSERT INTO `dansos` (`dana`) VALUES
(2000);

-- --------------------------------------------------------

--
-- Table structure for table `departemen`
--

CREATE TABLE IF NOT EXISTS `departemen` (
  `dep_id` char(4) NOT NULL,
  `nama` varchar(25) NOT NULL,
  PRIMARY KEY (`dep_id`)
) ENGINE=InnoDB DEFAULT CHARSET=latin1;

--
-- Dumping data for table `departemen`
--

INSERT INTO `departemen` (`dep_id`, `nama`) VALUES
('-', '-'),
('0', ''),
('ADM', 'Adm / Sekretariat'),
('CST', 'Resepsionis'),
('DIR', 'DIREKSI'),
('DPR', 'Dapur'),
('DRV', 'Driver'),
('FAR', 'Instalasi Farmasi'),
('GIZ', 'Instalasi Gizi'),
('KBY', 'Km. Bayi'),
('KMB', 'Km. Bersalin'),
('KMO', 'Km. Operasi'),
('KSR', 'Kasir'),
('LAB', 'Laboratorium'),
('LND', 'Laundry'),
('LOG', 'Logistik'),
('MNJ', 'Manajemen'),
('PCK', 'Pocokan'),
('POD', 'Poliklinik Anak'),
('POG', 'Poliklinik Gigi'),
('POM', 'Poliklinik Ibu'),
('PRK', 'PARKIR'),
('RM', 'Rekam Medis'),
('RNP', 'Rawat Inap'),
('ROS', 'Room Service'),
('RWJ', 'Rawat Jalan'),
('SAT', 'Security'),
('TAM', 'Taman'),
('TRN', 'Transport'),
('WRG', 'WARUNG');

-- --------------------------------------------------------

--
-- Table structure for table `indekref`
--

CREATE TABLE IF NOT EXISTS `indekref` (
  `kdindex` char(4) NOT NULL,
  `n` double NOT NULL,
  `ttl` double NOT NULL,
  KEY `kdindex` (`kdindex`)
) ENGINE=MyISAM DEFAULT CHARSET=latin1;

--
-- Dumping data for table `indekref`
--

INSERT INTO `indekref` (`kdindex`, `n`, `ttl`) VALUES
('RNP', 22, 13.2),
('DPR', 27, 10),
('RNP', -101, 18.4),
('MNJ', 27, 24),
('KBY', 22, 20.79),
('KBY', 22, 24),
('MNJ', 27, 24.3),
('RNP', 22, 22.5),
('DRV', 18, 20),
('PRK', 27, 18),
('LAB', 22, 19.8),
('DPR', 23, 10.8),
('SAT', 24, 10.2),
('KBY', 22, 20),
('DPR', 27, 10.8),
('RNP', 22, 7.7),
('LAB', 0, 8),
('RNP', 22, 18),
('RNP', 0, 11.2),
('KSR', 27, 20),
('RNP', 0, 11.2),
('DPR', 23, 9.6),
('RNP', 22, 18),
('RNP', 22, 16.2),
('RNP', 22, 16.2),
('FAR', 23, 20),
('SAT', 0, 11),
('WRG', 0, 16),
('LAB', 0, 7),
('DRV', 0, 14),
('KSR', 27, 18),
('MNJ', 27, 12),
('KBY', 22, 14.4),
('PRK', 27, 14),
('PRK', 27, 13),
('POD', 24, 18),
('DIR', 27, 20),
('KSR', 27, 14),
('RNP', 22, 8.56),
('POD', 12, 15),
('DRV', 18, 12),
('RNP', 22, 13),
('RNP', 22, 14),
('RNP', 22, 14),
('RNP', 22, 14),
('RM', 27, 11),
('LAB', 22, 14),
('MNJ', 27, 14),
('DPR', 23, 10),
('RNP', 22, 12),
('RNP', 22, 12),
('RNP', 22, 12),
('RNP', 22, 12),
('LAB', 0, 5),
('WRG', 27, 10),
('RNP', 22, 8),
('RNP', 22, 12),
('RNP', 22, 12),
('RNP', 22, 12),
('KBY', 22, 12),
('POD', 24, 13.5),
('RNP', 22, 12),
('SAT', 0, 6),
('SAT', 0, 6),
('MNJ', 27, 12),
('FAR', 27, 15),
('FAR', 23, 14),
('KBY', 22, 10),
('ROS', 27, 9),
('POM', 24, 9),
('CST', 27, 10),
('DPR', 27, 10.8),
('FAR', 23, 8),
('MNJ', 27, 12),
('FAR', 23, 10),
('ROS', 27, 9),
('KBY', 22, 10),
('CST', 27, 10),
('KBY', 22, 10),
('RM', 27, 10),
('CST', 27, 10),
('CST', 27, 8),
('CST', 27, 8),
('CST', 27, 8),
('POM', 24, 8),
('RNP', 22, 8),
('POM', 24, 8),
('PRK', 27, 4),
('RNP', 22, 8.8),
('PRK', 0, 4),
('SAT', 0, 4),
('DIR', 27, 20),
('DIR', 27, 20),
('LAB', 22, 8),
('RNP', 22, 8.8),
('POM', 24, 8),
('RNP', 22, 8),
('POM', 0, 6),
('DPR', 23, 6),
('RNP', 22, 8.8),
('RNP', 22, 8),
('PCK', 10, 0),
('PCK', 0, 4),
('PCK', 0, 0),
('PCK', 0, 0),
('-', 0, 0),
('-', 0, 0),
('-', 0, 0),
('-', 0, 0),
('-', 0, 0),
('-', 0, 0),
('-', 0, 0),
('-', 0, 0),
('-', 0, 0),
('-', 0, 0),
('-', 0, 0),
('-', 0, 0),
('-', 0, 0),
('-', 0, 0),
('-', 0, 0),
('-', 0, 0),
('-', 0, 0),
('-', 0, 0),
('DPR', 27, 6),
('RNP', 22, 8),
('KBY', 0, 1),
('POG', 0, 4),
('POG', 0, 4),
('POG', 24, 6),
('PCK', 10, 0),
('POD', 24, 3),
('PCK', 0, 0),
('PCK', 0, 0),
('POM', 24, 6),
('PCK', 0, 0),
('RNP', 22, 6),
('RNP', 22, 6),
('PCK', 0, 0),
('FAR', 23, 4),
('PCK', 0, 0),
('RNP', 22, 2.5),
('RNP', 22, 3.6),
('RNP', 22, 3.6),
('CST', 0, 0),
('CST', 0, 0),
('CST', 0, 0),
('PCK', 26, 1),
('CST', 0, 0),
('CST', 0, 0),
('PCK', 22, 5),
('PCK', 0, 0),
('PCK', 27, 0),
('PCK', 0, 0),
('PCK', 0, 0),
('PCK', 25, 5),
('PCK', 23, 3),
('PCK', 22, 0),
('PCK', 22, 0),
('CST', 25, 0);

-- --------------------------------------------------------

--
-- Table structure for table `indexins`
--

CREATE TABLE IF NOT EXISTS `indexins` (
  `dep_id` char(4) NOT NULL,
  `persen` double NOT NULL,
  PRIMARY KEY (`dep_id`)
) ENGINE=MyISAM DEFAULT CHARSET=latin1;

--
-- Dumping data for table `indexins`
--

INSERT INTO `indexins` (`dep_id`, `persen`) VALUES
('POM', 5.4),
('PCK', 0),
('CST', 3.5),
('DIR', 0),
('DPR', 5.2),
('DRV', 1.6),
('FAR', 2),
('GIZ', 0),
('KBY', 11.1),
('KMO', 0),
('LAB', 2.8),
('LND', 0),
('MNJ', 9.7),
('POD', 3),
('PRK', 1.7),
('RNP', 45),
('KSR', 2.1),
('SAT', 2.5),
('ROS', 1.3),
('POG', 1),
('WRG', 0),
('RM', 1.3),
('LOG', 0.5),
('TAM', 0.3);

-- --------------------------------------------------------

--
-- Table structure for table `indextotal`
--

CREATE TABLE IF NOT EXISTS `indextotal` (
  `kdindex` char(4) NOT NULL,
  `ttl` double NOT NULL,
  KEY `kdindex` (`kdindex`)
) ENGINE=MyISAM DEFAULT CHARSET=latin1;

--
-- Dumping data for table `indextotal`
--

INSERT INTO `indextotal` (`kdindex`, `ttl`) VALUES
('RNP', 16.72),
('DPR', 23.5),
('RNP', 2.24),
('MNJ', 40.6666666667),
('KBY', 33.29),
('KBY', 36.5),
('MNJ', 40.9666666667),
('RNP', 26.02),
('DRV', 70),
('PRK', 43),
('LAB', 53.1333333333),
('DPR', 22.3),
('SAT', 110.2),
('KBY', 32.5),
('DPR', 24.3),
('RNP', 11.22),
('LAB', 8),
('RNP', 21.52),
('RNP', 11.2),
('KSR', 53.3333333333),
('RNP', 11.2),
('DPR', 21.1),
('RNP', 21.52),
('RNP', 19.72),
('RNP', 19.72),
('FAR', 36.1971830986),
('SAT', 11),
('WRG', 16),
('LAB', 7),
('DRV', 14),
('KSR', 51.3333333333),
('MNJ', 28.6666666667),
('KBY', 26.9),
('PRK', 39),
('PRK', 38),
('POD', 46.5714285714),
('DIR', 53.3333333333),
('KSR', 47.3333333333),
('RNP', 12.08),
('POD', 29.2857142857),
('DRV', 62),
('RNP', 16.52),
('RNP', 17.52),
('RNP', 17.52),
('RNP', 17.52),
('RM', 61),
('LAB', 47.3333333333),
('MNJ', 30.6666666667),
('DPR', 21.5),
('RNP', 15.52),
('RNP', 15.52),
('RNP', 15.52),
('RNP', 15.52),
('LAB', 5),
('WRG', 110),
('RNP', 11.52),
('RNP', 15.52),
('RNP', 15.52),
('RNP', 15.52),
('KBY', 24.5),
('POD', 42.0714285714),
('RNP', 15.52),
('SAT', 6),
('SAT', 6),
('MNJ', 28.6666666667),
('FAR', 34.014084507),
('FAR', 30.1971830986),
('KBY', 22.5),
('ROS', 59),
('POM', 29),
('CST', 24.4385026738),
('DPR', 24.3),
('FAR', 24.1971830986),
('MNJ', 28.6666666667),
('FAR', 26.1971830986),
('ROS', 59),
('KBY', 22.5),
('CST', 24.4385026738),
('KBY', 22.5),
('RM', 60),
('CST', 24.4385026738),
('CST', 22.4385026738),
('CST', 22.4385026738),
('CST', 22.4385026738),
('POM', 28),
('RNP', 11.52),
('POM', 28),
('PRK', 29),
('RNP', 12.32),
('PRK', 4),
('SAT', 4),
('DIR', 53.3333333333),
('DIR', 53.3333333333),
('LAB', 41.3333333333),
('RNP', 12.32),
('POM', 28),
('RNP', 11.52),
('POM', 6),
('DPR', 17.5),
('RNP', 12.32),
('RNP', 11.52),
('PCK', 5.34759358289),
('PCK', 4),
('PCK', 0),
('PCK', 0),
('-', 0),
('-', 0),
('-', 0),
('-', 0),
('-', 0),
('-', 0),
('-', 0),
('-', 0),
('-', 0),
('-', 0),
('-', 0),
('-', 0),
('-', 0),
('-', 0),
('-', 0),
('-', 0),
('-', 0),
('-', 0),
('DPR', 19.5),
('RNP', 11.52),
('KBY', 1),
('POG', 4),
('POG', 4),
('POG', 106),
('PCK', 5.34759358289),
('POD', 31.5714285714),
('PCK', 0),
('PCK', 0),
('POM', 26),
('PCK', 0),
('RNP', 9.52),
('RNP', 9.52),
('PCK', 0),
('FAR', 20.1971830986),
('PCK', 0),
('RNP', 6.02),
('RNP', 7.12),
('RNP', 7.12),
('CST', 0),
('CST', 0),
('CST', 0),
('PCK', 14.9037433155),
('CST', 0),
('CST', 0),
('PCK', 16.7647058824),
('PCK', 0),
('PCK', 14.4385026738),
('PCK', 0),
('PCK', 0),
('PCK', 18.3689839572),
('PCK', 15.2994652406),
('PCK', 11.7647058824),
('PCK', 11.7647058824),
('CST', 13.3689839572);

-- --------------------------------------------------------

--
-- Table structure for table `jamsostek`
--

CREATE TABLE IF NOT EXISTS `jamsostek` (
  `stts` char(5) NOT NULL,
  `biaya` double NOT NULL,
  PRIMARY KEY (`stts`)
) ENGINE=MyISAM DEFAULT CHARSET=latin1;

--
-- Dumping data for table `jamsostek`
--

INSERT INTO `jamsostek` (`stts`, `biaya`) VALUES
('T', 0),
('Y', 17900),
('Y+', 20000),
('Y++', 30000);

-- --------------------------------------------------------

--
-- Table structure for table `jam_jaga`
--

CREATE TABLE IF NOT EXISTS `jam_jaga` (
  `no_id` int(11) NOT NULL AUTO_INCREMENT,
  `dep_id` char(4) NOT NULL,
  `shift` enum('Pagi','Siang','Malam','Midle Pagi1','Midle Pagi2','Midle Siang1','Midle Siang2','Midle Siang3','Midle Malam1','Midle Malam2') NOT NULL,
  `jam_masuk` time NOT NULL,
  `jam_pulang` time NOT NULL,
  PRIMARY KEY (`no_id`),
  KEY `dep_id` (`dep_id`)
) ENGINE=InnoDB  DEFAULT CHARSET=latin1 AUTO_INCREMENT=75 ;

--
-- Dumping data for table `jam_jaga`
--

INSERT INTO `jam_jaga` (`no_id`, `dep_id`, `shift`, `jam_masuk`, `jam_pulang`) VALUES
(1, 'ADM', 'Pagi', '07:00:00', '14:00:00'),
(3, 'CST', 'Pagi', '07:00:00', '14:00:00'),
(4, 'CST', 'Siang', '12:00:00', '19:00:00'),
(5, 'CST', 'Malam', '16:00:00', '23:00:00'),
(6, 'DIR', 'Pagi', '08:00:00', '15:00:00'),
(7, 'DRV', 'Pagi', '07:00:00', '19:00:00'),
(8, 'KBY', 'Pagi', '07:00:00', '14:00:00'),
(9, 'KBY', 'Siang', '14:00:00', '21:00:00'),
(11, 'KSR', 'Pagi', '07:00:00', '14:00:00'),
(13, 'KSR', 'Malam', '16:00:00', '23:00:00'),
(14, 'KSR', 'Siang', '12:00:00', '19:00:00'),
(15, 'LAB', 'Pagi', '07:00:00', '14:00:00'),
(16, 'LAB', 'Siang', '14:00:00', '21:00:00'),
(17, 'LAB', 'Malam', '21:00:00', '07:00:00'),
(18, 'MNJ', 'Pagi', '08:00:00', '15:00:00'),
(19, 'POD', 'Pagi', '07:00:00', '14:00:00'),
(21, 'POM', 'Pagi', '07:00:00', '14:00:00'),
(22, 'PRK', 'Pagi', '07:00:00', '15:00:00'),
(23, 'PRK', 'Siang', '15:00:00', '23:00:00'),
(24, 'PRK', 'Malam', '23:00:00', '07:00:00'),
(25, 'RM', 'Pagi', '07:00:00', '14:00:00'),
(26, 'RNP', 'Pagi', '07:00:00', '14:00:00'),
(29, 'RNP', 'Siang', '14:00:00', '21:00:00'),
(30, 'RNP', 'Malam', '21:00:00', '07:00:00'),
(31, 'SAT', 'Pagi', '07:00:00', '15:00:00'),
(34, 'ADM', 'Midle Pagi1', '08:00:00', '15:00:00'),
(35, 'CST', 'Midle Pagi1', '09:00:00', '16:00:00'),
(36, 'DRV', 'Siang', '19:00:00', '07:00:00'),
(37, 'DPR', 'Pagi', '07:00:00', '14:00:00'),
(38, 'DPR', 'Siang', '14:00:00', '21:00:00'),
(39, 'DPR', 'Malam', '21:00:00', '07:00:00'),
(40, 'DPR', 'Midle Pagi1', '04:00:00', '11:00:00'),
(41, 'DPR', 'Midle Pagi2', '08:00:00', '15:00:00'),
(42, 'DPR', 'Midle Siang1', '13:00:00', '20:00:00'),
(43, 'FAR', 'Pagi', '07:00:00', '14:00:00'),
(45, 'FAR', 'Midle Pagi1', '08:00:00', '15:00:00'),
(46, 'FAR', 'Midle Pagi2', '09:00:00', '16:00:00'),
(47, 'FAR', 'Siang', '15:00:00', '22:00:00'),
(48, 'FAR', 'Midle Siang1', '16:00:00', '23:00:00'),
(49, 'FAR', 'Midle Siang2', '17:00:00', '00:00:00'),
(50, 'FAR', 'Malam', '22:00:00', '07:00:00'),
(51, 'POG', 'Pagi', '07:00:00', '14:00:00'),
(53, 'POM', 'Midle Pagi1', '09:00:00', '16:00:00'),
(54, 'POM', 'Siang', '14:00:00', '21:00:00'),
(56, 'ROS', 'Pagi', '07:00:00', '14:00:00'),
(58, 'ROS', 'Siang', '13:00:00', '20:00:00'),
(59, 'KBY', 'Midle Pagi1', '08:00:00', '15:00:00'),
(60, 'WRG', 'Pagi', '07:30:00', '14:30:00'),
(61, 'WRG', 'Siang', '14:30:00', '21:30:00'),
(63, 'FAR', 'Midle Siang3', '13:00:00', '20:00:00'),
(65, 'KBY', 'Malam', '21:00:00', '07:00:00'),
(66, 'POD', 'Siang', '14:00:00', '21:00:00'),
(67, 'POG', 'Siang', '14:00:00', '21:00:00'),
(68, 'KSR', 'Midle Siang1', '14:00:00', '21:00:00'),
(69, 'CST', 'Midle Siang1', '14:00:00', '21:00:00'),
(71, 'POM', 'Midle Siang1', '15:00:00', '22:00:00'),
(72, 'SAT', 'Siang', '15:00:00', '22:00:00'),
(73, 'SAT', 'Malam', '22:00:00', '07:00:00'),
(74, 'DPR', 'Midle Siang2', '09:00:00', '16:00:00');

-- --------------------------------------------------------

--
-- Table structure for table `jasa_lain`
--

CREATE TABLE IF NOT EXISTS `jasa_lain` (
  `thn` year(4) NOT NULL,
  `bln` int(11) NOT NULL,
  `id` int(11) NOT NULL,
  `bsr_jasa` double NOT NULL,
  `ktg` varchar(40) NOT NULL,
  PRIMARY KEY (`thn`,`bln`,`id`,`bsr_jasa`,`ktg`),
  KEY `id` (`id`)
) ENGINE=MyISAM DEFAULT CHARSET=latin1;

--
-- Dumping data for table `jasa_lain`
--

INSERT INTO `jasa_lain` (`thn`, `bln`, `id`, `bsr_jasa`, `ktg`) VALUES
(2011, 7, 5, 166888, '-'),
(2011, 7, 9, 191888, 'Jasa HUT Ke 6'),
(2011, 7, 123, 116000, '-'),
(2011, 9, 4, 60000, 'nerus jaga 2 kali'),
(2011, 9, 9, 221900, 'jasa pengelola laundry'),
(2011, 9, 55, 101000, 'tunjangan 15 hr'),
(2011, 9, 83, 30000, 'nerus jaga 1 kali'),
(2011, 9, 84, 74000, 'tunjangan 11 hr'),
(2011, 9, 131, 30000, 'nerus jaga 1 kali'),
(2011, 10, 2, 193500, 'Jasa operasi'),
(2011, 10, 9, 25000, 'jasa mengkafani'),
(2011, 10, 9, 203600, 'Jasa laundry'),
(2011, 10, 11, 85000, 'ambil darah'),
(2011, 10, 14, 8500, 'Tambahan jaga malam 1 X'),
(2011, 10, 15, 25000, 'jasa mengkafani'),
(2011, 10, 35, 50000, 'ambil darah'),
(2011, 10, 48, 45000, 'ambil darah'),
(2011, 10, 51, 50000, 'nerus jaga 1 kali'),
(2011, 10, 57, 17000, 'Tambahan jaga malam 2 X'),
(2011, 10, 192, 35000, 'tambahan jaga 14x'),
(2011, 11, 2, 192000, 'persiapan makan kru OK'),
(2011, 11, 5, 50000, 'hr temu klinis bidan'),
(2011, 11, 9, 25000, 'hr infus soft bag'),
(2011, 11, 9, 25000, 'hr pijat bayi'),
(2011, 11, 9, 50000, 'Mengkafani 2 x'),
(2011, 11, 9, 75000, 'hr temu klinis bidan'),
(2011, 11, 9, 221325, 'Laundry'),
(2011, 11, 11, 90000, 'ambil darah'),
(2011, 11, 15, 50000, 'Mengkafani 2 x'),
(2011, 11, 17, 60000, 'belanja dapur'),
(2011, 11, 21, 25000, 'tambahan senam hamil'),
(2011, 11, 35, 95000, 'ambil darah'),
(2011, 11, 37, 25000, 'hr pijat bayi'),
(2011, 11, 37, 100000, 'hr temu klinis bidan'),
(2011, 11, 43, 100000, 'hr temu klinis bidan'),
(2011, 11, 48, 70000, 'ambil darah'),
(2011, 11, 53, 25000, 'hr infus soft bag'),
(2011, 11, 53, 25000, 'hr periksa mata'),
(2011, 11, 53, 50000, 'hr pijat bayi'),
(2011, 11, 53, 50000, 'hr temu klinis bidan'),
(2011, 11, 60, 30000, 'nerus jaga 2 kali'),
(2011, 11, 75, 50000, 'hr temu klinis bidan'),
(2011, 11, 79, 150000, 'jasa nerus jaga 3 X'),
(2011, 11, 81, 100000, 'jasa nerus jaga 2 X'),
(2011, 11, 82, 130760, 'jasa tunjangan'),
(2011, 11, 84, 25000, 'honor pemeriksaan mata'),
(2011, 11, 84, 75000, 'honor temu klinis bidan'),
(2011, 11, 84, 150000, 'honor pijat bayi'),
(2011, 11, 99, 25000, 'hr infus soft bag'),
(2011, 11, 99, 25000, 'hr periksa mata'),
(2011, 11, 99, 50000, 'hr pijat bayi'),
(2011, 11, 99, 50000, 'hr temu klinis bidan'),
(2011, 11, 105, 69230, 'jasa tunjangan'),
(2011, 11, 122, 50000, 'hr pijat bayi'),
(2011, 11, 122, 100000, 'hr temu klinis bidan'),
(2011, 11, 123, 50000, 'hr infus soft bag'),
(2011, 11, 123, 50000, 'hr periksa mata'),
(2011, 11, 123, 150000, 'hr pijat bayi'),
(2011, 11, 123, 150000, 'moderator temu klinis bidan'),
(2011, 11, 141, 33600, 'Penggantian rak susun'),
(2011, 11, 192, 200000, 'kebersihan KBY'),
(2011, 12, 2, 154500, 'jasa operasi'),
(2011, 12, 4, 50000, '-'),
(2011, 12, 5, 50000, 'kegiatan Yankes'),
(2011, 12, 9, 213000, 'jasa laundry'),
(2011, 12, 11, 80000, 'ambil darah'),
(2011, 12, 14, 12000, 'jasa operasi'),
(2011, 12, 18, 60000, '-'),
(2011, 12, 25, 10500, 'jasa operasi'),
(2011, 12, 27, 30000, '-'),
(2011, 12, 35, 75000, 'jasa ambil darah'),
(2011, 12, 48, 85000, 'jasa ambil darah'),
(2011, 12, 53, 168750, 'yankes,bantu keuangan,spikotes'),
(2011, 12, 55, 103704, 'tunjangan 16 hr'),
(2011, 12, 57, 10500, 'jasa operasi'),
(2011, 12, 60, 120000, '-'),
(2011, 12, 69, 50000, 'nerus jaga'),
(2011, 12, 84, 71296, 'tunjangan 11 hr'),
(2011, 12, 99, 168750, 'yankes,bantu keuangan,spikotes'),
(2011, 12, 122, 75000, 'nerus jaga'),
(2011, 12, 122, 250000, 'kegiatan Yankes'),
(2011, 12, 123, 250000, 'kegiatan yankes'),
(2011, 12, 130, 50000, '-'),
(2011, 12, 136, 9000, 'jasa operasi'),
(2011, 12, 152, 75000, 'nerus jaga'),
(2011, 12, 185, 250000, 'Hr Pelatihan USG'),
(2011, 12, 193, 50000, 'penyuluhan gigi 2x'),
(2012, 1, 2, 214500, 'jasa operasi'),
(2012, 1, 9, 254215, 'jasa laundry'),
(2012, 1, 10, 75000, 'prenatal clas'),
(2012, 1, 11, 50000, 'tambahan uang makan'),
(2012, 1, 11, 85000, 'jasa ambil darah'),
(2012, 1, 14, 30500, 'jasa buat kue & operasi'),
(2012, 1, 25, 25000, 'jasa operasi'),
(2012, 1, 35, 47500, 'tambahan uang makan'),
(2012, 1, 48, 52500, 'tambahan uang makan'),
(2012, 1, 48, 165000, 'jasa ambil darah'),
(2012, 1, 49, 50000, 'nerus jaga'),
(2012, 1, 53, 75000, 'rekap kas keluar'),
(2012, 1, 57, 35000, 'jasa buat kue & operasi'),
(2012, 1, 79, 79350, 'jasa laundry'),
(2012, 1, 81, 79350, 'jasa laundry'),
(2012, 1, 86, 79350, 'jasa laundry'),
(2012, 1, 99, 75000, 'rekap buku kas'),
(2012, 1, 123, 125000, '125000'),
(2012, 1, 126, 50000, 'nerus jaga'),
(2012, 1, 129, 50000, 'nerus jaga'),
(2012, 1, 130, 50000, 'nerus jaga'),
(2012, 1, 136, 13500, 'jasa operasi'),
(2012, 1, 153, 75000, 'Nerus Jaga'),
(2012, 2, 1, 150000, 'fee HUT'),
(2012, 2, 2, 10000, 'jasa roti'),
(2012, 2, 2, 177000, 'Jasa ok'),
(2012, 2, 5, 300000, 'fee HUT'),
(2012, 2, 9, 50000, 'Mengkafani'),
(2012, 2, 9, 237522, 'jasa laundry'),
(2012, 2, 9, 300000, 'fee HUT'),
(2012, 2, 10, 50000, 'fee HUT'),
(2012, 2, 11, 105000, 'jasa ambil darah'),
(2012, 2, 14, 30000, 'Jasa ok'),
(2012, 2, 14, 40000, 'jasa roti'),
(2012, 2, 15, 25000, 'jasa mengkafani'),
(2012, 2, 15, 100000, 'Fee HUT'),
(2012, 2, 18, 50000, 'nerus jaga 1 kali'),
(2012, 2, 22, 25000, 'fee HUT'),
(2012, 2, 25, 27000, 'Jasa ok'),
(2012, 2, 25, 30000, 'jasa roti'),
(2012, 2, 32, 25000, 'fee HUT'),
(2012, 2, 35, 25000, 'fee HUT'),
(2012, 2, 35, 145000, 'jasa ambil darah'),
(2012, 2, 36, 25000, 'fee HUT'),
(2012, 2, 37, 350000, 'fee HUT'),
(2012, 2, 40, 75000, 'fee HUT'),
(2012, 2, 48, 25000, 'fee HUT'),
(2012, 2, 48, 120000, 'jasa ambil darah'),
(2012, 2, 51, 25000, 'fee HUT'),
(2012, 2, 52, 25000, 'fee HUT'),
(2012, 2, 52, 50000, 'nerus jaga 1 kali'),
(2012, 2, 53, 88750, 'buku kas+wawancara'),
(2012, 2, 53, 150000, 'fee HUT'),
(2012, 2, 55, 300000, 'Fee HUT'),
(2012, 2, 57, 25500, 'Jasa ok'),
(2012, 2, 57, 35000, 'jasa roti'),
(2012, 2, 68, 25000, 'fee HUT'),
(2012, 2, 69, 50000, 'nerus jaga 1 kali'),
(2012, 2, 72, 50000, 'nerus jaga 1 kali'),
(2012, 2, 73, 50000, 'fee HUT'),
(2012, 2, 74, 125000, 'fee HUT'),
(2012, 2, 75, 300000, 'Fee HUT'),
(2012, 2, 76, 25000, 'fee HUT'),
(2012, 2, 79, 52650, 'jasa laundry'),
(2012, 2, 84, 350000, 'fee HUT'),
(2012, 2, 86, 52650, 'jasa laundry'),
(2012, 2, 92, 25000, 'fee HUT'),
(2012, 2, 98, 25000, 'fee HUT'),
(2012, 2, 99, 88750, 'buku kas+wawancara'),
(2012, 2, 99, 150000, 'fee HUT'),
(2012, 2, 100, 50000, 'fee HUT'),
(2012, 2, 107, 50000, 'fee HUT'),
(2012, 2, 113, 50000, 'nerus jaga 1 kali'),
(2012, 2, 114, 25000, 'fee HUT'),
(2012, 2, 116, 52650, 'jasa laundry'),
(2012, 2, 122, 300000, 'fee HUT'),
(2012, 2, 123, 100000, 'moderator seminar'),
(2012, 2, 123, 125000, 'nara sumber'),
(2012, 2, 123, 300000, 'fee HUT'),
(2012, 2, 135, 50000, 'nerus jaga 1 kali'),
(2012, 2, 136, 16500, 'Jasa ok'),
(2012, 2, 136, 30000, 'jasa roti'),
(2012, 2, 141, 75000, 'jaga nerus'),
(2012, 2, 141, 125000, 'nara sumber radio'),
(2012, 2, 146, 75000, 'jaga nerus'),
(2012, 2, 190, 50000, 'nerus jaga 1 kali'),
(2012, 2, 191, 50000, 'nerus jaga 1 kali'),
(2012, 2, 196, 75000, 'fee HUT'),
(2012, 2, 200, 100000, 'moderator seminar'),
(2012, 2, 200, 300000, 'fee HUT'),
(2012, 3, 2, 5000, 'snack 1'),
(2012, 3, 2, 199500, 'js operasi'),
(2012, 3, 9, 200000, 'mengkafani 8'),
(2012, 3, 9, 300077, 'Laundry'),
(2012, 3, 11, 55000, 'js darah'),
(2012, 3, 14, 27000, 'js operasi'),
(2012, 3, 14, 45000, 'Snack 9'),
(2012, 3, 15, 125000, 'Mengkafani 5'),
(2012, 3, 25, 28500, 'js operasi'),
(2012, 3, 25, 40000, 'snack 8'),
(2012, 3, 35, 65000, 'js darah'),
(2012, 3, 48, 65000, 'js darah'),
(2012, 3, 53, 7500, 'jasa wawancara'),
(2012, 3, 53, 75000, 'buku kas'),
(2012, 3, 57, 33000, 'js operasi'),
(2012, 3, 57, 35000, 'snack 7'),
(2012, 3, 74, 5000, 'js darah'),
(2012, 3, 76, 100000, 'fee nara sumber On Air radio'),
(2012, 3, 79, 87600, 'Laundry'),
(2012, 3, 82, 75000, 'fee nara sumber On Air radio'),
(2012, 3, 86, 87600, 'Laundry'),
(2012, 3, 99, 7500, 'jasa wawancara'),
(2012, 3, 99, 75000, 'buku kas'),
(2012, 3, 116, 87600, 'Laundry'),
(2012, 3, 122, 62500, 'fee nara sumber On Air radio'),
(2012, 3, 123, 562500, 'fee nara sumber On Air radio'),
(2012, 3, 126, 50000, 'nerus jaga'),
(2012, 3, 131, 50000, 'nerus jaga'),
(2012, 3, 136, 25500, 'js operasi'),
(2012, 3, 136, 30000, 'snack 6'),
(2012, 3, 204, 50000, 'nerus jaga'),
(2012, 4, 2, 210000, 'Js Ok'),
(2012, 4, 4, 50000, 'nerus jaga'),
(2012, 4, 9, 50000, 'Mengkafani 2'),
(2012, 4, 9, 286640, 'jasa laundry,,,, js laundry pasien'),
(2012, 4, 11, 20000, 'ODC'),
(2012, 4, 11, 45000, 'PMI'),
(2012, 4, 14, 21000, 'Js Ok'),
(2012, 4, 14, 35000, 'Snck'),
(2012, 4, 15, 75000, 'mengkafani 3'),
(2012, 4, 22, 40000, 'nerus jaga 07.00-19.00'),
(2012, 4, 25, 35000, 'Snck'),
(2012, 4, 25, 39000, 'Js Ok'),
(2012, 4, 29, 75000, 'jasa on air radio'),
(2012, 4, 33, 40000, 'nerus jaga'),
(2012, 4, 35, 30000, 'ODC'),
(2012, 4, 35, 80000, 'PMI'),
(2012, 4, 48, 30000, 'ODC'),
(2012, 4, 48, 100000, 'PMI'),
(2012, 4, 53, 16250, 'jasa wawancara'),
(2012, 4, 53, 50000, 'jasa penelitian'),
(2012, 4, 53, 75000, 'jasa buku kas'),
(2012, 4, 57, 18000, 'Js Ok'),
(2012, 4, 57, 35000, 'Snck'),
(2012, 4, 63, 40000, 'nerus jaga'),
(2012, 4, 79, 63600, 'Js Pasien Laundry'),
(2012, 4, 86, 63600, 'Js Pasien Laundry'),
(2012, 4, 99, 16250, 'jasa wawancara'),
(2012, 4, 99, 50000, 'jasa penelitian'),
(2012, 4, 116, 63600, 'Js Pasien Laundry'),
(2012, 4, 123, 10000, 'Konsultasi shift pagi/siang'),
(2012, 4, 123, 625000, 'jasa on air radio'),
(2012, 4, 136, 37000, 'Js Ok'),
(2012, 4, 136, 45000, 'Snck'),
(2012, 4, 141, 250000, 'jasa on air radio'),
(2012, 4, 152, 125000, 'jasa on air radio'),
(2012, 4, 204, 50000, 'nerus jaga'),
(2012, 4, 226, 125000, 'jasa on air radio'),
(2012, 4, 236, 50000, 'nerus jaga'),
(2012, 4, 249, 75000, 'Nerus jaga'),
(2012, 5, 2, 168000, 'jasa ok'),
(2012, 5, 4, 50000, 'HR,Simposium bidan'),
(2012, 5, 5, 50000, 'HR,Simposium bidan'),
(2012, 5, 5, 50000, 'HR.hand higyn'),
(2012, 5, 9, 20000, 'HR.hand higyn'),
(2012, 5, 9, 75000, 'mengkafani 3'),
(2012, 5, 9, 100000, 'HR,Simposium bidan'),
(2012, 5, 9, 259000, 'Jasa laundry'),
(2012, 5, 10, 50000, 'HR,Simposium bidan'),
(2012, 5, 10, 50000, 'HR.hand higyn'),
(2012, 5, 11, 30000, 'js ODC'),
(2012, 5, 14, 36000, 'jasa ok'),
(2012, 5, 14, 45000, 'snack'),
(2012, 5, 15, 50000, 'js mengkafani'),
(2012, 5, 25, 22500, 'js ok'),
(2012, 5, 25, 35000, 'snack'),
(2012, 5, 30, 22000, 'fee absensi'),
(2012, 5, 33, 363936, 'jasa pembagian warung'),
(2012, 5, 35, 30000, 'js ODC'),
(2012, 5, 35, 40000, 'nerus jaga'),
(2012, 5, 37, 20000, 'HR.hand higyn'),
(2012, 5, 37, 150000, 'HR,Simposium bidan'),
(2012, 5, 42, 50000, 'HR,Simposium bidan'),
(2012, 5, 42, 50000, 'HR.hand higyn'),
(2012, 5, 48, 75000, 'Jasa ambil darah'),
(2012, 5, 49, 50000, 'nerus jaga'),
(2012, 5, 51, 30000, 'tambahan jaga nov ''11'),
(2012, 5, 53, 33750, 'HR.wawancara 27 org'),
(2012, 5, 53, 50000, 'HR.Penelitian'),
(2012, 5, 53, 75000, 'HR Rekap buku kas'),
(2012, 5, 55, 50000, 'HR.hand higyn'),
(2012, 5, 55, 100000, 'HR,Simposium bidan'),
(2012, 5, 57, 21000, 'jasa ok'),
(2012, 5, 57, 30000, 'snack'),
(2012, 5, 63, 543228, 'jasa pembagian warung'),
(2012, 5, 68, 50000, 'HR,Simposium bidan'),
(2012, 5, 72, 50000, 'nerus jaga'),
(2012, 5, 74, 40000, 'nerus jaga'),
(2012, 5, 75, 25000, 'HR.hand higyn'),
(2012, 5, 75, 50000, 'HR,Simposium bidan'),
(2012, 5, 76, 22000, 'fee absensi'),
(2012, 5, 77, 22000, 'fee absensi'),
(2012, 5, 79, 104400, 'Jasa laundry'),
(2012, 5, 82, 50000, 'HR,Simposium bidan'),
(2012, 5, 83, 22000, 'fee absensi'),
(2012, 5, 84, 20000, 'HR.hand higyn'),
(2012, 5, 84, 100000, 'HR,Simposium bidan'),
(2012, 5, 85, 22000, 'fee absensi'),
(2012, 5, 86, 104400, 'Jasa laundry'),
(2012, 5, 92, 50000, 'HR,Simposium bidan'),
(2012, 5, 99, 33750, 'HR.wawancara 27 org'),
(2012, 5, 99, 50000, 'HR.Penelitian'),
(2012, 5, 99, 75000, 'HR Rekap buku kas'),
(2012, 5, 107, 50000, 'HR,Simposium bidan'),
(2012, 5, 116, 104400, 'Jasa laundry'),
(2012, 5, 122, 100000, 'HR,Simposium bidan'),
(2012, 5, 123, 100000, 'HR,Simposium bidan'),
(2012, 5, 123, 200000, 'moderator simposium bidan'),
(2012, 5, 123, 500000, 'HR.On Air Radio'),
(2012, 5, 126, 50000, 'nerus jaga'),
(2012, 5, 136, 25000, 'jasa ok'),
(2012, 5, 136, 45000, 'snack'),
(2012, 5, 152, 250000, 'HR.On Air Radio'),
(2012, 5, 196, 50000, 'HR,Simposium bidan'),
(2012, 5, 196, 50000, 'HR.MC Hand Hygin'),
(2012, 5, 196, 100000, 'HR.MC simposium bidan'),
(2012, 5, 226, 250000, 'HR.On Air Radio'),
(2012, 5, 228, 22000, 'fee absensi'),
(2012, 5, 234, 50000, '-'),
(2012, 5, 236, 50000, 'nerus jaga'),
(2012, 5, 239, 50000, '-'),
(2012, 5, 247, 50000, 'HR,Simposium bidan'),
(2012, 5, 249, 200000, 'moderator simposium bidan'),
(2012, 5, 249, 250000, 'HR.On Air Radio'),
(2012, 5, 254, 235488, 'jasa pembagian warung'),
(2012, 5, 256, 22000, 'fee absensi'),
(2012, 6, 2, 10000, 'Fee Pembimbing Stase'),
(2012, 6, 2, 151500, 'jasa makan kru ok'),
(2012, 6, 4, 100000, 'nerus 2 kl'),
(2012, 6, 6, 20000, 'Fee Pembimbing Stase'),
(2012, 6, 7, 50000, 'Fee Pembimbing  Respati'),
(2012, 6, 7, 50000, 'Fee Pembimbing Stase'),
(2012, 6, 9, 253890, 'Js laundry'),
(2012, 6, 10, 21000, 'Fee Pembimbing  Wira Husada'),
(2012, 6, 10, 50000, 'Fee Pembimbing  Respati'),
(2012, 6, 10, 50000, 'Fee Pembimbing Stase'),
(2012, 6, 11, 95000, 'js PMI'),
(2012, 6, 14, 10000, 'Fee Pembimbing Stase'),
(2012, 6, 14, 28500, 'jasa makan kru ok'),
(2012, 6, 14, 40000, 'jasa snack'),
(2012, 6, 15, 25000, 'js mengkafani'),
(2012, 6, 16, 20000, 'Fee Pembimbing Stase'),
(2012, 6, 17, 10000, 'Fee Pembimbing Stase'),
(2012, 6, 18, 50000, 'Fee Pembimbing  Respati'),
(2012, 6, 25, 10000, 'Fee Pembimbing Stase'),
(2012, 6, 25, 25500, 'jasa makan kru ok'),
(2012, 6, 25, 35000, 'jasa snack'),
(2012, 6, 27, 50000, 'Fee Pembimbing  Respati'),
(2012, 6, 27, 50000, 'Fee Pembimbing Stase'),
(2012, 6, 30, 20000, 'Fee Pembimbing Stase'),
(2012, 6, 30, 41764, 'jasa presensi'),
(2012, 6, 35, 65000, 'js PMI'),
(2012, 6, 38, 20000, 'Fee Pembimbing Stase'),
(2012, 6, 42, 21000, 'Fee Pembimbing  Wira Husada'),
(2012, 6, 42, 50000, 'Fee Pembimbing  Respati'),
(2012, 6, 42, 50000, 'Fee Pembimbing Stase'),
(2012, 6, 47, 20000, 'Fee Pembimbing Stase'),
(2012, 6, 47, 21000, 'Fee Pembimbing  Wira Husada'),
(2012, 6, 48, 65000, 'js PMI'),
(2012, 6, 53, 48750, 'jasa wawancara'),
(2012, 6, 53, 50000, 'Fee Pembimbing Stase'),
(2012, 6, 55, 20000, 'fee magang'),
(2012, 6, 57, 10000, 'Fee Pembimbing Stase'),
(2012, 6, 57, 19500, 'jasa makan kru ok'),
(2012, 6, 57, 40000, 'jasa snack'),
(2012, 6, 60, 50000, 'nerus jaga 1x'),
(2012, 6, 70, 20000, 'Fee Pembimbing Stase'),
(2012, 6, 71, 20000, 'Fee Pembimbing Stase'),
(2012, 6, 71, 21000, 'Fee Pembimbing  Wira Husada'),
(2012, 6, 72, 50000, 'nerus jaga'),
(2012, 6, 75, 20000, 'fee magang'),
(2012, 6, 76, 41764, 'jasa presensi'),
(2012, 6, 76, 50000, 'Fee Pembimbing Stase'),
(2012, 6, 77, 20000, 'Fee Pembimbing Stase'),
(2012, 6, 77, 41764, 'jasa presensi'),
(2012, 6, 78, 20000, 'Fee Pembimbing Stase'),
(2012, 6, 79, 30000, 'Fee Pembimbing Stase'),
(2012, 6, 79, 40000, 'Nerus jaga'),
(2012, 6, 79, 144555, 'jasa laundry pasien'),
(2012, 6, 80, 20000, 'Fee Pembimbing Stase'),
(2012, 6, 82, 50000, 'Fee Pembimbing Stase'),
(2012, 6, 83, 20000, 'Fee Pembimbing Stase'),
(2012, 6, 83, 41764, 'jasa presensi'),
(2012, 6, 85, 20000, 'Fee Pembimbing Stase'),
(2012, 6, 85, 41764, 'jasa presensi'),
(2012, 6, 86, 30000, 'Fee Pembimbing Stase'),
(2012, 6, 86, 40000, 'Nerus jaga'),
(2012, 6, 86, 144555, 'jasa laundry pasien'),
(2012, 6, 90, 20000, 'Fee Pembimbing Stase'),
(2012, 6, 94, 20000, 'Fee Pembimbing Stase'),
(2012, 6, 99, 48750, 'jasa wawancara'),
(2012, 6, 99, 50000, 'Fee Pembimbing Stase'),
(2012, 6, 110, 20000, 'Fee Pembimbing Stase'),
(2012, 6, 114, 50000, 'Fee Pembimbing  Respati'),
(2012, 6, 114, 50000, 'HR pembimbing LPK'),
(2012, 6, 123, 80000, 'Fee Pembimbing  Wira Husada'),
(2012, 6, 123, 150000, 'Fee Pembimbing  Respati'),
(2012, 6, 123, 500000, 'jasa on air radio 4 kl'),
(2012, 6, 129, 20000, 'Fee Pembimbing Stase'),
(2012, 6, 132, 20000, 'Fee Pembimbing Stase'),
(2012, 6, 136, 10000, 'Fee Pembimbing Stase'),
(2012, 6, 136, 18000, 'jasa makan kru ok'),
(2012, 6, 136, 30000, 'jasa snack'),
(2012, 6, 141, 125000, 'jasa on air radio'),
(2012, 6, 189, 10000, 'Fee Pembimbing Stase'),
(2012, 6, 191, 50000, 'nerus jaga'),
(2012, 6, 198, 20000, 'Fee Pembimbing  Wira Husada'),
(2012, 6, 198, 20000, 'Fee Pembimbing Stase'),
(2012, 6, 202, 20000, 'Fee Pembimbing Stase'),
(2012, 6, 204, 50000, 'nerus jaga'),
(2012, 6, 226, 250000, 'jasa on air radio 2 kl'),
(2012, 6, 228, 20000, 'Fee Pembimbing Stase'),
(2012, 6, 228, 41764, 'jasa presensi'),
(2012, 6, 235, 50000, 'nerus jaga'),
(2012, 6, 236, 50000, 'nerus jaga'),
(2012, 6, 249, 225000, 'jaga nerus'),
(2012, 6, 249, 250000, 'jasa on air radio 2 kl'),
(2012, 6, 250, 75000, 'jaga nerus'),
(2012, 6, 256, 41764, 'jasa presensi');

-- --------------------------------------------------------

--
-- Table structure for table `jgmlm`
--

CREATE TABLE IF NOT EXISTS `jgmlm` (
  `tgl` date NOT NULL,
  `id` int(11) NOT NULL,
  `jml` int(11) NOT NULL,
  PRIMARY KEY (`tgl`,`id`),
  KEY `id` (`id`)
) ENGINE=MyISAM DEFAULT CHARSET=latin1;

--
-- Dumping data for table `jgmlm`
--

INSERT INTO `jgmlm` (`tgl`, `id`, `jml`) VALUES
('2011-08-01', 132, 14),
('2011-08-01', 139, 7),
('2011-08-01', 110, 1),
('2011-08-01', 28, 9),
('2011-08-01', 16, 9),
('2011-08-01', 29, 9),
('2011-07-01', 4, 10),
('2011-09-01', 127, 9),
('2011-09-01', 125, 9),
('2011-09-01', 132, 13),
('2011-10-01', 4, 10),
('2011-10-01', 52, 9),
('2011-10-01', 72, 10),
('2011-10-01', 113, 9),
('2011-10-01', 14, 10),
('2011-10-01', 25, 7),
('2011-10-01', 57, 9),
('2011-10-01', 188, 6),
('2011-10-01', 16, 10),
('2011-10-01', 132, 11),
('2011-10-01', 139, 9),
('2011-10-01', 131, 9),
('2011-11-01', 51, 11),
('2011-11-01', 16, 10),
('2011-11-01', 202, 9),
('2011-12-01', 14, 9),
('2011-12-01', 51, 10),
('2011-12-01', 4, 10),
('2011-12-01', 16, 11),
('2011-12-01', 191, 9),
('2011-12-01', 202, 11),
('2012-01-01', 72, 9),
('2012-01-01', 113, 10),
('2012-01-01', 16, 10),
('2012-01-01', 202, 13),
('2012-02-01', 223, 10),
('2012-02-01', 130, 10),
('2012-02-01', 16, 10),
('2012-02-01', 202, 15),
('2012-02-01', 224, 9),
('2012-03-01', 234, 9),
('2012-03-01', 235, 10),
('2012-03-01', 236, 9),
('2012-03-01', 72, 9),
('2012-03-01', 10, 9),
('2012-03-01', 16, 11),
('2012-03-01', 126, 9),
('2012-03-01', 190, 10),
('2012-03-01', 224, 10),
('2012-03-01', 14, 9),
('2012-03-01', 239, 8),
('2012-04-01', 235, 10),
('2012-04-01', 51, 9),
('2012-04-01', 118, 9),
('2012-04-01', 16, 10),
('2012-04-01', 136, 9),
('2012-05-01', 58, 9),
('2012-05-01', 72, 9),
('2012-05-01', 69, 9),
('2012-05-01', 4, 9),
('2012-05-01', 113, 9),
('2012-05-01', 131, 9),
('2012-05-01', 16, 10),
('2012-05-01', 138, 9),
('2012-05-01', 126, 9),
('2012-05-01', 190, 9),
('2012-05-01', 191, 9),
('2012-05-01', 204, 9),
('2012-05-01', 14, 9),
('2012-06-01', 61, 10),
('2012-06-01', 51, 9),
('2012-06-01', 4, 11),
('2012-06-01', 204, 9),
('2012-06-01', 257, 10);

-- --------------------------------------------------------

--
-- Table structure for table `jnj_jabatan`
--

CREATE TABLE IF NOT EXISTS `jnj_jabatan` (
  `kode` char(5) NOT NULL,
  `nama` varchar(30) NOT NULL,
  `tnj` double NOT NULL,
  PRIMARY KEY (`kode`)
) ENGINE=MyISAM DEFAULT CHARSET=latin1;

--
-- Dumping data for table `jnj_jabatan`
--

INSERT INTO `jnj_jabatan` (`kode`, `nama`, `tnj`) VALUES
('-', '-', 0),
('APJB', 'Ass Pj Bidang', 175000),
('DIRB', 'Direktur Bidang', 1700000),
('DIRU', 'Direktur Utama', 2700000),
('KASI', 'Kepala Sift', 0),
('KORB', 'Koordinator Bidang', 250000),
('PJBd', 'Pj Bidang', 200000),
('PJBP', 'Pj Bid Pendukung', 100000),
('PJBU', 'Pj Bid Umum', 100000),
('PJSB', 'Pj Sub Bidang', 0),
('PLSN', 'Staf / Pelaksana', 0),
('PjBid', 'nanang m', 250000);

-- --------------------------------------------------------

--
-- Table structure for table `jumpasien`
--

CREATE TABLE IF NOT EXISTS `jumpasien` (
  `thn` year(4) NOT NULL,
  `bln` int(11) NOT NULL,
  `id` int(11) NOT NULL,
  `jml` int(11) NOT NULL,
  PRIMARY KEY (`thn`,`bln`,`id`)
) ENGINE=InnoDB DEFAULT CHARSET=latin1;

--
-- Dumping data for table `jumpasien`
--

INSERT INTO `jumpasien` (`thn`, `bln`, `id`, `jml`) VALUES
(2011, 10, 13, 220),
(2011, 10, 19, 63),
(2011, 10, 54, 235),
(2011, 10, 62, 85),
(2011, 10, 124, 240),
(2011, 11, 13, 244),
(2011, 11, 19, 36),
(2011, 11, 34, 49),
(2011, 11, 54, 260),
(2011, 11, 62, 84),
(2011, 11, 124, 227),
(2011, 12, 13, 238),
(2011, 12, 19, 66),
(2011, 12, 34, 45),
(2011, 12, 54, 233),
(2011, 12, 62, 90),
(2011, 12, 124, 237),
(2012, 1, 13, 271),
(2012, 1, 19, 78),
(2012, 1, 34, 65),
(2012, 1, 54, 308),
(2012, 1, 62, 88),
(2012, 1, 124, 245),
(2012, 2, 13, 234),
(2012, 2, 19, 67),
(2012, 2, 34, 78),
(2012, 2, 54, 244),
(2012, 2, 62, 97),
(2012, 2, 124, 221),
(2012, 3, 13, 285),
(2012, 3, 19, 58),
(2012, 3, 34, 57),
(2012, 3, 54, 279),
(2012, 3, 62, 94),
(2012, 3, 124, 260),
(2012, 4, 13, 263),
(2012, 4, 19, 74),
(2012, 4, 34, 68),
(2012, 4, 54, 226),
(2012, 4, 62, 76),
(2012, 4, 124, 232),
(2012, 5, 13, 214),
(2012, 5, 19, 66),
(2012, 5, 34, 55),
(2012, 5, 54, 284),
(2012, 5, 62, 75),
(2012, 5, 124, 301),
(2012, 6, 13, 243),
(2012, 6, 19, 46),
(2012, 6, 34, 73),
(2012, 6, 54, 258),
(2012, 6, 62, 76),
(2012, 6, 124, 224);

-- --------------------------------------------------------

--
-- Table structure for table `kasift`
--

CREATE TABLE IF NOT EXISTS `kasift` (
  `id` int(11) NOT NULL,
  `jmlks` bigint(20) NOT NULL,
  `bsr` double NOT NULL,
  PRIMARY KEY (`id`)
) ENGINE=MyISAM DEFAULT CHARSET=latin1;

--
-- Dumping data for table `kasift`
--

INSERT INTO `kasift` (`id`, `jmlks`, `bsr`) VALUES
(51, 16, 25000),
(4, 20, 25000),
(6, 22, 25000),
(20, 20, 25000),
(16, 22, 25000),
(21, 14, 25000),
(28, 21, 25000),
(52, 17, 25000),
(27, 18, 25000),
(29, 20, 25000),
(70, 8, 25000),
(38, 22, 25000),
(18, 12, 25000),
(10, 18, 25000),
(46, 20, 25000),
(23, 5, 25000),
(7, 22, 25000);

-- --------------------------------------------------------

--
-- Table structure for table `keanggotaan`
--

CREATE TABLE IF NOT EXISTS `keanggotaan` (
  `id` int(11) NOT NULL,
  `koperasi` char(5) NOT NULL,
  `jamsostek` char(5) NOT NULL,
  PRIMARY KEY (`id`),
  KEY `koperasi` (`koperasi`),
  KEY `jamsostek` (`jamsostek`)
) ENGINE=MyISAM DEFAULT CHARSET=latin1;

--
-- Dumping data for table `keanggotaan`
--

INSERT INTO `keanggotaan` (`id`, `koperasi`, `jamsostek`) VALUES
(5, 'Y', 'Y'),
(9, 'Y', 'Y+'),
(55, 'Y', 'Y'),
(75, 'Y', 'Y'),
(84, 'Y', 'Y'),
(122, 'T', 'T'),
(123, 'T', 'T'),
(6, 'Y', 'Y'),
(117, 'T', 'T'),
(63, 'Y', 'Y'),
(1, 'Y', 'Y'),
(2, 'Y', 'Y'),
(3, 'Y', 'T'),
(4, 'Y', 'Y'),
(7, 'Y', 'Y'),
(8, 'T', 'T'),
(10, 'Y', 'Y'),
(11, 'Y', 'Y'),
(12, 'Y', 'Y'),
(13, 'Y', 'Y'),
(14, 'Y', 'Y'),
(15, 'Y', 'Y'),
(16, 'Y', 'Y'),
(17, 'Y', 'Y'),
(18, 'Y', 'Y'),
(19, 'T', 'T'),
(20, 'T', 'Y'),
(21, 'Y', 'T'),
(22, 'Y', 'Y'),
(23, 'Y', 'T'),
(25, 'Y', 'Y'),
(26, 'Y', 'T'),
(27, 'Y', 'Y'),
(28, 'Y', 'Y'),
(29, 'Y', 'Y'),
(30, 'T', 'Y'),
(31, 'T', 'T'),
(32, 'Y', 'T'),
(33, 'Y', 'Y'),
(34, 'Y', 'T'),
(35, 'Y', 'T'),
(36, 'Y', 'Y'),
(37, 'Y', 'Y'),
(38, 'T', 'Y'),
(39, 'Y', 'Y'),
(40, 'T', 'Y'),
(42, 'Y', 'Y'),
(43, 'T', 'Y++'),
(45, 'Y', 'Y'),
(46, 'Y', 'Y'),
(47, 'T', 'Y'),
(48, 'Y', 'Y'),
(49, 'Y', 'Y'),
(50, 'T', 'Y'),
(51, 'Y', 'Y'),
(52, 'T', 'Y'),
(53, 'T', 'Y'),
(54, 'Y', 'Y'),
(57, 'Y', 'Y'),
(58, 'Y', 'Y'),
(59, 'T', 'Y'),
(60, 'T', 'Y'),
(61, 'T', 'Y'),
(62, 'T', 'Y'),
(66, 'T', 'T'),
(67, 'Y', 'Y'),
(68, 'T', 'Y'),
(69, 'Y', 'Y'),
(70, 'T', 'Y'),
(71, 'Y', 'Y'),
(72, 'Y', 'Y'),
(73, 'Y', 'T'),
(74, 'Y', 'T'),
(76, 'T', 'Y'),
(77, 'T', 'Y'),
(78, 'Y', 'Y'),
(79, 'Y', 'Y'),
(80, 'Y', 'Y'),
(81, 'Y', 'Y'),
(82, 'Y', 'Y'),
(83, 'T', 'Y'),
(85, 'T', 'Y'),
(86, 'Y', 'Y'),
(90, 'Y', 'Y'),
(92, 'T', 'Y'),
(94, 'T', 'T'),
(98, 'Y', 'T'),
(99, 'T', 'T'),
(100, 'Y', 'T'),
(104, 'T', 'T'),
(105, 'Y', 'T'),
(107, 'Y', 'T'),
(108, 'Y', 'T'),
(109, 'Y', 'T'),
(110, 'Y', 'T'),
(112, 'T', 'T'),
(113, 'T', 'T'),
(114, 'Y', 'T'),
(115, 'Y', 'T'),
(116, 'Y', 'T'),
(118, 'T', 'T'),
(119, 'Y', 'T'),
(120, 'Y', 'T'),
(121, 'T', 'T'),
(124, 'Y', 'T'),
(125, 'T', 'T'),
(126, 'T', 'T'),
(127, 'T', 'T'),
(128, 'T', 'T'),
(129, 'T', 'T'),
(130, 'T', 'T'),
(131, 'T', 'T'),
(132, 'T', 'T'),
(133, 'T', 'T'),
(135, 'T', 'T'),
(136, 'Y', 'T'),
(137, 'T', 'T'),
(65, 'T', 'T'),
(162, 'T', 'T'),
(189, 'Y', 'T'),
(139, 'T', 'T'),
(138, 'T', 'T'),
(190, 'T', 'T'),
(191, 'T', 'T'),
(192, 'T', 'T'),
(193, 'T', 'T'),
(194, 'T', 'T'),
(196, 'T', 'T'),
(198, 'T', 'T'),
(202, 'Y', 'T'),
(204, 'T', 'T'),
(224, 'T', 'T'),
(228, 'T', 'T'),
(229, 'T', 'T'),
(236, 'T', 'T'),
(197, 'T', 'T'),
(141, 'T', 'T'),
(249, 'T', 'T');

-- --------------------------------------------------------

--
-- Table structure for table `ketidakhadiran`
--

CREATE TABLE IF NOT EXISTS `ketidakhadiran` (
  `tgl` date NOT NULL,
  `id` int(11) NOT NULL,
  `jns` enum('A','S','C','I') NOT NULL,
  `ktg` varchar(40) NOT NULL,
  `jml` int(10) DEFAULT NULL,
  PRIMARY KEY (`tgl`,`id`,`jns`),
  KEY `id` (`id`)
) ENGINE=MyISAM DEFAULT CHARSET=latin1;

--
-- Dumping data for table `ketidakhadiran`
--

INSERT INTO `ketidakhadiran` (`tgl`, `id`, `jns`, `ktg`, `jml`) VALUES
('0000-00-00', 123, 'C', '-', NULL),
('2011-07-04', 55, 'C', '-', NULL),
('2011-07-05', 84, 'S', '-', NULL),
('2011-07-01', 2, 'S', '-', NULL),
('2011-07-02', 2, 'S', '-', NULL),
('2011-07-03', 2, 'S', '-', NULL),
('0000-00-00', 2, 'S', '-', NULL),
('2011-07-04', 2, 'S', '-', NULL),
('2011-07-05', 2, 'S', '-', NULL),
('2011-07-06', 2, 'S', '-', NULL),
('2011-07-07', 2, 'S', '-', NULL),
('2011-08-01', 10, 'C', '-', NULL),
('2011-08-02', 10, 'C', '-', NULL),
('2011-08-03', 10, 'C', '-', NULL),
('2011-08-04', 10, 'C', '-', NULL),
('2011-08-01', 28, 'A', '1', NULL),
('2011-07-01', 10, 'C', '-', NULL),
('2011-07-02', 10, 'C', '-', NULL),
('0000-00-00', 9, 'A', '1', NULL),
('2011-07-02', 9, 'C', '-', NULL),
('2011-10-01', 137, 'A', '-', 1),
('2011-09-01', 18, 'A', '-', 1),
('2011-09-01', 49, 'A', '-', 1),
('2011-09-01', 27, 'A', '-', 2),
('2011-09-01', 46, 'A', '-', 1),
('2011-09-01', 67, 'C', '-', NULL),
('2011-10-01', 60, 'C', '-', 3),
('2011-09-11', 72, 'A', '-', NULL),
('2011-09-01', 28, 'A', '-', 1),
('2011-10-01', 90, 'S', '-', 3),
('2011-10-01', 51, 'C', '-', 2),
('2011-09-01', 29, 'A', '-', 2),
('2011-09-18', 114, 'A', '-', NULL),
('2011-09-01', 9, 'C', '-', 3),
('2011-10-01', 68, 'C', '-', 2),
('2011-09-01', 37, 'C', '-', 3),
('2011-09-19', 84, 'S', '-', NULL),
('2011-09-01', 9, 'S', '-', 1),
('2011-10-01', 28, 'A', '-', 1),
('2011-10-01', 59, 'S', '-', 4),
('2011-10-01', 59, 'C', '-', 7),
('2011-10-01', 27, 'S', '-', 1),
('2011-10-01', 18, 'C', '-', 2),
('2011-10-01', 52, 'C', '-', 2),
('2011-10-01', 20, 'A', '-', 1),
('2011-10-01', 20, 'C', '-', 2),
('2011-10-01', 92, 'I', '-', 1),
('2011-10-01', 84, 'A', '-', 1),
('2011-09-01', 55, 'C', 'cuti melahirkan', 11),
('2011-09-01', 20, 'C', '-', 2),
('2011-09-01', 20, 'A', '-', 1),
('2011-09-01', 28, 'C', '-', 3),
('2011-09-02', 67, 'C', '-', NULL),
('2012-05-03', 28, 'C', '-', NULL),
('2012-05-17', 28, 'C', '-', NULL),
('2012-05-18', 28, 'C', '-', NULL),
('2012-05-10', 28, 'A', '-', NULL),
('2011-09-01', 5, 'C', '-', 3),
('2011-10-01', 43, 'C', '-', 3),
('2011-10-01', 189, 'S', '-', 8),
('2011-11-01', 84, 'S', 'sakit', 1),
('2011-11-01', 86, 'S', 'sakit', 10),
('2011-11-01', 82, 'C', 'cuti melahirkan', 9),
('2011-11-01', 100, 'C', 'cuti keluar kota', 3),
('2011-11-01', 109, 'C', 'cuti keluar kota', 1),
('2011-11-01', 53, 'C', 'Cuti', 2),
('2011-11-01', 61, 'A', '-', 1),
('2011-11-01', 49, 'C', '-', 2),
('2011-11-01', 58, 'C', '-', 3),
('2011-11-01', 27, 'C', '-', 1),
('2011-11-01', 46, 'A', '-', 1),
('2011-11-01', 67, 'C', '-', 1),
('2011-11-01', 10, 'C', '-', 4),
('2011-11-01', 68, 'C', '-', 2),
('2011-11-01', 50, 'C', '-', 2),
('2011-11-01', 51, 'A', '-', 1),
('2011-11-01', 60, 'C', '-', 1),
('2011-11-01', 118, 'A', '-', 1),
('2011-11-01', 137, 'A', '-', 1),
('2011-11-01', 42, 'S', '-', 1),
('2011-11-01', 42, 'C', '-', 2),
('2011-11-01', 75, 'I', 'ijin', 1),
('2011-11-01', 98, 'S', 'sakitr', 2),
('2011-12-01', 98, 'I', 'keluarga sakit', 2),
('2011-12-01', 9, 'C', 'Cuti', 2),
('2011-12-01', 5, 'C', 'Cuti', 2),
('2011-12-01', 84, 'C', 'cuti 1 izin 1', 2),
('2011-12-01', 37, 'C', 'Cuti', 2),
('2011-12-01', 105, 'C', 'Cuti', 1),
('2011-12-01', 92, 'C', 'Cuti', 1),
('2011-12-01', 107, 'C', 'Cuti', 1),
('2011-12-01', 108, 'I', 'Cuti', 2),
('2011-12-01', 20, 'C', '-', 3),
('2011-12-01', 20, 'A', 'krg jaga', 2),
('2011-12-01', 61, 'C', '-', 4),
('2011-12-01', 27, 'C', '-', 1),
('2011-12-01', 46, 'C', '-', 6),
('2011-12-01', 69, 'C', '-', 1),
('2011-12-01', 10, 'C', '-', 1),
('2011-12-01', 50, 'C', '-', 1),
('2011-12-01', 51, 'C', '-', 3),
('2011-12-01', 29, 'C', '-', 1),
('2011-12-01', 7, 'C', '-', 6),
('2011-12-01', 76, 'C', 'cuti nikah', 3),
('2011-12-01', 85, 'S', 'sakit', 3),
('2011-12-01', 55, 'C', 'cuti melahirkan', 11),
('2012-01-01', 55, 'C', 'cuti keluarga', 2),
('2012-01-01', 84, 'S', 'sakit', 1),
('2012-01-01', 10, 'C', '-', 1),
('2012-01-01', 51, 'S', '-', 3),
('2012-01-01', 51, 'C', '-', 2),
('2012-01-01', 79, 'C', 'cuti keluarga', 3),
('2012-01-01', 85, 'C', 'cuti', 3),
('2012-01-01', 110, 'C', '-', 3),
('2012-01-01', 131, 'S', '-', 1),
('2012-01-01', 47, 'C', '-', 4),
('2012-01-01', 98, 'A', 'tanpa ket', 3),
('2012-01-01', 29, 'C', '-', 2),
('2012-02-01', 20, 'C', '-', 1),
('2012-02-01', 20, 'I', '-', 2),
('2012-02-01', 52, 'A', '-', 1),
('2012-02-01', 49, 'A', '-', 1),
('2012-02-01', 27, 'A', '-', 2),
('2012-02-01', 79, 'A', 'anak nya sakit', 1),
('2012-02-01', 72, 'A', '-', 1),
('2012-02-01', 10, 'A', '-', 1),
('2012-02-01', 59, 'A', '-', 2),
('2012-02-01', 28, 'I', '-', 2),
('2012-02-01', 68, 'A', '-', 1),
('2012-02-01', 4, 'A', '-', 1),
('2012-02-01', 60, 'A', '-', 1),
('2012-02-01', 131, 'A', '-', 1),
('2012-02-01', 130, 'A', '-', 2),
('2012-02-01', 137, 'A', '-', 1),
('2012-02-01', 126, 'A', '-', 1),
('2012-02-01', 61, 'A', '-', 1),
('2012-02-01', 116, 'S', 'sakit 2', 2),
('2012-02-01', 100, 'S', 'sakit 1', 1),
('2012-02-01', 81, 'C', 'cuti 2', 2),
('2012-02-01', 76, 'C', 'cuti menikah', 1),
('2012-02-01', 77, 'A', '-', 1),
('2012-02-01', 9, 'S', '-', 1),
('2012-02-01', 9, 'C', '-', 1),
('2012-02-01', 123, 'C', 'cuti', 1),
('2012-03-01', 108, 'S', 'vertigo  5 hari', 5),
('2012-03-01', 92, 'S', 'sakit 5', 5),
('2012-03-01', 9, 'C', 'cuti tahunan', 1),
('2012-03-01', 84, 'C', 'cuti tahunan', 1),
('2012-03-01', 37, 'C', 'cuti 1 sakit 1', 2),
('2012-03-01', 116, 'C', 'cuti 2 izin 1', 3),
('2012-03-01', 98, 'A', '-', 4),
('2012-03-01', 99, 'S', 'sakit diari', 1),
('2012-03-01', 72, 'C', '-', 2),
('2012-03-01', 10, 'C', '-', 2),
('2012-03-01', 122, 'S', 'DCA', 2),
('2012-03-01', 59, 'C', '-', 1),
('2012-03-01', 51, 'C', '-', 1),
('2012-03-01', 29, 'C', '-', 2),
('2012-03-01', 65, 'C', 'nikah', 3),
('2012-03-01', 122, 'C', '-', 1),
('2012-04-01', 84, 'C', '-', 1),
('2012-04-01', 9, 'C', '-', 1),
('2012-04-01', 55, 'C', '-', 1),
('2012-04-01', 50, 'C', '-', 2),
('2012-04-01', 49, 'C', '-', 2),
('2012-04-01', 67, 'C', '-', 1),
('2012-04-01', 69, 'C', '-', 1),
('2012-04-01', 10, 'A', '-', 2),
('2012-04-01', 68, 'C', '-', 2),
('2012-04-01', 51, 'C', '-', 2),
('2012-04-01', 58, 'S', '-', 1),
('2012-04-01', 78, 'A', '-', 1),
('2012-04-01', 68, 'S', '-', 1),
('2012-04-01', 38, 'S', '-', 1),
('2012-04-01', 84, 'S', 'sakit', 1),
('2012-04-01', 86, 'C', 'cuti', 2),
('2012-04-01', 86, 'S', 'sakit', 2),
('2012-05-01', 116, 'I', 'anak masuk RS', 1),
('2012-05-01', 55, 'S', 'sakit', 2),
('2012-04-01', 63, 'I', 'ijin', 1),
('2012-04-01', 18, 'I', 'cuti melahirkan', 16),
('2012-05-01', 116, 'A', '-', 1),
('2012-05-01', 122, 'C', 'adik menikah', 1),
('2012-05-01', 84, 'S', 'tgl 24', 1),
('2012-05-01', 55, 'C', 'citi', 1),
('2012-05-01', 122, 'S', 'tgl 1', 1),
('2012-05-01', 37, 'C', 'citi', 1),
('2012-05-01', 116, 'S', 'sakit', 2),
('2012-05-01', 40, 'S', 'sakit', 1),
('2012-05-01', 92, 'C', 'cuti', 1),
('2012-05-01', 20, 'C', '-', 1),
('2012-05-01', 33, 'C', 'cuti melahirkan', 9),
('2012-05-01', 59, 'C', '-', 1),
('2012-05-01', 86, 'S', 'opname tgl 12-17', 6),
('2012-05-01', 114, 'C', '-', 2),
('2012-05-01', 65, 'S', '-', 1),
('2012-05-01', 38, 'S', 'tgl 1', 1),
('2012-06-01', 15, 'A', 'Tidak ada kabar', 2),
('2012-06-01', 75, 'C', 'Cuti tahunan', 2),
('2012-06-01', 20, 'A', 'kurang jaga', 2),
('2012-06-01', 52, 'S', 'sakit', 2),
('2012-06-01', 27, 'C', 'cuti', 3),
('2012-06-01', 27, 'A', 'krg jg', 1),
('2012-06-01', 67, 'C', 'cuti', 1),
('2012-06-01', 72, 'C', 'cuti', 1),
('2012-06-01', 10, 'S', 'sakit', 2),
('2012-06-01', 10, 'I', 'ijin', 2),
('2012-06-01', 28, 'A', 'krg jg', 1),
('2012-06-01', 29, 'C', 'cuti', 2),
('2012-06-01', 4, 'C', 'cuti', 2),
('2012-06-01', 18, 'C', 'cuti melahirkan', 10),
('2012-06-01', 9, 'C', 'cuti tahunan', 1),
('2012-06-01', 115, 'C', 'Cuti tahunan', 5),
('2012-06-01', 100, 'C', 'cuti nikah 3 cuti tahunan 3', 6),
('2012-06-01', 109, 'C', 'cuti tahunan', 2),
('2012-06-01', 107, 'S', 'sakit', 1),
('2012-06-01', 37, 'C', 'acara keluarga', 1),
('2012-06-01', 86, 'S', 'sakit 3', 3),
('2012-06-01', 5, 'I', 'tgl 9, ayah mertua meninggal', 1),
('2012-06-01', 84, 'I', 'dysmenorrhoe tgl 17', 1),
('2012-08-01', 4, 'A', '2', 123),
('2012-08-01', 260, 'A', '2', 2),
('2012-08-01', 255, 'A', '-', 2),
('2012-08-01', 47, 'A', '-', 10);

-- --------------------------------------------------------

--
-- Table structure for table `koperasi`
--

CREATE TABLE IF NOT EXISTS `koperasi` (
  `stts` char(5) NOT NULL,
  `wajib` double NOT NULL,
  PRIMARY KEY (`stts`)
) ENGINE=MyISAM DEFAULT CHARSET=latin1;

--
-- Dumping data for table `koperasi`
--

INSERT INTO `koperasi` (`stts`, `wajib`) VALUES
('T', 0),
('Y', 10000);

-- --------------------------------------------------------

--
-- Table structure for table `master_tindakan`
--

CREATE TABLE IF NOT EXISTS `master_tindakan` (
  `id` int(11) NOT NULL AUTO_INCREMENT,
  `nama` varchar(50) NOT NULL,
  `jm` double NOT NULL,
  `jns` enum('Karyawan','dr umum','dr spesialis') NOT NULL,
  PRIMARY KEY (`id`),
  UNIQUE KEY `nama` (`nama`)
) ENGINE=MyISAM  DEFAULT CHARSET=latin1 AUTO_INCREMENT=426 ;

--
-- Dumping data for table `master_tindakan`
--

INSERT INTO `master_tindakan` (`id`, `nama`, `jm`, `jns`) VALUES
(1, 'Tindik', 5000, 'Karyawan'),
(5, 'Home care', 20000, 'Karyawan'),
(7, 'Injeksi (Paramedis)', 2500, 'Karyawan'),
(8, 'Periksa / Kontrol (Paramedis)', 3000, 'Karyawan'),
(10, 'Resusitasi', 15000, 'Karyawan'),
(11, 'GV Aff heat/nekrotomi', 2500, 'Karyawan'),
(12, 'Aff IUD', 25000, 'Karyawan'),
(13, 'Hecting', 35000, 'Karyawan'),
(14, 'Perawatan Luka', 5000, 'Karyawan'),
(15, 'Nebulisasi', 3000, 'Karyawan'),
(16, 'Partus VVIP', 300000, 'Karyawan'),
(17, 'Partus VIP', 250000, 'Karyawan'),
(18, 'Partus kl I', 200000, 'Karyawan'),
(19, 'Partus kl II', 150000, 'Karyawan'),
(20, 'Partus kl III', 75000, 'Karyawan'),
(21, 'Partus bidan + dokter', 50000, 'Karyawan'),
(22, 'Assisten Bedah I', 100000, 'Karyawan'),
(23, 'Assisten Bedah II', 75000, 'Karyawan'),
(24, 'Assisten   Anestesi', 100000, 'Karyawan'),
(27, 'Anestesi Kuretase', 100000, 'Karyawan'),
(28, 'Analisa Sperma', 9000, 'Karyawan'),
(29, 'Cito', 15000, 'Karyawan'),
(30, 'Inseminasi Buatan', 150000, 'Karyawan'),
(31, 'Pengobatan Gratis Perawat', 2500, 'Karyawan'),
(32, 'Pengobatan Gratis Dokter', 5000, 'Karyawan'),
(36, 'Jaga Malam', 50000, 'Karyawan'),
(37, 'Jaga Pg/Sr', 35000, 'Karyawan'),
(38, 'Pasien RJ', 10000, 'Karyawan'),
(39, 'Visite Pasien', 5000, 'Karyawan'),
(40, 'Res BBL spontan Kl.I', 62500, 'dr umum'),
(41, 'Res BBL spontan Kl.II', 50000, 'dr umum'),
(42, 'Res BBL spontan Kl.III', 37500, 'dr umum'),
(43, 'Res BBL spontan Kl.VIP', 75000, 'dr umum'),
(44, 'Res BBL spontan Kl.VVIP', 87500, 'dr umum'),
(45, 'Res BBL   vakum Kl.I', 62500, 'dr umum'),
(46, 'Res BBL    vakum Kl.II', 50000, 'dr umum'),
(47, 'Res BBL     vakum Kl.III', 37500, 'dr umum'),
(48, 'Res BBL    vakum Kl.VIP', 75000, 'dr umum'),
(49, 'Res BBL    vakum Kl.VVIP', 87500, 'dr umum'),
(50, 'Res BBL   SC Kl.I', 100000, 'dr umum'),
(51, 'Res BBL   SC Kl.II', 87500, 'dr umum'),
(52, 'Res BBL   SC Kl.III', 75000, 'dr umum'),
(53, 'Res BBL    SC Kl.VIP', 112500, 'dr umum'),
(54, 'Res BBL    SC Kl.VVIP', 125000, 'dr umum'),
(55, 'Res BBL     SC Emergency', 125000, 'dr umum'),
(57, 'Res BBL     SC TDC', 75000, 'dr umum'),
(58, 'Mengkafani Jenazah', 25000, 'Karyawan'),
(61, 'Surat Keterangan Sehat/Sakit', 5000, 'Karyawan'),
(62, 'Injeksi i.m.', 5000, 'dr umum'),
(63, 'Injeksi i.v.', 10000, 'dr umum'),
(64, 'Tindik oleh dokter umum', 10000, 'Karyawan'),
(189, 'Visite Sp II', 20000, 'dr spesialis'),
(190, 'Visite Sp I', 25000, 'dr spesialis'),
(68, 'Jahitan Luka 1-3 Jahitan', 15000, 'dr umum'),
(186, 'SC,MOW I', 1400000, 'dr spesialis'),
(185, 'partus sp jahit portio III', 300000, 'dr spesialis'),
(109, 'ambil darah', 5000, 'Karyawan'),
(194, 'SC VIP', 1400000, 'dr spesialis'),
(77, 'Jahitan Luka lebih dari 10 Jahitan', 25000, 'dr umum'),
(78, 'Wound Toilet/Perawatan Luka Ringan', 2500, 'dr umum'),
(79, 'Wound Toilet/Perawatan Luka Sedang', 5000, 'dr umum'),
(80, 'Wound Toilet/Perawatan Luka Berat', 7500, 'dr umum'),
(81, 'Ganti verban', 5000, 'Karyawan'),
(82, 'Ganti Tampan', 5000, 'Karyawan'),
(83, 'Insisi Abses', 10000, 'Karyawan'),
(84, 'Naegal Extractio', 15000, 'Karyawan'),
(85, 'Dilatasi Phymosis', 10000, 'Karyawan'),
(86, 'Nebulisasi (Penggunaan 1) Ventolin', 5000, 'Karyawan'),
(87, 'Resusitasi dgn neopaf', 10000, 'Karyawan'),
(88, 'Home Care/Home Visit(Diantar ,Radius Max 10 km )', 30000, 'Karyawan'),
(89, 'Home Care/Home Visit(Sendiri,Radius Max 10 km )', 40000, 'Karyawan'),
(90, 'Sirkumsisi(Klasik/dgn kauter)', 175000, 'Karyawan'),
(91, 'Rawat Jalan', 10000, 'Karyawan'),
(92, 'Asisten Umum Operasi', 40000, 'Karyawan'),
(93, 'Irigasi Rectal', 10000, 'Karyawan'),
(184, 'USG Ranap', 20000, 'dr spesialis'),
(181, 'pasien poli', 35000, 'dr spesialis'),
(94, 'Konsultasi  Shift Pagi/Siang', 10000, 'dr umum'),
(95, 'Konsultasi Shift Malam & Tgl Merah', 15000, 'dr umum'),
(195, 'Visite Sp VIP', 30000, 'dr spesialis'),
(187, 'partus VE II', 450000, 'dr spesialis'),
(191, 'SC kl I', 1200000, 'dr spesialis'),
(222, 'Visite Sp vvip', 35000, 'dr spesialis'),
(98, 'Evakuasi Corpus Alienum Ringan', 10000, 'dr umum'),
(99, 'Evakuasi Corpus Alienum Sedang', 15000, 'dr umum'),
(100, 'Evakuasi Corpus Alienum Berat', 20000, 'dr umum'),
(101, 'Jahitan Luka 3-10 Jahitan', 20000, 'dr umum'),
(182, 'SC,MOW III', 1000000, 'dr spesialis'),
(183, 'psg IUD', 100000, 'dr spesialis'),
(103, 'Angkat Jahitan 1-3 jahitan', 5000, 'dr umum'),
(193, 'kuret kl I', 400000, 'dr spesialis'),
(104, 'Angkat Jahitan 3-10 jahitan', 10000, 'dr umum'),
(192, 'SC kl II', 1000000, 'dr spesialis'),
(105, 'Angkat Jahitan Lebih dari 10 jahitan', 15000, 'dr umum'),
(106, 'pijat bayi', 10000, 'Karyawan'),
(107, 'senam hamil', 5000, 'Karyawan'),
(108, 'Mengkafani', 25000, 'Karyawan'),
(118, 'Jaga Malam/Tgl Merah', 50000, 'dr umum'),
(111, 'Asisten Umum Operasi (Andri)', 30000, 'Karyawan'),
(112, 'jasa konsumsi operasi', 1500, 'Karyawan'),
(113, 'Nebulisasi (dr umum)', 7500, 'dr umum'),
(188, 'Visite Sp III', 17500, 'dr spesialis'),
(119, 'Visite Kl III', 8750, 'dr umum'),
(117, 'Jaga Pagi/Sore', 40000, ''),
(120, 'Visite Kl II', 10000, 'dr umum'),
(121, 'Visite Kl I', 12500, 'dr umum'),
(122, 'Visite Kl VIP', 15000, 'dr umum'),
(123, 'Visite Kl VVIP', 17500, 'dr umum'),
(124, 'GV', 6500, 'dr umum'),
(125, 'Konsultasi gratis', 5000, 'dr umum'),
(126, 'pre medikasi', 1000, 'Karyawan'),
(127, 'cabut akar', 3000, 'Karyawan'),
(128, 'scalling A & B', 5000, 'Karyawan'),
(129, 'scalling C', 6000, 'Karyawan'),
(130, 'SIK klas 1-4', 3000, 'Karyawan'),
(131, 'SIK klas 5', 2000, 'Karyawan'),
(132, 'Tambal Sementara', 1000, 'Karyawan'),
(133, 'Explorasi/Rwt Luka Iod', 1000, 'Karyawan'),
(134, 'cabut gigi seri & taring', 2000, 'Karyawan'),
(135, 'cabut gigi pre molar', 3000, 'Karyawan'),
(136, 'cabut gigi molar 1 & 2', 4000, 'Karyawan'),
(137, 'cabut gigi molar 3', 5000, 'Karyawan'),
(138, 'odontektomi', 10000, 'Karyawan'),
(139, 'kontrol ortho', 3000, 'Karyawan'),
(140, '3-mix', 2000, 'Karyawan'),
(141, 'Grinding', 2000, 'Karyawan'),
(142, 'devitalisasi', 3000, 'Karyawan'),
(143, 'insersi ortho', 20000, 'Karyawan'),
(144, 'Cetak Gigi', 3000, 'Karyawan'),
(145, 'Tambal Laser RK kl I-III,V', 3000, 'Karyawan'),
(146, 'Tambal Laser RK kl IV', 5000, 'Karyawan'),
(147, 'Insersi Gigi Tiruan', 4000, 'Karyawan'),
(148, 'Trepanasi', 2000, 'Karyawan'),
(149, 'Buka Jahitan (gigi)', 2000, 'Karyawan'),
(150, 'Preparasi', 2000, 'Karyawan'),
(151, 'Tindakan Ringan', 2000, 'Karyawan'),
(152, 'Tindakan Sedang', 3500, 'Karyawan'),
(153, 'Tindakan Berat', 5000, 'Karyawan'),
(154, 'scalling 1 rahang', 3000, 'Karyawan'),
(155, 'SKM', 5000, 'dr umum'),
(156, 'anestesi SC-E VIP', 800000, 'dr spesialis'),
(157, 'anestesi SC kl III', 400000, 'dr spesialis'),
(168, 'anestesi SC kl II', 500000, 'dr spesialis'),
(334, 'anestesi SC ODC', 400000, 'dr spesialis'),
(160, 'anestesi SC-E kl III', 500000, 'dr spesialis'),
(161, 'anestesi SC, MOW kl III', 500000, 'dr spesialis'),
(162, 'anestesi SC-E kl I', 700000, 'dr spesialis'),
(163, 'anestesi SC-E kl II', 600000, 'dr spesialis'),
(164, 'anestesi SC kl I', 600000, 'dr spesialis'),
(165, 'anestesi kuret', 200000, 'dr spesialis'),
(167, 'anestesi SC VIP', 700000, 'dr spesialis'),
(169, 'kuret kl III', 300000, 'dr spesialis'),
(170, 'kuret VIP', 500000, 'dr spesialis'),
(171, 'partus sp I', 500000, 'dr spesialis'),
(172, 'partus sp III', 250000, 'dr spesialis'),
(173, 'partus sp II', 350000, 'dr spesialis'),
(174, 'kuret VVIP', 600000, 'dr spesialis'),
(175, 'kuret dg bius kl III', 400000, 'dr spesialis'),
(176, 'partus sp VIP', 650000, 'dr spesialis'),
(177, 'SC-E kl III', 900000, 'dr spesialis'),
(178, 'SC kl III', 800000, 'dr spesialis'),
(335, 'kuret & pengambilan kelenjar bartolini ODC', 400000, 'dr spesialis'),
(180, 'kuret kl II', 350000, 'dr spesialis'),
(196, 'USG TV Ranap', 25000, 'dr spesialis'),
(197, 'pasien poli emgcy', 40000, 'dr spesialis'),
(198, 'IB', 700000, 'dr spesialis'),
(407, 'Injeksi Vaksin SpA', 10000, 'dr spesialis'),
(200, 'periksa gyn', 35000, 'dr spesialis'),
(201, 'pasien poli SpB', 50000, 'dr spesialis'),
(399, 'Anestesi MOW I', 350000, 'dr spesialis'),
(333, 'Partus sp vvip', 750000, 'dr spesialis'),
(205, 'partus dr,bdn  II', 300000, 'dr spesialis'),
(206, 'SC-E kl I', 1300000, 'dr spesialis'),
(207, 'kuret,ekstraksi IUD kl III', 365000, 'dr spesialis'),
(208, 'SC-E kl VVIP', 1700000, 'dr spesialis'),
(209, 'SC-E kl VIP', 1500000, 'dr spesialis'),
(210, 'KET kl I', 1200000, 'dr spesialis'),
(211, 'partus tnp hecting II', 300000, 'dr spesialis'),
(212, 'partus tnp hecting III', 200000, 'dr spesialis'),
(213, 'SIS', 100000, 'dr spesialis'),
(214, 'Pap smear', 50000, 'dr spesialis'),
(215, 'aff IUD Spesialis', 65000, 'dr spesialis'),
(216, 'Tampon hidung', 6000, 'dr umum'),
(217, 'Injeksi i.m. (Klaim)', 2500, 'dr umum'),
(218, 'Konsultasi Shift Pagi/Siang (Klaim)', 5000, 'dr umum'),
(219, 'Jaga Pagi/Siang', 40000, 'dr umum'),
(220, 'Jaga Pagi/Siang (dr. Lily)', 20000, 'dr umum'),
(221, 'kuret ODC', 300000, 'dr spesialis'),
(223, 'Partus tnp hecting I', 450000, 'dr spesialis'),
(224, 'Partus tnp hecting Vip', 550000, 'dr spesialis'),
(225, 'Partus tnp hecting Vvip', 650000, 'dr spesialis'),
(226, 'SC,MOW II', 1200000, 'dr spesialis'),
(227, 'SC,MOW vip', 1400000, 'dr spesialis'),
(228, 'SC,MOW vvip', 1800000, 'dr spesialis'),
(229, 'Anestesi SC vvip', 800000, 'dr spesialis'),
(230, 'Anestesi SC-E vvip', 900000, 'dr spesialis'),
(231, 'Partus sp,M.plasenta I', 600000, 'dr spesialis'),
(232, 'Visite dr SpPD', 50000, 'dr spesialis'),
(233, 'konsul dr III', 10000, 'dr spesialis'),
(234, 'Konsul dr II', 12500, 'dr spesialis'),
(235, 'Konsul dr I', 15000, 'dr spesialis'),
(236, 'Konsul dr vip', 20000, 'dr spesialis'),
(237, 'Konsul dr vvip', 25000, 'dr spesialis'),
(238, 'Partus VE I', 600000, 'dr spesialis'),
(239, 'Partus VE III', 300000, 'dr spesialis'),
(240, 'Partus VE vip', 750000, 'dr spesialis'),
(241, 'Partus VE vvip', 850000, 'dr spesialis'),
(242, 'Res BBL SC III', 150000, 'dr spesialis'),
(243, 'Res BBL SC II', 175000, 'dr spesialis'),
(244, 'Res BBL SC I', 200000, 'dr spesialis'),
(245, 'Res BBL SC vip', 225000, 'dr spesialis'),
(246, 'Res BBL SC vvip', 250000, 'dr spesialis'),
(247, 'Res BBL SC ODC', 150000, ''),
(249, 'Res BBL SCE', 250000, 'dr spesialis'),
(250, 'Res BBL sp III', 75000, 'dr spesialis'),
(251, 'Res BBL sp II', 100000, 'dr spesialis'),
(252, 'Res BBL sp I', 125000, 'dr spesialis'),
(255, 'Res BBL sp vip', 150000, 'dr spesialis'),
(254, 'Res BBL sp vvip', 175000, 'dr spesialis'),
(256, 'SC ODC', 800000, 'dr spesialis'),
(257, 'SCE ODC', 800000, 'dr spesialis'),
(258, 'Anestesi SCE ODC', 400000, 'dr spesialis'),
(259, 'Res BBL SCE ODC', 150000, 'dr spesialis'),
(260, 'Kuret & ekstirpasi polip I', 500000, 'dr spesialis'),
(261, 'Kuret & ekstirpasi polip II', 450000, 'dr spesialis'),
(262, 'Kuret & ekstirpasi polip III', 400000, 'dr spesialis'),
(263, 'Kuret & ekstirpasi polip ODC', 400000, 'dr spesialis'),
(264, 'Kuret & ekstirpasi polip vip', 600000, 'dr spesialis'),
(265, 'Kuret & ekstirpasi polip vvip', 700000, 'dr spesialis'),
(266, 'Ekstirpasi polip servix ODC', 300000, 'dr spesialis'),
(267, 'Ekstirpasi polip servix III', 300000, 'dr spesialis'),
(268, 'Ekstirpasi polip servix II', 350000, 'dr spesialis'),
(269, 'Ekstirpasi polip servix I', 400000, 'dr spesialis'),
(270, 'Ekstirpasi polip servix vip', 450000, 'dr spesialis'),
(271, 'Ekstirpasi polip servix vvip', 500000, 'dr spesialis'),
(272, 'Histerektomy ODC', 1300000, 'dr spesialis'),
(273, 'Histerektomy III', 1300000, 'dr spesialis'),
(274, 'Histerektomy II', 1500000, 'dr spesialis'),
(275, 'Histerektomy I', 1800000, 'dr spesialis'),
(276, 'Histerektomy vip', 2000000, 'dr spesialis'),
(277, 'Histerektomy vvip', 2200000, 'dr spesialis'),
(278, 'Anestesi Histerek ODC', 500000, 'dr spesialis'),
(279, 'Anestesi Histerek III', 500000, 'dr spesialis'),
(280, 'Anestesi Histerek II', 600000, 'dr spesialis'),
(281, 'Anestesi Histerek I', 700000, 'dr spesialis'),
(282, 'Anestesi Histerek vip', 800000, 'dr spesialis'),
(283, 'Anestesi Histerek vvip', 900000, 'dr spesialis'),
(284, 'SC-E II', 1100000, 'dr spesialis'),
(285, 'SC vvip', 1600000, 'dr spesialis'),
(406, 'Pasien poli Sp.D RJ', 50000, 'dr spesialis'),
(288, 'Kistektomy ODC', 900000, 'dr spesialis'),
(289, 'Kistektomy III', 900000, 'dr spesialis'),
(290, 'Kistektomy II', 1100000, 'dr spesialis'),
(291, 'Kistektomy I', 1300000, 'dr spesialis'),
(293, 'Kistektomy vip', 1500000, 'dr spesialis'),
(294, 'Kistektomy vvip', 1700000, 'dr spesialis'),
(295, 'Anestesi kistektomy ODC', 400000, 'dr spesialis'),
(296, 'Anestesi kistektomy III', 400000, 'dr spesialis'),
(297, 'Anestesi kistektomy II', 500000, 'dr spesialis'),
(298, 'Anestesi kistektomy I', 600000, 'dr spesialis'),
(299, 'Anestesi kistektomy vip', 700000, 'dr spesialis'),
(300, 'Anestesi kistektomy vvip', 800000, 'dr spesialis'),
(388, 'Sirkumsisi dr bedah 3', 450000, 'dr spesialis'),
(383, 'Insisi mamae VK II', 350000, 'dr spesialis'),
(384, 'Insisi mamae VK I', 400000, 'dr spesialis'),
(385, 'Insisi mamae VK vip', 500000, 'dr spesialis'),
(386, 'Insisi mamae VK Vvip', 500000, 'dr spesialis'),
(387, 'Nail extraction', 20000, 'dr umum'),
(380, 'Tindakan Ringan Sekali', 1000, 'Karyawan'),
(389, 'Anestesi sirkumsisi bedah 3', 200000, 'dr spesialis'),
(382, 'Insisi mamae VK III', 300000, 'dr spesialis'),
(381, 'Insisi Mamae ODC', 300000, 'dr spesialis'),
(313, 'Res BBL VE III', 75000, 'dr spesialis'),
(314, 'Res BBL VE II', 100000, 'dr spesialis'),
(315, 'Res BBL VE I', 125000, 'dr spesialis'),
(316, 'Res BBL VE vip', 150000, 'dr spesialis'),
(317, 'Res BBL VE vvip', 175000, 'dr spesialis'),
(318, 'Re hecting', 150000, 'dr spesialis'),
(319, 'Res BBL SC ODC-VTP', 175000, 'dr spesialis'),
(320, 'Px dr SpKK', 50000, 'dr spesialis'),
(321, 'Kalporafi /perineoplasti ODC', 350000, 'dr spesialis'),
(322, 'Anestesi Kalporafi', 200000, 'dr spesialis'),
(323, 'Terapy spesilais Anak III', 35000, 'dr spesialis'),
(324, 'Terapy spesilais Anak II', 35000, 'dr spesialis'),
(325, 'Terapy spesilais Anak I', 50000, 'dr spesialis'),
(326, 'Terapy spesilais Anak vip', 75000, 'dr spesialis'),
(327, 'Terapy spesilais Anak vvip', 100000, 'dr spesialis'),
(328, 'anestesi SC,MOW vip', 800000, 'dr spesialis'),
(329, 'anestesi SC,MOW vvip', 900000, 'dr spesialis'),
(330, 'anestesi SC,MOW I', 700000, 'dr spesialis'),
(331, 'anestesi SC,MOW II', 600000, 'dr spesialis'),
(332, 'anestesi SC,MOW ODC', 500000, 'dr spesialis'),
(336, 'tambahan laparaskopy RSS II', 300000, 'dr spesialis'),
(337, 'tambahan laparaskopy RSS III', 200000, 'dr spesialis'),
(338, 'tambahan laparaskopy RSS I', 400000, 'dr spesialis'),
(339, 'tambahan laparaskopy RSS vip', 500000, 'dr spesialis'),
(340, 'tambahan laparaskopy RSS vvip', 600000, 'dr spesialis'),
(341, 'SC TDC', 800000, 'dr spesialis'),
(342, 'Anestesi SC TDC', 400000, 'dr spesialis'),
(343, 'kuret & anestesi vvip', 700000, 'dr spesialis'),
(344, 'MOW & kuret I', 700000, 'dr spesialis'),
(345, 'Partus dr bidan I', 450000, 'dr spesialis'),
(346, 'SC gemeli III', 1000000, 'dr spesialis'),
(348, 'Anestesi SC gemeli III', 500000, 'dr spesialis'),
(349, 'Visit KBY/III', 17500, 'dr spesialis'),
(350, 'SC gemeli vvip', 1800000, 'dr spesialis'),
(351, 'Anestesi SC gemeli vvip', 900000, 'dr spesialis'),
(352, 'Res BBL SC E vvip', 275000, 'dr spesialis'),
(354, 'Partus dr bdn,M.plasenta III', 300000, 'dr spesialis'),
(355, 'Partus dr bdn III', 200000, 'dr spesialis'),
(357, 'Partus,m.plas,kuret,histerotomi,histerorafi I', 1400000, 'dr spesialis'),
(358, 'Anestesi Histerotomi,kalporafi I', 350000, 'dr spesialis'),
(359, 'cross insisi', 10000, 'dr umum'),
(360, 'Visit dr Sp.Kk', 50000, 'dr spesialis'),
(363, 'Partus & kuret I', 600000, 'dr spesialis'),
(362, 'Partus & kuret dg bius I', 700000, 'dr spesialis'),
(364, 'scalling D & E', 7000, 'Karyawan'),
(365, 'insersi ortho RA atau RB saja', 10000, 'Karyawan'),
(366, 'SCE II (50%)', 550000, 'dr spesialis'),
(367, 'Anestesi insisi mamae', 200000, 'dr spesialis'),
(368, 'Op.insisi mamae vvip', 1000000, 'dr spesialis'),
(369, 'Op.insisi mamae vip', 900000, 'dr spesialis'),
(370, 'Op.insisi mamae I', 800000, 'dr spesialis'),
(371, 'Op.insisi mamae II', 700000, 'dr spesialis'),
(372, 'Op.insisi mamae III', 600000, 'dr spesialis'),
(373, 'Op.insisi mamae ODC', 600000, 'dr spesialis'),
(374, 'Anestesi op.insisi mamae vvip', 500000, 'dr spesialis'),
(375, 'Anestesi op.insisi mamae vip', 450000, 'dr spesialis'),
(376, 'Anestesi op.insisi mamae I', 400000, 'dr spesialis'),
(377, 'Anestesi op.insisi mamae II', 350000, 'dr spesialis'),
(378, 'Anestesi op.insisi mamae III', 300000, 'dr spesialis'),
(379, 'Anestesi op.insisi mamae ODC', 300000, 'dr spesialis'),
(390, 'Sirkumsisi dr bedah 2', 500000, 'dr spesialis'),
(391, 'Anestesi sirkumsisi bedah 2', 250000, 'dr spesialis'),
(392, 'Anestesi sirkumsisi bedah 1', 275000, 'dr spesialis'),
(393, 'Anestesi sirkumsisi bedah vip', 300000, 'dr spesialis'),
(394, 'Anestesi sirkumsisi bedahv vip', 350000, 'dr spesialis'),
(395, 'Sirkumsisi dr bedah vip', 600000, 'dr spesialis'),
(396, 'Sirkumsisi dr bedah vvip', 700000, 'dr spesialis'),
(397, 'Sirkumsisi dr bedah 1', 550000, 'dr spesialis'),
(400, 'USG 4D', 100000, 'dr spesialis'),
(401, 'Insisi Mamae RJ', 150000, 'dr spesialis'),
(403, 'Psg Implant RJ', 100000, 'dr spesialis'),
(404, 'Pasien Poli Androlog RJ', 51000, 'dr spesialis'),
(405, 'IB dr Androlog', 300000, 'dr spesialis'),
(408, 'Injeksi Vaksin BCG', 15000, 'dr spesialis'),
(409, 'Nebulizer', 5000, 'dr spesialis'),
(410, 'Incisi abses ringan', 10000, 'dr umum'),
(411, 'Resusitasi VTP', 12500, 'dr umum'),
(412, 'Jahitan Luka 1 - 3 (Klaim)', 7500, 'dr umum'),
(413, 'Ganti Tampon', 7000, 'dr umum'),
(414, 'Eksisi ringan', 15000, 'dr umum'),
(415, 'Eksisi sedang', 25000, 'dr umum'),
(416, 'Eksisi berat', 35000, 'dr umum'),
(417, 'Incisi abses sedang', 20000, 'dr umum'),
(418, 'Tindik telinga', 10000, 'dr umum'),
(419, 'eksplorasi plasenta', 50000, 'Karyawan'),
(420, 'Pasang NGT / cuci lambung', 10000, 'dr umum'),
(421, 'insisi ringan', 10000, 'dr umum'),
(423, 'insisi sedang', 20000, 'dr umum'),
(424, 'insisi berat', 30000, 'dr umum'),
(425, 'bius (assisten anestesi)', 180000, 'Karyawan');

-- --------------------------------------------------------

--
-- Table structure for table `master_tunjangan_bulanan`
--

CREATE TABLE IF NOT EXISTS `master_tunjangan_bulanan` (
  `id` int(11) NOT NULL AUTO_INCREMENT,
  `nama` varchar(40) NOT NULL,
  `tnj` double NOT NULL,
  PRIMARY KEY (`id`)
) ENGINE=MyISAM  DEFAULT CHARSET=latin1 AUTO_INCREMENT=18 ;

--
-- Dumping data for table `master_tunjangan_bulanan`
--

INSERT INTO `master_tunjangan_bulanan` (`id`, `nama`, `tnj`) VALUES
(1, 'Tunjangan Transport', 100000),
(2, 'Tunjangan Koordinator', 250000),
(3, 'Tunjangan PJ Unit', 200000),
(4, 'Tunjangan PJ Driver', 50000),
(5, 'Tunjangan Anggota komite medis paramedis', 250000),
(6, 'Tunjangan Anggota komite medis dr.umum', 500000),
(7, 'Tunjangan PJ Humas', 150000),
(8, 'Ketua Komite Medis', 750000),
(9, 'Sekretaris Komite Medis', 500000),
(10, 'Tunjangan PJ Parkir', 50000),
(11, 'Tunjangan PJ Resepsionis', 50000),
(12, 'Tunjangan PJIGD', 150000),
(13, 'tunjangan PJ Dapur', 100000),
(14, 'Tunjangan Pengurus Yayasan', 3000000),
(15, 'Tunjangan PJ Administrasi', 175000),
(16, 'Tunjangan PJ Gigi', 50000),
(17, 'Tunjangan Dokter Tetap', 225000);

-- --------------------------------------------------------

--
-- Table structure for table `master_tunjangan_harian`
--

CREATE TABLE IF NOT EXISTS `master_tunjangan_harian` (
  `id` int(11) NOT NULL AUTO_INCREMENT,
  `nama` varchar(40) NOT NULL,
  `tnj` double NOT NULL,
  PRIMARY KEY (`id`)
) ENGINE=MyISAM  DEFAULT CHARSET=latin1 AUTO_INCREMENT=5 ;

--
-- Dumping data for table `master_tunjangan_harian`
--

INSERT INTO `master_tunjangan_harian` (`id`, `nama`, `tnj`) VALUES
(2, 'Tunjangan Makan', 5000),
(4, 'Tunjangan Makan Driver', 7500);

-- --------------------------------------------------------

--
-- Table structure for table `pegawai`
--

CREATE TABLE IF NOT EXISTS `pegawai` (
  `id` int(11) NOT NULL AUTO_INCREMENT,
  `nik` varchar(12) NOT NULL,
  `nama` varchar(50) NOT NULL,
  `jk` enum('Pria','Wanita') NOT NULL,
  `jbtn` varchar(25) NOT NULL,
  `jnj_jabatan` varchar(5) NOT NULL,
  `departemen` char(4) NOT NULL,
  `bidang` varchar(15) NOT NULL,
  `stts_wp` char(5) NOT NULL,
  `stts_kerja` char(3) NOT NULL,
  `npwp` varchar(15) NOT NULL,
  `pendidikan` varchar(80) NOT NULL,
  `gapok` double NOT NULL,
  `tmp_lahir` varchar(20) NOT NULL,
  `tgl_lahir` date NOT NULL,
  `alamat` varchar(50) NOT NULL,
  `kota` varchar(20) NOT NULL,
  `mulai_kerja` date NOT NULL,
  `ms_kerja` enum('<1','PT','FT>1') NOT NULL,
  `indexins` char(4) NOT NULL,
  `bpd` enum('Y','T') NOT NULL,
  `rekening` varchar(25) NOT NULL,
  `stts_aktif` enum('AKTIF','CUTI','KELUAR') NOT NULL,
  `wajibmasuk` tinyint(4) NOT NULL,
  `pengurang` double NOT NULL,
  `indek` tinyint(4) NOT NULL,
  `mulai_kontrak` date DEFAULT NULL,
  `cuti_diambil` int(11) NOT NULL,
  PRIMARY KEY (`id`),
  KEY `departemen` (`departemen`),
  KEY `bidang` (`bidang`),
  KEY `stts_wp` (`stts_wp`),
  KEY `stts_kerja` (`stts_kerja`),
  KEY `pendidikan` (`pendidikan`),
  KEY `indexins` (`indexins`),
  KEY `jnj_jabatan` (`jnj_jabatan`)
) ENGINE=MyISAM  DEFAULT CHARSET=latin1 AUTO_INCREMENT=261 ;

--
-- Dumping data for table `pegawai`
--

INSERT INTO `pegawai` (`id`, `nik`, `nama`, `jk`, `jbtn`, `jnj_jabatan`, `departemen`, `bidang`, `stts_wp`, `stts_kerja`, `npwp`, `pendidikan`, `gapok`, `tmp_lahir`, `tgl_lahir`, `alamat`, `kota`, `mulai_kerja`, `ms_kerja`, `indexins`, `bpd`, `rekening`, `stts_aktif`, `wajibmasuk`, `pengurang`, `indek`, `mulai_kontrak`, `cuti_diambil`) VALUES
(1, '20050001', 'Eka Andriyanto', 'Pria', 'Perawat Kamar Operasi', 'PLSN', 'KMO', 'Medis', 'TK/0', 'T', '-', 'D3 Medis (bidan, perawat, laboran)', 700000, 'Kulon Progo', '1982-04-16', 'Wiladek RT 04/17 wiladek Karangmojo', 'Kulon Progo', '2004-09-01', 'FT>1', 'RNP', 'Y', '006.211.015521', 'AKTIF', 22, 60, 0, '2004-09-01', 0),
(2, '20050002', 'Ninuk Sulistiawati', 'Wanita', 'Petugas Masak', 'PLSN', 'DPR', 'Non Medis', 'TK/0', 'T', '-', 'Eyang Ninuk', 530000, 'Blitar', '0000-00-00', 'Babarsari TB XVI no 13 B', 'Sleman', '2004-09-18', 'FT>1', 'DPR', 'T', '006.211.015519', 'AKTIF', -2, 50, 0, '2004-09-18', 0),
(4, '20050004', 'Tarismiyati', 'Wanita', 'Bidan Pj Kamar Operasi', 'PJBd', 'KMO', 'Medis', 'TK/0', 'T', '-', 'D1 Paramedis', 650000, '-', '0000-00-00', 'Jomboran Sidoarum Godean', 'Sleman', '2004-10-18', 'FT>1', 'RNP', 'Y', '006.211.015443', 'AKTIF', 22, 80, 2, '2004-10-18', 0),
(5, '20050005', 'Rini Astuti', 'Wanita', 'Ass. Pj. Keuangan', 'APJB', 'ADM', 'Manajemen', 'TK/0', 'T', '-', 'S1 Non Medis (accounting, keuangan)', 750000, 'Sleman', '2004-11-01', 'Babarsari TB 16/6 CT Depok', 'Sleman', '2004-11-01', 'FT>1', 'MNJ', 'Y', '006.211.015440', 'AKTIF', 0, 0, 0, '2004-11-01', 0),
(6, '20050006', 'Supri Nuryanti', 'Wanita', 'Bidan Kamar Bayi', 'PLSN', 'KBY', 'Medis', 'TK/0', 'T', '-', 'D1 Paramedis', 650000, '-', '0000-00-00', 'Kalongan M III/27 Maguwoharjo', 'Sleman', '2005-02-01', 'FT>1', 'KBY', 'Y', '006.211.015202', 'AKTIF', 22, 99, 0, '2005-02-01', 0),
(7, '20050007', 'Yayuk Supriyati', 'Wanita', 'Perawat Pj Kamar Bayi', 'PJBd', 'KBY', 'Medis', 'TK/0', 'T', '-', 'D3 Medis (bidan, perawat, laboran)', 700000, '-', '0000-00-00', 'Calukan RT 2/3 Sinduharjo Ngaglik', 'Sleman', '2005-03-07', 'FT>1', 'KBY', 'Y', '006.211.015450', 'AKTIF', 22, 0, 2, '2005-03-07', 0),
(8, '20050008', 'Sri Sulistiawati', 'Wanita', 'Petugas Masak', 'PLSN', '-', 'Non Medis', 'K/2', 'Poc', '-', 'SMA Pocokan', 450000, 'Solo', '0000-00-00', 'Babarsari TB 18 no 12', 'Sleman', '2005-04-01', '<1', 'PCK', 'T', '006.211.023891', 'KELUAR', -1, 0, 0, '2005-04-01', 7),
(9, '20050009', 'Nanang Muslihin', 'Pria', 'Instalasi Penunjang Mesis', 'PjBid', 'MNJ', 'Manajemen', 'K/2', 'T', '-', 'S1 Non Medis (fungsi koordinator)', 800000, 'Ciamis', '1981-09-15', 'Ngentak RT 7 Baturetno Banguntapan', 'Bantul', '2005-05-01', 'FT>1', 'MNJ', 'Y', '006.211.015430', 'AKTIF', 0, 90, 3, '2005-05-01', 0),
(10, '20050010', 'Ludang Laraswati', 'Wanita', 'Koordinator Bid Keperawat', 'KORB', 'RNP', 'Medis', 'K/1', 'T', '-', 'D3 Medis (bidan, perawat, laboran)', 700000, '-', '0000-00-00', 'Sempol RT 3/14 Jakal km 17 Pakem', 'Sleman', '2005-06-19', 'PT', 'RNP', 'Y', '006.211.015453', 'AKTIF', 22, 90, 3, '2005-06-19', 0),
(11, '20050011', 'Pardiyono', 'Pria', 'Pj TRNasi', 'PLSN', 'TRN', 'Non Medis', 'TK/0', 'T', '-', 'pardiyono', 570000, '-', '0000-00-00', 'Sermo Lor Hargowilis Kokap', 'Kulon Progo', '2005-06-26', 'PT', 'DRV', 'Y', '006.211.016327', 'AKTIF', 18, 0, 0, '2005-06-26', 0),
(12, '20050012', 'Sumaryo', 'Pria', 'Petugas PRK', 'PLSN', 'PRK', 'Non Medis', 'TK/0', 'T', '-', 'SMA', 450000, '-', '0000-00-00', 'Babarsari TB 17/22 Depok', 'Sleman', '2005-12-03', 'PT', 'PRK', 'Y', '006.211.024867', 'AKTIF', -2, 0, 0, '2005-12-03', 0),
(13, '20060013', 'Janu Eka Santi N.H', 'Wanita', 'Analis Pj LAB', 'PJBd', 'LAB', 'Medis', 'K/0', 'T', '-', 'D3 Medis (bidan, perawat, laboran)', 700000, 'Bantul', '0000-00-00', 'Samben Argomulyo Sedayu', 'Bantul', '2005-12-19', 'PT', 'LAB', 'Y', '006.211.015434', 'AKTIF', 22, 90, 2, '2005-12-19', 0),
(14, '20060014', 'Supingah', 'Wanita', 'Pramusaji', 'PLSN', 'DPR', 'Non Medis', 'K/3', 'T', '-', 'SMA', 450000, '-', '0000-00-00', 'Dengok IV RT 12/2 Dengok Playen', 'Gunungkidul', '2006-01-01', 'PT', 'DPR', 'Y', '006.211.015534', 'AKTIF', 23, 60, 0, '2006-01-01', 0),
(15, '20060015', 'Agus Tugiyono', 'Pria', 'Pj Security', 'PJBU', 'SAT', 'Non Medis', 'TK/0', 'T', '-', 'SLTP (Agus)', 530000, 'Bantul', '0000-00-00', 'Kudusan 4/1 Jagalan Banguntapan', 'Yogyakarta', '2006-01-08', 'FT>1', 'SAT', 'Y', '006.211.015432', 'AKTIF', 24, 60, 0, '2006-01-08', 0),
(16, '20060016', 'Dwi Astutik', 'Wanita', 'Perawat Kamar Bayi', 'PLSN', 'KBY', 'Medis', 'TK/0', 'T', '-', 'D3 Medis (bidan, perawat, laboran)', 700000, '-', '0000-00-00', 'Niten Jl RT 6/25 No.  200', 'Bantul', '2006-02-01', 'FT>1', 'KBY', 'Y', '030211003395', 'AKTIF', 22, 0, 0, '2006-02-01', 2),
(17, '20060017', 'Rub Sumadi', 'Wanita', 'Petugas Masak', 'PLSN', 'DPR', 'Non Medis', 'TK/0', 'T', '-', 'SMA', 450000, '-', '0000-00-00', 'Babarsari TB 17/24 E', 'Sleman', '2006-02-25', 'FT>1', 'DPR', 'Y', '006.211.015522', 'AKTIF', -2, 60, 0, '2006-02-25', 0),
(18, '20060018', 'Dwi Sulistyani', 'Wanita', 'Bidan Pj RNP', 'PLSN', 'RNP', 'Medis', 'TK/0', 'T', '-', 'D3 Medis (bidan, perawat, laboran)', 700000, 'Sukoharjo', '0000-00-00', 'Karangasem Kateguhan Tawangsari Sukoharjo', 'Surakarta', '2006-03-01', 'FT>1', 'RNP', 'Y', '006.211.016119', 'AKTIF', 22, 35, 2, '2006-03-01', 0),
(19, '20060019', 'Winanti', 'Wanita', 'Analis Kesehatan', 'PLSN', 'LAB', 'Medis', 'TK/0', 'PT', '-', 'D3 Medis Part Time', 25000, '-', '0000-00-00', 'Bonosoro Bumirejo Lendah', 'Kulon Progo', '2006-04-01', 'PT', 'LAB', 'Y', '006.211.015512', 'AKTIF', -1, 50, 0, '2006-04-01', 0),
(20, '20060020', 'Ai Yani Cucu Heryani', 'Wanita', 'Bidan RNP', 'PLSN', 'RNP', 'Medis', 'TK/0', 'T', '-', 'D3 Medis (bidan, perawat, laboran)', 700000, 'Tasikmalaya', '0000-00-00', 'Jl. Ampera no 87 RT 4/08 Sukamaju 2 Tasikmalaya', 'Bantul', '2006-04-01', 'FT>1', 'RNP', 'Y', '006.211.015517', 'AKTIF', 22, 90, 0, '2006-04-01', 0),
(21, '20060021', 'Riris Wahyu W', 'Wanita', 'Bidan RNP', 'PLSN', 'RNP', 'Medis', 'TK/0', 'PT', '-', 'D3 Medis Part Time', 25000, 'Bantul', '0000-00-00', 'Sawo Dk Ngentak Rt 14 Sumberagung Jetis', 'Kotagede', '2006-08-01', 'PT', 'RNP', 'Y', '006.211.015451', 'AKTIF', -1, 70, 0, '2006-08-01', 0),
(22, '20060022', 'Ambar Sugiyanti', 'Wanita', 'Kasir', 'PLSN', 'KSR', 'Non Medis', 'TK/0', 'T', '-', 'D3 Non Medis (administrativ/RM/skretariatan)', 650000, '-', '0000-00-00', 'Kulon Progo', 'Kulon Progo', '2006-08-08', 'FT>1', 'KSR', 'Y', '006.211.015448', 'AKTIF', 0, 0, 0, '2006-08-08', 0),
(23, '20060023', 'Yeni Ratnasari', 'Wanita', 'Bidan RNP', 'PLSN', 'RNP', 'Medis', 'TK/0', 'PT', '-', 'D3 Medis Part Time', 25000, '-', '0000-00-00', 'Pangonan Deyangan Mertoyudan', 'Magelang', '2006-09-01', 'PT', 'RNP', 'Y', '006.211.015516', 'AKTIF', -1, 70, 0, '2006-09-01', 0),
(25, '20070025', 'Sumilah', 'Wanita', 'Pramusaji', 'PLSN', 'DPR', 'Non Medis', 'TK/0', 'T', '-', 'SMA', 450000, 'Bantul', '0000-00-00', 'Tlogowono RT 05/05 Tegaltirto berbah', 'Yogyakarta', '2006-10-19', '<1', 'DPR', 'Y', '006.211.015518', 'AKTIF', 23, 60, 0, '2006-10-19', 0),
(201, '-', 'Kristiyani', 'Wanita', 'Perawat Anestesi', '-', '-', '-', '-', '-', '-', '-', 0, '-', '0000-00-00', '-', '-', '0000-00-00', '<1', 'PCK', 'T', '-', 'AKTIF', -1, 0, 0, '0000-00-00', 0),
(27, '20070027', 'Evi Wahyuntari', 'Wanita', 'Bidan Pj Kamar Bersalin', 'PJBd', 'RNP', 'Medis', 'TK/0', 'T', '-', 'D3 Medis (bidan, perawat, laboran)', 700000, '-', '0000-00-00', 'Tegalgendu', 'Yogyakarta', '2007-01-10', 'FT>1', 'RNP', 'Y', '006.211.015509', 'AKTIF', 22, 90, 2, '2007-01-10', 0),
(28, '20070028', 'Rina Amalia Yanti', 'Wanita', 'Bidan RNP', 'PLSN', 'RNP', 'Medis', 'TK/0', 'T', '-', 'D3 Medis (bidan, perawat, laboran)', 700000, '-', '0000-00-00', 'Pulerejo Selomartani Kalasan', 'Sleman', '2007-01-10', 'FT>1', 'RNP', 'Y', '006.211.015695', 'AKTIF', 22, 90, 0, '2007-01-10', 0),
(29, '20070029', 'Siti Fajariyah', 'Wanita', 'Bidan RNP', 'PLSN', 'RNP', 'Medis', 'K/2', 'T', '-', 'D3 Medis (bidan, perawat, laboran)', 700000, 'Sleman', '0000-00-00', 'Pundung RT 08/27 Nogotirto Gamping', 'Klaten', '2007-03-26', 'FT>1', 'RNP', 'Y', '006.211.015524', 'AKTIF', 22, 90, 0, '2007-03-26', 0),
(30, '20070030', 'Karindu Aji', 'Pria', 'Ass. Apoteker', 'PLSN', 'FAR', 'Medis', 'TK/0', 'T', '-', 'Tenaga Non Pendidikan Farmasi (S1)', 600000, '-', '0000-00-00', 'Jl. Gaharu Barat Selatan IV/207', 'Semarang', '2007-04-01', 'FT>1', 'FAR', 'Y', '006.211.015525', 'AKTIF', 23, 0, 0, '2007-04-01', 0),
(31, '20070031', 'Pipit F Aribimo', 'Pria', 'Pengemudi', 'PLSN', 'TRN', 'Non Medis', 'TK/0', 'T', '-', 'SMU (Pipit)', 500000, '-', '0000-00-00', '-', 'Sleman', '2007-04-01', 'FT>1', 'PCK', 'Y', '006.211.022808', 'KELUAR', -1, 0, 0, '2007-04-01', 0),
(32, '20070032', 'Toni Priyadi', 'Pria', 'Security 1', 'PLSN', 'SAT', 'Non Medis', 'TK/0', 'PT', '-', 'SMP Part Time', 20000, '-', '0000-00-00', 'Pandeyan Srimulyo Piyungan', 'Sleman', '2007-05-29', 'PT', 'SAT', 'Y', '006.211.015433', 'AKTIF', -1, 0, 0, '2007-05-29', 0),
(33, '20070033', 'Yuniati', 'Wanita', 'Petugas Warung', 'PLSN', 'WRG', 'Non Medis', 'TK/0', 'T', '-', 'SMA', 450000, '-', '0000-00-00', '-', '-', '2007-07-01', 'FT>1', 'WRG', 'Y', '006.211.016120', 'CUTI', -1, 0, 0, '2007-07-01', 0),
(34, '20070034', 'Waginem', 'Wanita', 'Analis Kesehatan', 'PLSN', 'LAB', 'Medis', 'K/2', 'PT', '-', 'D3 Medis Part Time', 25000, '-', '0000-00-00', 'Jl. Prof Dr Soepomo UH IV/1058', 'Sleman', '2007-08-01', 'PT', 'LAB', 'Y', '006.211.015456', 'AKTIF', -1, 50, 0, '2007-08-01', 0),
(35, '20070035', 'Sabto Wihartono', 'Pria', 'driver', 'PLSN', 'DRV', 'Non Medis', 'TK/0', 'PT', '-', 'D3 Medis Part Time', 25000, '-', '0000-00-00', '-', '-', '2007-09-01', 'PT', 'DRV', 'Y', '006.211.015441', 'AKTIF', -1, 0, 0, '2007-09-01', 0),
(36, '20070036', 'Septi Nur Asfiah', 'Wanita', 'Kasir', 'PLSN', 'KSR', 'Non Medis', 'K/1', 'T', '-', 'D3 Non Medis (administrativ/RM/skretariatan)', 650000, '-', '0000-00-00', 'Dabag no 24 RT 3/27 CC Depok', 'Sleman', '2007-09-01', 'FT>1', 'KSR', 'Y', '006.211.016328', 'AKTIF', 0, 0, 0, '2007-09-01', 0),
(37, '20070037', 'Wardoyo', 'Pria', 'Humas', 'PLSN', 'MNJ', 'Non Medis', 'TK/0', 'T', '-', 'D3 Non Medis (administrativ/RM/skretariatan)', 650000, 'Klaten', '0000-00-00', 'karangasem 1/1 Sidomulyo pangasih', 'Sleman', '2007-11-01', 'PT', 'MNJ', 'Y', '006.211.015435', 'AKTIF', 0, 75, 0, '2007-11-01', 0),
(38, '20070038', 'Suciati', 'Wanita', 'Perawat Kamar Bayi', 'PLSN', 'KBY', 'Medis', 'K/2', 'T', '-', 'D3 Medis (bidan, perawat, laboran)', 700000, 'Klaten', '0000-00-00', 'Gendingan RT5/2 Tirtomartani kalasan', 'Sleman', '2007-11-05', 'FT>1', 'KBY', 'Y', '006.211.020958', 'AKTIF', 22, 90, 0, '2007-11-05', 0),
(39, '20080039', 'Rahmad', 'Pria', 'Petugas PRK', 'PLSN', 'PRK', 'Non Medis', 'K/1', 'T', '-', 'SMA', 450000, '-', '0000-00-00', '-', 'Sleman', '2007-12-05', 'FT>1', 'PRK', 'Y', '006.211.015442', 'AKTIF', -2, 0, 0, '2007-02-05', 4),
(40, '20080040', 'Andi Wibowo', 'Pria', 'Pj PRK', 'PLSN', 'PRK', 'Non Medis', 'TK/0', 'T', '-', 'SMP', 450000, 'Lampung', '0000-00-00', 'Babarsari TB 17 no 25 B Yogyakarta', 'Sleman', '2008-01-15', 'FT>1', 'PRK', 'Y', '006.211.015431', 'AKTIF', -2, 0, 0, '2008-01-05', 0),
(42, '20080042', 'Kuswanti', 'Wanita', 'Pj. Perawat Poli Anak', 'PLSN', 'RWJ', 'Medis', 'TK/0', 'T', '-', 'D3 Medis (bidan, perawat, laboran)', 650000, 'Batang', '0000-00-00', 'Gupit Sangubanyu Bawang Batang; Babarsari TB 16 no', 'Sleman', '2008-06-01', 'FT>1', 'POD', 'Y', '006.211.016121', 'AKTIF', 24, 0, 2, '2009-01-01', 0),
(43, '20080043', 'Tripuspita Setyowireti', 'Wanita', 'Direktur Dik Lit', 'DIRB', 'MNJ', 'Direksi', 'TK/0', 'T', '34.902.481.0-54', 'bu Ety', 1300000, 'Yogyakarta', '0000-00-00', 'Babarsari TB XVI no 13 B Caturtunggal Depok', 'Sleman', '2008-07-01', 'FT>1', 'DIR', 'T', '-', 'AKTIF', 0, 80, 7, '2008-07-01', 0),
(45, '20080045', 'Kilang Kurniawan', 'Pria', 'Kasir', 'PLSN', 'KSR', 'Non Medis', 'TK/0', 'FT', '-', 'D3 Non Medis Fungsi Pelayanan', 600000, 'Cilacap', '0000-00-00', 'Babarsari TB 18 no 5 Depok', 'Sleman', '2008-09-01', 'FT>1', 'KSR', 'Y', '006.211.019821', 'AKTIF', 0, 0, 0, '2008-09-01', 0),
(46, '20080046', 'Ida Ayu Kristina Waluyo', 'Wanita', 'Bidan RNP', 'PLSN', 'RNP', 'Medis', 'TK/0', 'T', '-', 'D3 Medis (bidan, perawat, laboran)', 650000, 'Klaten', '0000-00-00', 'Kedon RT 13/VI Palar Trucuk', 'Klaten', '2008-09-01', 'PT', 'RNP', 'Y', '006.211.024027', 'AKTIF', 22, 53.5, 0, '2008-12-01', 0),
(47, '20080047', 'Tri Wahyu Widayati', 'Wanita', 'Perawat Poli Anak', 'PLSN', 'RWJ', 'Medis', 'TK/0', 'CT', '-', 'D3 Medis (bidan, perawat, laboran)', 650000, 'Sleman', '0000-00-00', 'Jlapan RT 1/11 Pondokrejo Tempel', 'Sleman', '2008-09-01', 'FT>1', 'POD', 'Y', '006.211.016122', 'AKTIF', 22, 0, 0, '2009-01-01', 0),
(48, '20080048', 'Nanang Budi Prasetyo', 'Pria', 'Pengemudi', 'PLSN', 'TRN', 'Non Medis', 'TK/0', 'FT', '-', 'nanang budi', 500000, '-', '0000-00-00', '-', '-', '2008-09-01', '<1', 'DRV', 'Y', '006.211.016117', 'AKTIF', 18, 0, 0, '2008-09-01', 0),
(49, '20080049', 'Dyah Susilaningsih', 'Wanita', 'Perawat RNP', 'PLSN', 'RNP', 'Medis', 'TK/0', 'CT', '-', 'D3 Medis (bidan, perawat, laboran)', 650000, 'Sragen', '0000-00-00', 'Pringwulung 329, CC, Depok', 'Sleman', '2008-09-10', 'FT>1', 'RNP', 'Y', '006.211.019823', 'AKTIF', 22, 0, 0, '2009-01-01', 2),
(50, '20090050', 'Rosalia Arini Puji Astuti', 'Wanita', 'Perawat RNP', 'PLSN', 'RNP', 'Medis', 'TK/0', 'T', '-', 'D3 Medis (bidan, perawat, laboran)', 650000, 'Sleman', '0000-00-00', 'Sutan RT 2/24 Sendangsari Minggir', 'Sleman', '2008-09-10', 'FT>1', 'RNP', 'Y', '006.211.016114', 'AKTIF', 22, 0, 0, '2008-12-01', 2),
(51, '20090051', 'Sita Rahayu Yulianti', 'Wanita', 'Bidan RNP', 'PLSN', 'RNP', 'Medis', 'TK/0', 'CT', '-', 'D4 Medis Profesi (bidan, perawat, laboran)', 650000, 'Blora', '0000-00-00', 'Ds. Sumbeng RT 2 RW 02 Kec Todanan  58256', 'Blora', '2009-01-02', 'FT>1', 'RNP', 'Y', '006.211.020961', 'AKTIF', 22, 0, 0, '2009-04-01', 3),
(52, '20090052', 'Annisa Nur Apriani', 'Wanita', 'Bidan RNP', 'PLSN', 'RNP', 'Medis', 'TK/0', 'T', '-', 'D3 Medis (bidan, perawat, laboran)', 650000, 'Sleman', '1987-04-05', 'Ngrangsan Selomartani Kalasan', 'Sleman', '2009-01-09', 'PT', 'RNP', 'Y', '006.211.020959', 'AKTIF', 22, 0, 0, '2009-04-10', 0),
(53, '20090053', 'Titie Rindha Hidayati', 'Wanita', 'Staf Rekam Medis', 'PLSN', 'RM', 'Non Medis', 'TK/0', 'FT', '-', 'D1 (Rekam Medis)', 550000, 'Ngawi', '1988-08-11', 'Babarsari TB 17/12 Caturtunggal Depok', 'Sleman', '2009-01-12', 'FT>1', 'RM', 'Y', '006.211.023614', 'AKTIF', 0, 0, 0, '2010-06-04', 0),
(54, '20090054', 'Tyas Evita Sari', 'Wanita', 'Analis Kesehatan', 'PLSN', 'LAB', 'Medis', 'TK/0', 'T', '-', 'D3 Medis (bidan, perawat, laboran)', 650000, 'Bantul', '1986-11-05', 'Kurahan II Dk 08 RT 03 Murtigading Sanden', 'Bantul', '2009-01-19', 'PT', 'LAB', 'Y', '006.211.020957', 'AKTIF', 22, 0, 0, '2009-05-01', 0),
(55, '20090055', 'Sinung Rejeki', 'Wanita', 'Ass Pj Administrasi & SDM', 'PLSN', 'ADM', 'Manajemen', 'TK/0', 'FT', '-', 'S1 Non Medis (administrativ/skretariatan)', 650000, 'Kulon Progo', '1980-06-16', 'Klepu hargowilis Kokap', 'Kulon Progo', '2009-01-02', 'FT>1', 'MNJ', 'Y', '006.211.020962', 'AKTIF', 0, 0, 0, '2010-02-24', 3),
(57, '20090057', 'Haryanti', 'Wanita', 'Pramusaji', 'PLSN', 'DPR', 'Non Medis', 'TK/0', 'FT', '-', 'SMA', 450000, 'Bantul', '1983-06-25', 'Sorogenen Timbulharjo Sewon', 'Bantul', '2009-01-16', 'FT>1', 'DPR', 'Y', '006.211.022381', 'AKTIF', 23, 0, 0, '2009-05-17', 0),
(58, '20090058', 'Ernita Sulistiyawati', 'Wanita', 'Bidan RNP', 'PLSN', 'RNP', 'Medis', 'TK/0', 'FT', '-', 'D3 Medis (bidan, perawat, laboran)', 650000, 'Bantul', '0000-00-00', 'Babarsari TB 15 No 8 CT Depok', 'Sleman', '2009-03-06', '', 'RNP', 'Y', '006.211.022384', 'AKTIF', 22, 0, 0, '2009-06-07', 0),
(59, '20090059', 'Nur Rahmawati', 'Wanita', 'Bidan RNP', 'PLSN', 'RNP', 'Medis', 'TK/0', 'FT', '-', 'D3 Medis (bidan, perawat, laboran)', 650000, 'Jakarta', '1986-11-22', 'Kayen RT 4 RW 41 wedomartani Ngemplak', 'Sleman', '2009-05-12', 'FT>1', 'RNP', 'Y', '006.211.021892', 'AKTIF', 22, 0, 0, '2009-10-27', 0),
(60, '20090060', 'Yuliani', 'Wanita', 'Perawat RNP', 'PLSN', 'RNP', 'Medis', 'TK/0', 'FT', '-', 'D3 Medis (bidan, perawat, laboran)', 650000, 'Sleman', '1983-07-28', 'Mangunan Kalitirto Berbah', 'Sleman', '2009-05-12', 'FT>1', 'RNP', 'Y', '006.221.022829', 'AKTIF', 22, 0, 0, '2009-08-13', 0),
(61, '20090061', 'Dyan Tampi Rahayu', 'Wanita', 'Bidan RNP', 'PLSN', 'RNP', 'Medis', 'TK/0', 'FT', '-', 'D3 Medis (bidan, perawat, laboran)', 650000, 'Sleman', '0000-00-00', 'Daratan II RT 4 RW 04 Sendnag Arum Minggir', 'Sleman', '2009-05-12', '', 'RNP', 'Y', '006.211.020960', 'AKTIF', 22, 0, 0, '2009-08-13', 3),
(62, '20090062', 'Widiyanti Kurnia Jati', 'Wanita', 'Analis Kesehatan', 'PLSN', 'LAB', 'Medis', 'TK/0', 'PT', '-', 'D3 Medis Part Time', 25000, 'Sleman', '0000-00-00', 'Padasan RT 28 NO 29 Pakembinangun Pakem', 'Sleman', '2009-05-12', 'PT', 'LAB', 'Y', '006.211.020963', 'AKTIF', -1, 50, 0, '2009-08-13', 0),
(63, '20090063', 'Sri Wahyuni', 'Wanita', 'Petugas Warung', 'PLSN', 'WRG', 'Non Medis', 'TK/0', 'FT', '-', 'SMA', 450000, 'Ponorogo', '0000-00-00', 'Ambarukmo Blok III No 74', 'Sleman', '2009-06-25', 'FT>1', 'WRG', 'Y', '006.211.022391', 'AKTIF', 27, 0, 0, '2009-09-26', 0),
(65, '20090065', 'Anik Dwi Astutiningsih', 'Wanita', 'Bidan Ranap', 'PLSN', 'RNP', 'Medis', 'TK/0', 'FT', '-', 'D3 Medis (bidan, perawat, laboran)', 600000, 'Sleman', '0000-00-00', 'Kloposawit Firikerto ,Turi', 'Sleman', '2011-06-07', '<1', 'RNP', 'T', '-', 'AKTIF', 22, 0, 0, '2011-07-11', 0),
(66, '20090066', 'Wulan Sari Ayu Suryarini', 'Wanita', 'Bidan Poli Kebidanan', 'PLSN', 'RWJ', 'Medis', 'TK/0', '-', '-', '-', 25000, 'Sleman', '0000-00-00', 'Perum Soka Asri Permai B-12 Kadisoka Purwomartani', 'Sleman', '2009-07-13', 'PT', 'PCK', 'Y', '006.211.023259', 'KELUAR', -1, 0, 0, '2009-10-10', 0),
(67, '20090067', 'Imas Permatasari ', 'Wanita', 'Bidan RNP', 'PLSN', 'RNP', 'Medis', 'TK/0', 'FT', '-', 'D3 Medis (bidan, perawat, laboran)', 650000, 'Cilacap', '0000-00-00', 'Babakan RT 2 RW 14 Bantar Wanareja', 'Cilacap', '2009-08-03', '<1', 'RNP', 'Y', '006.211.022388', 'AKTIF', 22, 0, 0, '2009-10-27', 7),
(68, '20090068', 'Rochabella Rahmawati', 'Wanita', 'Bidan RNP', 'PLSN', 'RNP', 'Medis', 'TK/0', 'FT', '-', 'D3 Medis (bidan, perawat, laboran)', 650000, 'Gunung Kidul', '0000-00-00', 'Jl. Tentara Pelajar NO 82 RT 7 RW 05 Tegalmulyo Ke', 'Gunung Kidul', '2009-08-03', '<1', 'RNP', 'Y', '006.211.024161', 'AKTIF', 22, 0, 0, '2009-10-27', 4),
(69, '20090069', 'Indhah Putri Rusmala Dewi', 'Wanita', 'Bidan RNP', 'PLSN', 'RNP', 'Medis', 'TK/0', 'FT', '-', 'D3 Medis (bidan, perawat, laboran)', 650000, 'Sleman', '0000-00-00', 'Ngetal Margoagung Seyegan', 'Sleman', '2009-08-03', '<1', 'RNP', 'Y', '006.211.022802', 'AKTIF', 22, 0, 0, '2009-10-27', 0),
(70, '20090070', 'Bening Indah Sri Kuncari', 'Wanita', 'Perawat Kamar Bayi', 'PLSN', 'KBY', 'Medis', 'TK/0', 'FT', '-', 'D3 Medis (bidan, perawat, laboran)', 650000, 'Sleman', '0000-00-00', 'Pulerejo RT 1 RW 01 Bokoharjo Prambanan', 'Sleman', '2009-08-03', '<1', 'KBY', 'Y', '006.211.024369', 'AKTIF', 22, 0, 0, '2009-10-27', 0),
(71, '20090071', 'Ernawati', 'Wanita', 'Perawat Poli Anak', 'PLSN', 'RWJ', 'Medis', 'TK/0', 'FT', '-', 'S1 Medis Profesi (bidan, perawat, laboran)', 700000, 'Sleman', '0000-00-00', 'Jetis RT 1 RW 17 No. 08 Wdomartani', 'Sleman', '2009-08-03', '<1', 'POD', 'Y', '006.211.024152', 'AKTIF', 24, 90, 0, '2009-10-27', 0),
(72, '20090072', 'Indah Budi Utami', 'Wanita', 'Bidan RNP', 'PLSN', 'RNP', 'Medis', 'TK/0', 'FT', '-', 'D3 Medis (bidan, perawat, laboran)', 650000, 'Banyumas', '0000-00-00', 'Desa Tanggeran RT 3 RW I Kec Somagede', 'Banyumas', '2009-08-18', '<1', 'RNP', 'Y', '006.211.022377', 'AKTIF', 22, 0, 0, '2009-10-27', 0),
(73, '20090073', 'Joni', 'Pria', 'Security 3', 'PLSN', 'SAT', 'Non Medis', 'TK/0', 'PT', '-', 'SMA Non Medis Part Time', 20000, 'Bantul', '0000-00-00', 'Tobratan Wirokerten Rt 4 Banguntapan', 'Bantul', '2009-09-18', 'PT', 'SAT', 'Y', '006.211.022383', 'AKTIF', -1, 0, 0, '2009-12-22', 0),
(74, '20090074', 'Hengky Wibowo', 'Pria', 'Security 4', 'PLSN', 'SAT', 'Non Medis', 'TK/0', 'PT', '-', 'SMA Non Medis Part Time', 20000, 'Magelang', '0000-00-00', 'Jl Wahid Hasyim No. 36 A Pringgolayan', 'Sleman', '2009-09-18', 'PT', 'SAT', 'Y', '006.211.022382', 'AKTIF', -1, 0, 0, '2009-12-22', 0),
(75, '20090075', 'Siti Nurul Komariyah', 'Wanita', 'Ass Pj Accounting', 'APJB', 'ADM', 'Manajemen', 'TK/0', 'T', '-', 'D3 Non Medis (accounting, keuangan)', 650000, 'Banyuwangi', '1968-12-02', 'Ngadisuryan KT I/181 A', 'Yogyakarta', '2009-10-01', 'FT>1', 'MNJ', 'Y', '006.221.016671', 'AKTIF', 0, 0, 0, '2009-12-01', 0),
(76, '20090076', 'Beta Haninditya', 'Wanita', 'Apoteker Pengelola', 'KORB', 'FAR', 'Medis', 'TK/0', 'FT', '-', 'S1 Profesi Apt (pengelola)', 1250000, 'Yogyakarta', '0000-00-00', 'Krapyak Wetan RT 2 No 155 Panggungharjo Sewon', 'Bantul', '2009-10-06', '<1', 'FAR', 'Y', '006.211.022807', 'AKTIF', 0, 0, 2, '2009-10-26', 0),
(77, '20090077', 'Nur Isnaeniatul Jannah', 'Wanita', 'Apoteker Pendamping', 'PLSN', 'FAR', 'Medis', 'TK/0', 'FT', '-', 'S1 Profesi Apt (pendamping)', 1000000, 'Bandung', '0000-00-00', 'Jl Raya Barat NO 1157 Rt 14 RW 03 Karangampel Indr', 'Indramayu', '2009-10-06', '<1', 'FAR', 'Y', '006.211.022392', 'AKTIF', 23, 0, 1, '2009-10-26', 0),
(78, '20090078', 'Indri Candrawati', 'Wanita', 'Perawat Kamar Bayi', 'PLSN', 'KBY', 'Medis', 'TK/0', 'FT', '-', 'D3 Medis (bidan, perawat, laboran)', 650000, 'Pati', '0000-00-00', 'Ds. Dukutalit Rt 3 / II Juwana', 'Pati', '2009-11-02', '<1', 'KBY', 'Y', '006.211.025046', 'AKTIF', 22, 0, 0, '2010-02-01', 0),
(79, '20090079', 'Ayu Andrianingrum', 'Wanita', 'Room Service', 'PLSN', 'ROS', 'Non Medis', 'TK/0', 'FT', '-', 'D1 (Rekam Medis)', 550000, 'Klaten', '0000-00-00', 'Gaswangi RT 02 RW 2 Jabung Gantiwarno', 'Klaten', '2009-11-23', '<1', 'ROS', 'Y', '006.211.022380', 'AKTIF', -2, 0, 0, '2010-01-02', 0),
(80, '20090080', 'Eva Retna Sari', 'Wanita', 'Perawat Poli Kebidanan', 'PLSN', 'RWJ', 'Medis', 'TK/0', 'FT', '-', 'D1 Paramedis', 550000, 'Gunung Kidul', '0000-00-00', 'Poko, 05/10 Sidorejo Ponjong', 'Gunung Kidul', '2009-12-01', '<1', 'POM', 'Y', '006.211.024162', 'AKTIF', 24, 0, 0, '2009-12-01', 0),
(81, '20100081', 'Tri Hastutiningrum', 'Wanita', 'resepsionis', 'PLSN', 'CST', 'Non Medis', 'TK/0', 'FT', '-', 'D3 Non Medis Fungsi Pelayanan', 550000, 'Sleman', '0000-00-00', 'Rajek Wetan RT 3 RW 29 Tirtoadi Mlati', 'Sleman', '2009-12-21', 'FT>1', 'CST', 'Y', '006.211.022390', 'AKTIF', 0, 0, 0, '2010-01-22', 0),
(82, '20100082', 'Riska Yunida Prastiwi', 'Wanita', 'Pj GIZ', '-', 'DPR', 'Non Medis', 'TK/0', 'FT', '-', 'D3 Non Medis Fungsi Pelayanan', 600000, 'Sleman', '0000-00-00', 'Gancahan VII, Sidomulyo, Godean', 'Sleman', '2010-01-11', '<1', 'DPR', 'Y', '006.211.022389', 'AKTIF', 0, 90, 2, '2010-02-24', 0),
(83, '20100083', 'Dessi Nur Kusumahati', 'Wanita', 'Ass Apoteker', 'PLSN', 'FAR', 'Medis', 'TK/0', 'FT', '-', 'SMF', 500000, 'Sleman', '0000-00-00', 'Yogyakarta', 'Sleman', '2010-05-08', '<1', 'FAR', 'Y', '006.211.024149', 'AKTIF', 23, 0, 0, '2010-06-09', 0),
(84, '20100084', 'Rahma Pratidina', 'Wanita', 'Staf Administrasi', 'PLSN', 'ADM', 'Manajemen', 'TK/0', 'FT', '-', 'S1 Non Medis (administrativ/skretariatan)', 650000, 'Klaten', '0000-00-00', 'Jl Rajawali 188 Pringwulung, Condong Catur, Depok,', 'Sleman', '2010-05-17', '<1', 'MNJ', 'Y', '006.211.023261', 'AKTIF', 0, 0, 0, '2010-06-18', 0),
(85, '20100085', 'Shelly Sagita Putri', 'Wanita', 'Ass Apoteker', 'PLSN', 'FAR', 'Medis', 'TK/0', 'FT', '-', 'D3 Farmasi', 600000, 'Sleman', '0000-00-00', 'Gabahan RT 08 / RW 12, Sumberadi, Mlati', 'Sleman', '2010-05-27', '<1', 'FAR', 'Y', '006.211.023900', 'AKTIF', 23, 0, 0, '2010-05-10', 0),
(86, '20100086', 'Agnes Dwi Hastuti', 'Wanita', 'Room Service', 'PLSN', 'ROS', 'Non Medis', 'TK/0', 'FT', '-', 'D1 (Rekam Medis)', 550000, 'Kulon Progo', '0000-00-00', 'Jl Gadingan, RT 42 / 19 Wates', 'Kulon Progo', '2010-06-11', '<1', 'ROS', 'Y', '006.211.023616', 'AKTIF', -2, 0, 0, '2010-07-10', 0),
(202, '20110140', 'Dian Wijayanti', 'Wanita', 'Bidan Poli', '-', 'POM', 'Medis', 'TK/0', 'FT', '-', 'D3 Medis (bidan, perawat, laboran)', 0, 'Purworejo', '1988-08-27', 'Pangenjurutengah 002/002 Purworejo', 'Purworejo', '2011-11-02', '<1', 'POM', 'T', '-', 'AKTIF', 24, 0, 0, '2012-01-01', 0),
(90, '20100090', 'Lia Fitriyanti', 'Wanita', 'Perawat Kamar Bayi', 'PLSN', 'KBY', 'Medis', 'TK/0', 'FT', '-', 'D3 Medis (bidan, perawat, laboran)', 650000, 'Sleman', '0000-00-00', 'RT 01 / 01 Tundan, Purwomartani, Kalasan', 'Sleman', '2010-06-20', '<1', 'KBY', 'Y', '006.211.024153', 'AKTIF', 22, 0, 0, '2010-07-21', 0),
(196, '20110143', 'Belladina', 'Wanita', 'Perawat Poli Gigi', 'PLSN', 'POG', 'Medis', 'TK/0', 'FT', '-', 'D3 Medis (bidan, perawat, laboran)', 0, 'Yogyakarta', '1990-04-01', 'Yogyakarta', 'Yogyakarta', '2011-10-01', '<1', 'POG', 'T', '-', 'AKTIF', 24, 0, 0, '2012-01-02', 0),
(92, '20100092', 'Dian Wahyuningsih', 'Wanita', 'Resepsionis', 'PJSB', 'CST', 'Non Medis', 'TK/0', 'FT', '-', 'D3 Non Medis Fungsi Pelayanan', 550000, 'Karawang', '0000-00-00', 'Jl. Suryonegaran 20 A', 'Yogyakarta', '2010-06-26', 'FT>1', 'CST', 'Y', '006.211.024151', 'AKTIF', 0, 0, 0, '2010-08-13', 0),
(223, '-', 'Kiki Amelia', 'Wanita', 'Bidan Poli', 'PLSN', 'POM', 'Medis', 'TK/0', 'Or', '-', 'D3 Medis Orientasi', 0, 'Bojonegoro', '1989-12-12', 'Mranggen Kidul RT 08 RW 27 No.103 Sinduadi Mlati S', 'Yogyakarta', '2011-12-22', '<1', 'PCK', 'T', '-', 'KELUAR', 22, 0, 0, '0000-00-00', 0),
(94, '20100094', 'Agus Susilowati', 'Wanita', 'Perawat Kamar Bayi', 'PLSN', 'KBY', 'Medis', 'TK/0', 'FT', '-', 'D3 Medis (bidan, perawat, laboran)', 600000, 'Purworejo', '0000-00-00', 'Yonif 403 / WP, Jl Kaliurang km6,5 Kentungan Condo', 'Sleman', '2010-07-02', '<1', 'KBY', 'Y', '006.211.024165', 'AKTIF', 22, 0, 0, '2010-09-01', 0),
(98, '20100097', 'Sugiman', 'Pria', 'Petugas Taman', 'PLSN', 'PRK', 'Non Medis', 'TK/0', 'Poc', '-', 'SMP Part Time', 450000, 'Gunung Kidul', '0000-00-00', 'Menggoran II RT 74 / RW 01, Bleberan Playen', 'Gunung Kidul', '0000-00-00', '<1', 'PCK', 'Y', '006.211.024371', 'KELUAR', -1, 0.1, 0, '0000-00-00', 0),
(99, '20100098', 'Kospa Mimiati', 'Wanita', 'Staff Rekam Medis', 'PLSN', 'RM', 'Non Medis', 'TK/0', 'FT', '-', 'D3 Non Medis (administrativ/RM/skretariatan)', 550000, 'Bengkulu', '0000-00-00', 'Rewulu Wetan RT 01 / RW 21, Godean', 'Sleman', '2010-08-03', '<1', 'RM', 'Y', '006.211.023613', 'AKTIF', 0, 0, 0, '2010-09-04', 0),
(100, '20100099', 'Dewi Hernawati', 'Wanita', 'Resepsionis', 'PLSN', 'CST', 'Non Medis', 'TK/0', 'FT', '-', 'D3 Non Medis (administrativ/RM/skretariatan)', 550000, 'Sleman', '0000-00-00', 'Nusupan RT 06 / RW 29 Trihanggo, Gamping', 'Sleman', '2010-08-17', '<1', 'CST', 'Y', '006.211.024158', 'AKTIF', 0, 0, 0, '2010-09-18', 0),
(194, '20110142', 'Bayu Heri Prayudha', 'Pria', 'Perawat Poli Gigi', 'PLSN', 'POG', 'Medis', 'TK/0', 'PT', '-', 'SMA Medis Part Time', 0, 'Yogyakarta', '0000-00-00', 'Yogyakarta', 'Yogyakarta', '2011-06-27', '<1', 'POG', 'T', '-', 'AKTIF', -1, 0, 0, '0000-00-00', 0),
(193, '20110141', 'Lely Estri Lufiana', 'Wanita', 'Perawat Poli Gigi', 'PLSN', 'POG', 'Medis', 'TK/0', 'PT', '-', 'SMA Medis Part Time', 0, 'Yogyakarta', '0000-00-00', 'Yogyakarta', 'Yogyakarta', '2011-06-27', '<1', 'POG', 'T', '-', 'AKTIF', -1, 0, 0, '0000-00-00', 0),
(105, '20100102', 'Ervika Yudisetya', 'Wanita', 'Petugas Masak', 'PLSN', 'DPR', 'Non Medis', 'TK/0', 'FT', '-', 'D3 Non Medis Fungsi Pelayanan', 550000, 'Jakarta', '0000-00-00', 'Perumahan Kasongan Permai, Jl.Janur Kuning No.12 A', 'Bantul', '2010-10-01', '<1', 'PCK', 'T', '006.211.024372', 'KELUAR', 0, 0, 0, '2011-02-01', 0),
(107, '20100104', 'Nurni Setyarini', 'Wanita', 'Resepsionis', 'PLSN', 'CST', 'Non Medis', 'TK/0', 'FT', '-', 'D3 Non Medis Fungsi Pelayanan', 550000, 'Bantul', '0000-00-00', 'Wanujoyo Lor, RT 01/10 Srimartani, Piyungan', 'Bantul', '2010-10-01', '<1', 'CST', 'Y', '006.211.024166', 'AKTIF', 0, 0, 0, '2010-11-02', 0),
(108, '20100105', 'Hery Kustini', 'Wanita', 'Resepsionis', 'PLSN', 'CST', 'Non Medis', 'TK/0', 'FT', '-', 'D3 Non Medis (administrativ/RM/skretariatan)', 550000, 'Kulon Progo', '0000-00-00', 'Kuwirun, Kulwaru, Wates', 'Kulon Progo', '2010-10-01', '<1', 'CST', 'Y', '006.211.024157', 'AKTIF', 0, 0, 0, '2010-11-02', 0),
(109, '20100106', 'Tri Mulatsih', 'Wanita', 'Resepsionis', 'PLSN', 'CST', 'Non Medis', 'TK/0', 'FT', '-', 'D3 Non Medis (administrativ/RM/skretariatan)', 550000, 'Yogyakarta', '0000-00-00', 'Gambiran UH 5 / 171 RT 036/009, Umbulharjo, Pandey', 'Yogyakarta', '2010-10-01', '<1', 'CST', 'Y', '006.211.024169', 'AKTIF', 0, 0, 0, '2010-11-02', 0),
(110, '20100107', 'Tika Zuningsih', 'Wanita', 'Bidan Poli Kebidanan', 'PLSN', 'RWJ', 'Medis', 'TK/0', 'FT', '-', 'D3 Medis (bidan, perawat, laboran)', 600000, 'Bantul', '0000-00-00', 'Wolosono, Kebon Agung, Imogiri', 'Bantul', '2010-10-15', '<1', 'POM', 'Y', '006.211.024156', 'AKTIF', 24, 0, 0, '2011-01-01', 0),
(203, '-', 'Tiwuk', 'Wanita', 'perawat operasi', '-', '-', '-', '-', '-', '-', '-', 0, '-', '0000-00-00', '-', '-', '0000-00-00', '<1', 'PCK', 'T', '-', 'AKTIF', -1, 0, 0, '0000-00-00', 0),
(204, '20110145', 'Nurrokhma Ratna Puspita', 'Wanita', 'Bidan RNP', 'PLSN', 'RNP', 'Medis', 'TK/0', 'FT', '-', 'D3 Medis (bidan, perawat, laboran)', 0, 'Guning Kidul', '1991-03-18', 'Janti XI RT 59 RW 21 Jatisarono, Nanggulan', 'Kulon Progo', '2011-10-20', '<1', 'RNP', 'Y', '006.221.026333', 'AKTIF', 22, 0, 0, '2011-12-01', 0),
(197, '20120153', 'dr. Betharossi Christina Wulandari', 'Wanita', 'Dokter Umum', 'PLSN', '-', '-', 'TK/0', '-', '-', 'Dokter Part Time', 0, '-', '0000-00-00', '-', '-', '0000-00-00', '<1', 'PCK', 'T', '-', 'AKTIF', 10, 0, 0, '2012-05-01', 0),
(198, '20110139', 'Erfin', 'Wanita', 'perawat poli anak', 'PLSN', 'POD', 'Medis', 'TK/0', 'FT', '-', 'D3 Medis (bidan, perawat, laboran)', 0, '-', '0000-00-00', '-', '-', '2011-10-01', '<1', 'POD', 'T', '-', 'AKTIF', 24, 50, 0, '2011-12-01', 0),
(113, '20100110', 'Wahyu Pertiwi', 'Wanita', 'Bidan RNP', 'PLSN', 'RNP', 'Medis', 'TK/0', 'FT', '-', 'D3 Medis (bidan, perawat, laboran)', 600000, 'Karanganyar', '0000-00-00', 'Dewan Maguwoharjo, Depok', 'Sleman', '2010-10-15', '<1', 'RNP', 'Y', '006.211.024373', 'AKTIF', 22, 0, 0, '2011-01-01', 0),
(114, '20100111', 'Farista Nur Farida', 'Wanita', 'Bidan Poli Kebidanan', 'PLSN', 'RWJ', 'Medis', 'TK/0', 'FT', '-', 'D3 Medis (bidan, perawat, laboran)', 650000, '-', '0000-00-00', '-', '-', '2010-10-18', '<1', 'POM', 'Y', '006.211.015515', 'AKTIF', 24, 0, 0, '2010-10-18', 0),
(115, '20100112', 'Primanto', 'Pria', 'Petugas PRK', 'PLSN', 'PRK', 'Non Medis', 'TK/0', 'FT', '-', 'primanto', 400000, 'Sleman', '0000-00-00', 'Babarsari TB 18 / 10, RT 17 RW 05, Depok', 'Sleman', '0000-00-00', '<1', 'PRK', 'Y', '006.211.024168', 'AKTIF', -2, 0, 0, '2011-02-16', 0),
(116, '20100113', 'Dyah Adhitya Wikantyasih', 'Wanita', 'room service', 'PLSN', 'ROS', 'Non Medis', 'TK/0', 'KV', '-', 'D1 (Rekam Medis)', 550000, 'Yogyakarta', '0000-00-00', 'Sekip UGM Flat C-3, RT/RW 03/17, Catur Tunggal, De', 'Sleman', '2010-11-03', 'FT>1', 'ROS', 'Y', '006.211.024171', 'KELUAR', -2, 0, 0, '2010-12-04', 0),
(118, '20100114', 'Nani Mirnia Ulfami', 'Wanita', 'Bidan RNP', 'PLSN', 'RNP', 'Medis', 'TK/0', 'FT', '-', 'S1 Medis Profesi (bidan, perawat, laboran)', 650000, '-', '0000-00-00', '-', '-', '2010-12-01', '<1', 'RNP', 'Y', '006.211.024159', 'AKTIF', 22, 80, 0, '2011-01-01', 0),
(119, '20100115', 'Ribut  Sutianto', 'Pria', 'Petugas PRK', 'PLSN', 'PRK', 'Non Medis', 'TK/0', 'PT', '-', 'ribut', 15000, '-', '1986-12-24', 'Babarsari TB 18 No 14 Tambak Bayan RT 19 RW 05', 'Babarsari', '2010-11-14', 'PT', 'PRK', 'T', '-', 'AKTIF', -1, 0, 0, '0000-00-00', 0),
(120, '20100116', 'Huda Rohman', 'Pria', 'Security Anggota', 'PLSN', 'SAT', 'Non Medis', 'TK/0', 'PT', '-', 'SMA Non Medis Part Time', 20000, 'Kulon Progo', '0000-00-00', '-', '-', '2010-12-01', '<1', 'SAT', 'T', '-', 'AKTIF', -1, 0, 0, '2011-01-01', 0),
(121, '-', 'Waginem ( Jeki )', 'Wanita', 'Analis Kesehatan', 'PLSN', 'LAB', 'Medis', 'TK/0', 'Poc', '-', 'S1 Non Medis Pocokan', 25000, '-', '0000-00-00', '-', '-', '0000-00-00', '<1', 'PCK', 'T', '-', 'KELUAR', -1, 40, 0, '0000-00-00', 0),
(122, '20110117', 'Lily Tania Sondang Siagian', 'Wanita', 'Direktur Utama', 'DIRU', 'DIR', 'Non Medis', 'TK/0', 'T', '-', 'S1 Direktur', 1300000, '-', '0000-00-00', '-', '-', '2011-01-01', '<1', 'DIR', 'T', '-', 'AKTIF', 0, 0, 7, '2011-01-01', 0),
(123, '20110118', 'Wiwik Lestari', 'Wanita', 'Direktur Medik&Oprasional', 'DIRB', 'DIR', 'Non Medis', 'K/1', 'T', '-', 'S1 Direktur', 1300000, 'karanganyar', '1983-01-06', 'perum kepuh permai blok III No.D64', 'wedomartani sleman', '2011-01-01', 'FT>1', 'DIR', 'T', '-', 'AKTIF', 0, 0, 7, '2011-01-01', 0),
(124, '20110119', 'Anita Sapta Dewi', 'Wanita', 'Analis Kesehatan', 'PLSN', 'LAB', 'Medis', 'TK/0', 'FT', '-', 'D3 Medis (bidan, perawat, laboran)', 600000, '-', '0000-00-00', '-', '-', '2011-02-01', '<1', 'LAB', 'Y', '006.211.025044', 'AKTIF', 22, 0, 0, '2011-04-01', 0),
(125, '20110120', 'Sepsiana Puspitasari', 'Wanita', 'Bidan Poli Kebidanan', 'PLSN', 'RWJ', 'Medis', 'TK/0', 'PT', '-', 'D3 Medis Part Time', 25000, '-', '0000-00-00', '-', '-', '2011-03-01', '<1', 'PCK', 'T', '-', 'KELUAR', -1, 0, 0, '0000-00-00', 0),
(126, '20110121', 'Yuli Astutik', 'Wanita', 'Perawat Ranap', 'PLSN', 'RWJ', 'Medis', 'TK/0', 'FT', '-', 'S1 Medis Profesi (bidan, perawat, laboran)', 650000, '-', '0000-00-00', '-', '-', '2011-03-18', '<1', 'RNP', 'Y', '006.211.025045', 'AKTIF', 22, 80, 0, '2011-05-19', 0),
(127, '20110122', 'Lathiefa Rias Putri', 'Wanita', 'Bidan RNP', 'PLSN', 'RNP', 'Medis', 'TK/0', 'FT', '-', 'D3 Medis (bidan, perawat, laboran)', 600000, '-', '0000-00-00', '-', '-', '2011-03-18', '<1', 'PCK', 'Y', '006.211.025042', 'KELUAR', 22, 0, 0, '0000-00-00', 0),
(129, '20110124', 'Silvi Khusnul Khuluqi', 'Wanita', 'Bidan Poli Kebidanan', 'PLSN', 'RWJ', 'Medis', 'TK/0', 'FT', '-', 'D3 Medis (bidan, perawat, laboran)', 600000, '-', '0000-00-00', '-', '-', '2011-04-01', '<1', 'POM', 'T', '-', 'AKTIF', 24, 0, 0, '2011-05-02', 0),
(130, '20110125', 'Laila Afiliasi Puji Nurani', 'Wanita', 'Bidan RNP', 'PLSN', 'RWJ', 'Medis', 'TK/0', 'FT', '-', 'D3 Medis (bidan, perawat, laboran)', 25000, '-', '0000-00-00', 'Jl Parangtritis Km 6 Dusun Prancak Glondang RT 07', 'Bantul', '2011-04-12', '<1', 'RNP', 'Y', '006.221.025713', 'AKTIF', 22, 0, 0, '2011-08-01', 0),
(131, '20110126', 'Erika Yulisty Chandra', 'Wanita', 'Perawat RNP', 'PLSN', 'RNP', 'Medis', 'TK/0', 'FT', '-', 'S1 Medis Profesi (bidan, perawat, laboran)', 650000, 'Bunyu', '1987-07-02', 'Jl Kaliurang km 6,8 Sono AK 30B Sinduadi Mlati Slm', 'Jogja', '2011-04-21', '<1', 'PCK', 'T', '-', 'KELUAR', -1, 0, 0, '2011-06-01', 0),
(132, '20110127', 'Herni Listyaningsih', 'Wanita', 'Bidan Poli Kebidanan', 'PLSN', 'RWJ', 'Medis', 'TK/0', 'PT', '-', 'D3 Medis Part Time', 25000, 'Purworejo', '1986-03-11', 'Jl. Bulus Kel Mranti Purworejo', 'Purworejo', '2011-07-01', '<1', 'POM', 'T', '-', 'AKTIF', -1, 0, 0, '0000-00-00', 0),
(135, '20110130', 'Fatimah', 'Wanita', 'Perawat RNP', 'PLSN', 'RNP', 'Medis', 'TK/0', 'FT', '-', 'D3 Medis (bidan, perawat, laboran)', 600000, '-', '0000-00-00', '-', '-', '2011-05-10', '<1', 'PCK', 'T', '-', 'KELUAR', 22, 0, 0, '2011-06-11', 0),
(136, '20110131', 'Sarwanti', 'Wanita', 'Petugas Masak', 'PLSN', 'DPR', 'Non Medis', 'TK/0', 'FT', '-', 'SMA', 400000, '-', '0000-00-00', '-', '-', '2011-05-12', '<1', 'DPR', 'T', '-', 'AKTIF', 23, 0, 0, '2011-07-01', 0),
(137, '20110132', 'Dewi Aprilia Lestari,S.Kep., Ns', 'Wanita', 'Perawat RNP', 'PLSN', 'RNP', 'Medis', 'TK/0', 'FT', '-', 'S1 Medis Profesi (bidan, perawat, laboran)', 650000, 'Kulon Progo', '1987-04-19', 'Kadipaten, RT 7/4 Triharjo,Wates', 'Kulon Progo', '2011-05-30', '<1', 'RNP', 'Y', '006.211.025047', 'AKTIF', 22, 80, 0, '2011-07-01', 0),
(138, '20110133', 'Vita Triana,Amd.Kep', 'Wanita', 'Perawat Ranap', 'PLSN', 'RNP', 'Medis', 'TK/0', 'FT', '-', 'D3 Medis (bidan, perawat, laboran)', 25000, '-', '0000-00-00', '-', '-', '2011-07-01', '<1', 'RNP', 'Y', '006.221.025737', 'AKTIF', 22, 0, 0, '0000-00-00', 0),
(139, '-', 'Nur Eka Hidayati', 'Wanita', 'Bidan Poli Kebidanan', 'PLSN', 'RWJ', 'Medis', '-', '-', '-', '-', 25000, '-', '0000-00-00', '-', '-', '2011-07-18', '<1', 'PCK', 'T', '-', 'KELUAR', -1, 0, 0, '0000-00-00', 0),
(141, '20120151', 'dr. Bheti Yuliana Fitrianingsih', 'Wanita', 'Dokter Umum', 'PLSN', '-', '-', 'TK/0', '-', '-', 'Dokter Part Time', 0, '-', '0000-00-00', 'Kentungan B-45 RT 4 / RW 48, Condong Catur, Depok', 'Sleman', '0000-00-00', '<1', 'PCK', 'T', '-', 'AKTIF', 10, 0, 0, '2012-05-01', 0),
(144, '-', 'Rossada, dr.', 'Wanita', 'Dokter Umum', '-', '-', '-', '-', '-', '-', '-', 0, '-', '0000-00-00', '-', '-', '0000-00-00', '<1', 'PCK', 'T', '-', 'KELUAR', -1, 0, 0, '0000-00-00', 0),
(145, '-', 'Sarrah Ayuandari, dr.', 'Wanita', 'Dokter Umum', '-', '-', '-', '-', '-', '-', '-', 0, '-', '0000-00-00', '-', '-', '0000-00-00', '<1', 'PCK', 'T', '-', 'KELUAR', -1, 0, 0, '0000-00-00', 0),
(146, '-', 'Khairina Hashifah, dr.', 'Wanita', 'Dokter Umum', 'PLSN', '-', '-', 'TK/0', '-', '-', '-', 0, '-', '0000-00-00', 'Jl. Nusa Indah No. 98B, Condong Catur, Depok', 'Sleman', '2010-08-07', '<1', 'PCK', 'T', '-', 'AKTIF', -1, 0, 0, '0000-00-00', 0),
(199, '-', 'Lily T Sondang Siagian, dr', 'Wanita', 'Dokter Umum', '-', '-', '-', '-', '-', '-', '-', 0, '-', '0000-00-00', '-', '-', '0000-00-00', '<1', 'PCK', 'T', '-', 'AKTIF', -1, 0, 0, '0000-00-00', 0),
(149, '-', 'Arum Puspitasari, dr.', 'Wanita', 'Dokter Umum', '-', '-', '-', '-', '-', '-', '-', 0, '-', '0000-00-00', '-', '-', '0000-00-00', '<1', 'PCK', 'T', '-', 'KELUAR', -1, 0, 0, '0000-00-00', 0),
(152, '-', 'Sofia, dr.', 'Wanita', 'Dokter Umum', '-', '-', '-', '-', '-', '-', '-', 0, '-', '0000-00-00', '-', '-', '0000-00-00', '<1', 'PCK', 'T', '-', 'KELUAR', -1, 0, 0, '0000-00-00', 0),
(153, '-', 'Ratri Wulandari, dr. (Wulan)', 'Wanita', 'Dokter Umum', '-', '-', '-', '-', '-', '-', '-', 0, '-', '0000-00-00', '-', '-', '0000-00-00', '<1', 'PCK', 'T', '-', 'AKTIF', -1, 0, 0, '0000-00-00', 0),
(154, '-', 'Fresti Oktanindi, dr', 'Wanita', 'Dokter Umum', '-', '-', '-', '-', '-', '-', '-', 0, '-', '0000-00-00', '-', '-', '0000-00-00', '<1', 'PCK', 'T', '-', 'KELUAR', -1, 0, 0, '0000-00-00', 0),
(155, '-', 'Sri Nurwati, dr', 'Wanita', 'Dokter Umum', '-', '-', '-', '-', '-', '-', '-', 0, '-', '0000-00-00', '-', '-', '0000-00-00', '<1', 'PCK', 'T', '-', 'AKTIF', -1, 0, 0, '0000-00-00', 0),
(159, '0', 'Dadiyo', 'Pria', 'Perawat Bedah', '-', '-', '-', '-', '-', '-', '-', 0, '-', '0000-00-00', '-', '-', '0000-00-00', '', '-', '', '-', 'AKTIF', -1, 0, 0, '0000-00-00', 0),
(160, '0', 'Mario', 'Pria', 'Perawat Bedah', '-', '-', '-', '-', '-', '-', '-', 0, '-', '0000-00-00', '-', '-', '0000-00-00', '', '-', '', '-', 'AKTIF', -1, 0, 0, '0000-00-00', 0),
(161, '0', 'Agus Raharjo', 'Pria', 'Perawat Bedah', '-', '-', '-', '-', '-', '-', '-', 0, '-', '0000-00-00', '-', '-', '0000-00-00', '', '-', '', '-', 'AKTIF', -1, 0, 0, '0000-00-00', 0),
(162, '-', 'Ragil Surono', 'Pria', 'Perawat Bedah', '-', '-', '-', '-', 'Poc', '-', '-', 0, '-', '0000-00-00', '-', '-', '0000-00-00', 'PT', '-', 'T', '-', 'AKTIF', -1, 0, 0, '0000-00-00', 0),
(163, '0', 'Antok', 'Pria', 'Perawat Bedah', '-', '-', '-', '-', '-', '-', '-', 0, '-', '0000-00-00', '-', '-', '0000-00-00', '', '-', '', '-', 'AKTIF', -1, 0, 0, '0000-00-00', 0),
(164, '0', 'Agus Budi Prasetyo', 'Pria', 'Perawat Anestesi', '-', '-', '-', '-', '-', '-', '-', 0, '-', '0000-00-00', '-', '-', '0000-00-00', '', '-', '', '-', 'AKTIF', -1, 0, 0, '0000-00-00', 0),
(165, '0', 'Wasti', 'Wanita', 'Perawat Anestesi', '-', '-', '-', '-', '-', '-', '-', 0, '-', '0000-00-00', '-', '-', '0000-00-00', '', '-', '', '-', 'AKTIF', -1, 0, 0, '0000-00-00', 0),
(166, '0', 'Aris', 'Pria', 'Perawat Anestesi', '-', '-', '-', '-', '-', '-', '-', 0, '-', '0000-00-00', '-', '-', '0000-00-00', '', '-', '', '-', 'AKTIF', -1, 0, 0, '0000-00-00', 0),
(167, '0', 'Heru', 'Pria', 'Perawat Anestesi', '-', '-', '-', '-', '-', '-', '-', 0, '-', '0000-00-00', '-', '-', '0000-00-00', '', '-', '', '-', 'AKTIF', -1, 0, 0, '0000-00-00', 0),
(168, '0', 'Imam', 'Pria', 'Perawat Bedah', '-', '-', '-', '-', '-', '-', '-', 0, '-', '0000-00-00', '-', '-', '0000-00-00', '', '-', '', '-', 'AKTIF', -1, 0, 0, '0000-00-00', 0),
(169, '0', 'Yoko', 'Pria', 'Perawat Bedah', '-', '-', '-', '-', '-', '-', '-', 0, '-', '0000-00-00', '-', '-', '0000-00-00', '', '-', '', '-', 'AKTIF', -1, 0, 0, '0000-00-00', 0),
(170, '0', 'Yadi', 'Pria', 'Perawat Anestesi', '-', '-', '-', '-', '-', '-', '-', 0, '-', '0000-00-00', '-', '-', '0000-00-00', '', '-', '', '-', 'AKTIF', -1, 0, 0, '0000-00-00', 0),
(171, '0', 'Sugeng', 'Pria', 'Perawat Anestesi', '-', '-', '-', '-', '-', '-', '-', 0, '-', '0000-00-00', '-', '-', '0000-00-00', '', '-', '', '-', 'AKTIF', -1, 0, 0, '0000-00-00', 0),
(172, '0', 'Rohim', 'Pria', 'Perawat Anestesi', '-', '-', '-', '-', '-', '-', '-', 0, '-', '0000-00-00', '-', '-', '0000-00-00', '', '-', '', '-', 'AKTIF', -1, 0, 0, '0000-00-00', 0),
(173, '0', 'Indra', 'Pria', 'Assisten Bedah', '-', '-', '-', '-', '-', '-', '-', 0, '-', '0000-00-00', '-', '-', '0000-00-00', '', '-', '', '-', 'AKTIF', -1, 0, 0, '0000-00-00', 0),
(174, '0', 'Maru, dr.', 'Pria', 'Assisten Bedah', '-', '-', '-', '-', '-', '-', '-', 0, '-', '0000-00-00', '-', '-', '0000-00-00', '', '-', '', '-', 'AKTIF', -1, 0, 0, '0000-00-00', 0),
(175, '0', 'Purnawan', 'Pria', 'Assisten Bedah', '-', '-', '-', '-', '-', '-', '-', 0, '-', '0000-00-00', '-', '-', '0000-00-00', '', '-', '', '-', 'AKTIF', -1, 0, 0, '0000-00-00', 0),
(176, '0', 'Tutik', 'Wanita', 'Assisten Bedah', '-', '-', '-', '-', '-', '-', '-', 0, '-', '0000-00-00', '-', '-', '0000-00-00', '', '-', '', '-', 'AKTIF', -1, 0, 0, '0000-00-00', 0),
(189, '20110138', 'Neneng', 'Wanita', 'Pelaksana', 'PLSN', 'DPR', 'Non Medis', '-', 'FT', '-', 'SMA', 0, 'Yogyakarta', '1984-05-15', 'Sambilegi Lor RT 1 RW 54 Maguwoharjo, Depok', 'Yogyakarta', '2011-08-31', '<1', 'DPR', 'T', '-', 'AKTIF', -2, 0, 0, '2011-11-01', 0),
(225, '-', 'Ani, dr', 'Wanita', 'dokter umum', '-', '-', '-', '-', '-', '-', '-', 0, '-', '0000-00-00', '-', '-', '0000-00-00', '<1', 'PCK', 'T', '-', 'KELUAR', -1, 0, 0, '0000-00-00', 0),
(190, '20110136', 'Wakhidatin Nafiah', 'Wanita', 'Pelaksana', 'PLSN', 'RNP', 'Medis', 'TK/0', 'FT', '-', 'D3 Medis (bidan, perawat, laboran)', 0, 'Pati', '1990-04-14', 'Dk Sudo RT 02 RW 02 Ds Wangunrejo Kec Margorejo', 'Pati', '2011-07-25', '<1', 'PCK', 'T', '-', 'KELUAR', -1, 0, 0, '2011-10-01', 0),
(191, '20110137', 'Anastasia Desi Tri Widiyanti', 'Wanita', 'Pelaksana', 'PLSN', 'RNP', 'Medis', 'TK/0', 'FT', '-', 'D3 Medis (bidan, perawat, laboran)', 0, '-', '0000-00-00', '-', '-', '2011-08-01', '<1', 'RNP', 'Y', '006.211.026949', 'AKTIF', 22, 0, 0, '2011-10-01', 0),
(192, '20110144', 'Arum', 'Wanita', 'Pelaksana', 'PLSN', 'KBY', 'Medis', 'TK/0', 'PT', '-', 'D1 Paramedis Part Time', 0, '-', '0000-00-00', '-', '-', '2011-08-01', '<1', 'KBY', 'T', '-', 'AKTIF', -1, 20, 0, '0000-00-00', 0),
(224, '20120146', 'Evita Ratih Dewayani', 'Wanita', 'Bidan Ranap', 'PLSN', 'RNP', 'Medis', 'TK/0', 'FT', '-', 'D3 Medis (bidan, perawat, laboran)', 0, 'Gunung Kidul', '1991-10-11', 'Jl. Bratajaya 23, Sokowaten Banguntapan', 'Bantul', '2011-12-30', '<1', 'RNP', 'T', '-', 'AKTIF', 22, 0, 0, '2012-04-13', 0),
(226, '-', 'Lia, dr', 'Wanita', 'dokter umum', '-', '-', '-', '-', '-', '-', '-', 0, '-', '0000-00-00', '-', '-', '0000-00-00', '<1', 'PCK', 'T', '-', 'AKTIF', -1, 0, 0, '0000-00-00', 0),
(228, '20120147', 'Fitrianingsih', 'Wanita', 'Asisten Apoteker', 'PLSN', 'FAR', 'Medis', 'TK/0', 'FT', '-', 'SMF', 0, 'Sleman 30 Mei 1987', '0000-00-00', 'Jetak RT 04 RW 29 Sendangtirto Berbah Sleman Yk', 'DIY', '2012-01-10', '<1', 'FAR', 'T', '-', 'AKTIF', 23, 0, 0, '2012-04-25', 0),
(229, '-', 'Anisah Fitri Rahmawati', 'Wanita', 'Petugas Gizi', 'PLSN', 'DPR', 'Non Medis', 'TK/0', 'Or', '-', 'D3 Non Medis Fungsi Pelayanan Orientasi', 0, 'Klaten', '1990-04-23', 'Kios Mayungan no 187 Trunuh Klaten Selatan Klaten', 'Klaten', '2012-01-24', '<1', 'PCK', 'T', '-', 'KELUAR', -2, 0, 0, '0000-00-00', 0),
(230, '-', 'Anin, dr', 'Wanita', 'Dokter Umum', '-', '-', '-', '-', '-', '-', '-', 0, '-', '0000-00-00', '-', '-', '0000-00-00', '<1', 'PCK', 'T', '-', 'KELUAR', -1, 0, 0, '0000-00-00', 0),
(231, '-', 'Putri, dr', 'Wanita', 'Dokter Umum', '-', '-', '-', '-', '-', '-', '-', 0, '-', '0000-00-00', '-', '-', '0000-00-00', '<1', 'PCK', 'T', '-', 'KELUAR', -1, 0, 0, '0000-00-00', 0),
(232, '-', 'Fitri, dr', 'Wanita', 'Dokter Umum', '-', '-', '-', '-', '-', '-', '-', 0, '-', '0000-00-00', '-', '-', '0000-00-00', '<1', 'PCK', 'T', '-', 'AKTIF', -1, 0, 0, '0000-00-00', 0),
(233, '-', 'Lesdi, dr', 'Wanita', 'Dokter Umum', '-', '-', '-', '-', '-', '-', '-', 0, '-', '0000-00-00', '-', '-', '0000-00-00', '<1', 'PCK', 'T', '-', 'KELUAR', -1, 0, 0, '0000-00-00', 0),
(234, '-', 'Restu Pangestuti', 'Wanita', 'bidan RNP', 'PLSN', 'RNP', 'Medis', 'TK/0', 'CK', '-', 'D3 Medis (bidan, perawat, laboran)', 0, 'Purworejo', '1989-08-24', '-', '-', '2012-02-06', '<1', 'RNP', 'T', '-', 'AKTIF', 22, 50, 0, '0000-00-00', 0),
(235, '20120149', 'Retno Ningsih', 'Wanita', 'bidan RNP', 'PLSN', 'RNP', 'Medis', 'TK/0', 'FT', '-', 'D3 Medis (bidan, perawat, laboran)', 0, 'Sukoharjo', '1990-03-04', '-', '-', '2012-02-06', 'FT>1', 'RNP', 'T', '-', 'AKTIF', 22, 60, 0, '2012-05-20', 0),
(236, '20120150', 'Noviatun Nisa', 'Wanita', 'bidan RNP', 'PLSN', 'RNP', 'Medis', 'TK/0', 'FT', '-', 'D3 Medis (bidan, perawat, laboran)', 0, 'Kendal', '1989-06-09', '-', '-', '2012-02-06', '<1', 'RNP', 'T', '-', 'AKTIF', 22, 60, 0, '2012-05-20', 0),
(237, '-', 'Welly Yulviana', 'Wanita', 'bidan RNP', '-', '-', '-', '-', '-', '-', 'D3 Medis Pocokan', 0, 'Jakarta', '1991-07-26', '-', '-', '2012-02-08', '<1', 'PCK', 'T', '-', 'KELUAR', -1, 0, 0, '0000-00-00', 0),
(238, '-', 'Arlinda', 'Wanita', 'Bidan Poli Ibu', 'PLSN', 'PCK', 'Medis', 'TK/0', 'Or', '-', 'D3 Medis Orientasi', 0, '-', '0000-00-00', '-', '-', '2012-02-06', '<1', 'PCK', 'T', '-', 'KELUAR', 24, 0, 0, '0000-00-00', 0),
(239, '-', 'Niken Anggraeni WW', 'Wanita', 'Bidan', 'PLSN', 'PCK', 'Medis', '-', 'Or', '-', 'D3 Medis Orientasi', 0, 'Kebumen', '1990-04-16', 'Komplek AURI BLOK H2/7 LANUD ADISUCIPTO YK 55283', 'Yogyakarta', '2012-02-24', '<1', 'PCK', 'T', '-', 'KELUAR', 22, 0, 0, '0000-00-00', 0),
(241, '-', 'Sangaji', 'Pria', 'Perawat Bedah', '-', '-', '-', '-', '-', '-', '-', 0, '-', '0000-00-00', '-', '-', '0000-00-00', '<1', 'CST', 'T', '-', 'AKTIF', -1, 0, 0, '0000-00-00', 0),
(242, '-', 'Suryo', 'Pria', 'Perawat Bedah', '-', '-', '-', '-', '-', '-', '-', 0, '-', '0000-00-00', '-', '-', '0000-00-00', '<1', 'CST', 'T', '-', 'AKTIF', -1, 0, 0, '0000-00-00', 0),
(243, '-', 'Kris', 'Wanita', 'Perawat Anestesi', '-', '-', '-', '-', '-', '-', '-', 0, '-', '0000-00-00', '-', '-', '0000-00-00', '<1', 'CST', 'T', '-', 'AKTIF', -1, 0, 0, '0000-00-00', 0),
(244, '-', 'Gladis, dr', 'Wanita', 'Dokter umum', '-', '-', '-', '-', '-', '-', '-', 0, '-', '0000-00-00', '-', '-', '0000-00-00', '<1', 'PCK', 'T', '-', 'KELUAR', -1, 0, 0, '0000-00-00', 0),
(245, '-', 'Tri Lestari', 'Wanita', 'Asisten Apoteker', 'PLSN', 'FAR', 'Medis', 'TK/0', 'Poc', '-', 'D3 Medis Pocokan', 0, '-', '0000-00-00', '-', '-', '2012-01-17', '<1', 'PCK', 'T', '-', 'KELUAR', -1, 0, 0, '0000-00-00', 0),
(246, '20120154', 'Silvia Ningrum, Amd.Gz', 'Wanita', 'Staff Gizi', 'PLSN', 'DPR', 'Non Medis', 'TK/0', 'Or', '-', 'D3 Non Medis Fungsi Pelayanan Orientasi', 0, 'Boyolali', '1986-09-06', 'Bludru, RT 01/RW 09 Taman Agung, Muntilan, Magelan', 'Magelang', '2012-03-20', '<1', 'PCK', 'T', '-', 'AKTIF', 26, 0, 0, '0000-00-00', 0),
(247, '-', 'Haris', 'Pria', 'Perawat Bedah', '-', '-', '-', '-', '-', '-', '-', 0, '-', '0000-00-00', '-', '-', '0000-00-00', '<1', 'CST', 'T', '-', 'AKTIF', -1, 0, 0, '0000-00-00', 0),
(248, '-', 'Munif', 'Pria', 'Perawat Bedah', '-', '-', '-', '-', '-', '-', '-', 0, '-', '0000-00-00', '-', '-', '0000-00-00', '<1', 'CST', 'T', '-', 'AKTIF', -1, 0, 0, '0000-00-00', 0),
(249, '20120148', 'dr. Pramudita Putri Dyatmika Mandegani', 'Wanita', 'Dokter Umum', 'PLSN', '-', 'Dokter Umum', 'TK/0', 'T', '-', 'Dokter Tetap', 0, 'Yogyakarta', '2010-01-10', 'Demangan GK I/45 RT/RW 1605 Kel. Demangan, Kec Gon', 'Yogyakarta', '0000-00-00', '<1', 'PCK', 'T', '-', 'AKTIF', 22, 0, 0, '2012-04-01', 0),
(250, '-', 'Rosmeri, dr.', 'Wanita', 'Dokter Umum', '-', '-', '-', '-', '-', '-', '-', 0, '-', '0000-00-00', '-', '-', '0000-00-00', '<1', 'PCK', 'T', '-', 'AKTIF', -1, 0, 0, '0000-00-00', 0),
(254, '-', 'Asih', 'Wanita', 'Petugas warung', 'PLSN', 'WRG', 'Non Medis', 'TK/0', 'Poc', '-', 'SMP Pocokan', 0, '-', '0000-00-00', 'yogya', 'yogya', '2012-05-21', '<1', 'PCK', 'T', '-', 'AKTIF', -1, 0, 0, '0000-00-00', 0),
(251, '-', 'pak Dul (Tosa)', 'Pria', 'Petugas Taman', 'PLSN', 'SAT', 'Non Medis', 'K/0', 'Or', '-', 'SMP Orientasi', 0, '-', '0000-00-00', '-', '-', '2012-04-21', '<1', 'PCK', 'T', '-', 'AKTIF', -2, 0, 0, '2012-07-01', 0),
(252, '-', 'Giyanto', 'Pria', 'perawat anestesi', '-', '-', '-', '-', '-', '-', '-', 0, '-', '0000-00-00', '-', '-', '0000-00-00', '<1', 'PCK', 'T', '-', 'AKTIF', -1, 0, 0, '0000-00-00', 0),
(253, '-', 'Ninung Basiroh', 'Wanita', 'Bidan Poli Ibu', 'PLSN', 'POM', 'Medis', 'TK/0', 'Or', '-', 'D3 Medis Orientasi', 0, 'Klaten', '1988-07-23', 'Durenan RT 2 RW 3 Kalangan Pedan, Klaten 57468', 'Klaten', '2012-05-02', '<1', 'PCK', 'T', '-', 'KELUAR', 24, 0, 0, '0000-00-00', 0),
(255, '-', 'A. M. Abdul Kharis', 'Pria', 'Petugas Logistik', 'PLSN', 'LOG', 'Non Medis', 'K/1', 'Or', '-', 'S1 Non Medis Logistik', 0, 'Kudus', '1979-11-06', 'Perum Banteng Baru VI/3', 'Yogyakarta', '2012-05-23', '<1', 'PCK', 'T', '-', 'AKTIF', 0, 0, 0, '0000-00-00', 0),
(256, '-', 'Heni Ristiana', 'Wanita', 'Asisten Apoteker', 'PLSN', 'FAR', 'Medis', 'TK/0', 'Or', '-', 'D3 Farmasi Orientasi', 0, 'Bantul', '1988-12-10', 'Tegallurung RT 3 Gilangharjo, Pandak', 'Bantul', '2012-05-03', '<1', 'PCK', 'T', '-', 'AKTIF', 23, 0, 0, '0000-00-00', 0);
INSERT INTO `pegawai` (`id`, `nik`, `nama`, `jk`, `jbtn`, `jnj_jabatan`, `departemen`, `bidang`, `stts_wp`, `stts_kerja`, `npwp`, `pendidikan`, `gapok`, `tmp_lahir`, `tgl_lahir`, `alamat`, `kota`, `mulai_kerja`, `ms_kerja`, `indexins`, `bpd`, `rekening`, `stts_aktif`, `wajibmasuk`, `pengurang`, `indek`, `mulai_kontrak`, `cuti_diambil`) VALUES
(257, '-', 'Nurdiana Rita Puspita Sari', 'Wanita', 'Bidan Ranap', 'PLSN', '-', 'Medis', 'TK/0', 'Or', '-', 'D3 Medis Orientasi', 0, 'Sukoharjo', '1990-01-09', 'Kadipaten 01/01 Kedungjombal Tawangsari Sukoharjo', 'Sukoharjo', '2012-05-21', '<1', 'PCK', 'T', '-', 'AKTIF', 22, 0, 0, '0000-00-00', 0),
(258, '-', 'Diyana Niken P', 'Wanita', 'Bidan Ranap', 'PLSN', '-', 'Medis', 'TK/0', 'Or', '-', 'D3 Medis Orientasi', 0, 'Bantul', '1990-02-24', 'Sendangsari Terong Dlingo Bantul', 'Bantul', '2012-05-21', '<1', 'PCK', 'T', '-', 'AKTIF', 22, 0, 0, '0000-00-00', 0),
(260, '232', 'paijo', 'Pria', 'as', '-', '-', '-', '-', '-', 'as', '-', 0, 'as', '0000-00-00', 'as', 's', '0000-00-00', '<1', 'CST', 'Y', 's', 'AKTIF', 0, 0, 0, '0000-00-00', 0);

-- --------------------------------------------------------

--
-- Table structure for table `pembagian_akte`
--

CREATE TABLE IF NOT EXISTS `pembagian_akte` (
  `id` int(11) NOT NULL,
  `persen` double NOT NULL,
  PRIMARY KEY (`id`)
) ENGINE=MyISAM DEFAULT CHARSET=latin1;

--
-- Dumping data for table `pembagian_akte`
--

INSERT INTO `pembagian_akte` (`id`, `persen`) VALUES
(37, 13),
(92, 7),
(100, 7),
(107, 7),
(108, 7),
(109, 7),
(45, 2.5),
(5, 7.5),
(75, 12.5),
(84, 7.5),
(36, 2.5),
(22, 2.5),
(81, 7),
(55, 10);

-- --------------------------------------------------------

--
-- Table structure for table `pembagian_resume`
--

CREATE TABLE IF NOT EXISTS `pembagian_resume` (
  `id` int(11) NOT NULL,
  `persen` double NOT NULL,
  PRIMARY KEY (`id`)
) ENGINE=MyISAM DEFAULT CHARSET=latin1;

--
-- Dumping data for table `pembagian_resume`
--

INSERT INTO `pembagian_resume` (`id`, `persen`) VALUES
(5, 4),
(53, 4),
(54, 4),
(81, 4),
(109, 4),
(92, 4),
(99, 4),
(100, 4),
(107, 4),
(108, 4),
(124, 4),
(13, 4),
(122, 32);

-- --------------------------------------------------------

--
-- Table structure for table `pembagian_tuslah`
--

CREATE TABLE IF NOT EXISTS `pembagian_tuslah` (
  `id` int(11) NOT NULL,
  `persen` double NOT NULL,
  PRIMARY KEY (`id`)
) ENGINE=MyISAM DEFAULT CHARSET=latin1;

--
-- Dumping data for table `pembagian_tuslah`
--

INSERT INTO `pembagian_tuslah` (`id`, `persen`) VALUES
(30, 13),
(76, 27.5),
(77, 22.5),
(83, 12),
(85, 13),
(228, 9.5);

-- --------------------------------------------------------

--
-- Table structure for table `pembagian_warung`
--

CREATE TABLE IF NOT EXISTS `pembagian_warung` (
  `id` int(11) NOT NULL,
  `persen` double NOT NULL,
  PRIMARY KEY (`id`)
) ENGINE=MyISAM DEFAULT CHARSET=latin1;

--
-- Dumping data for table `pembagian_warung`
--

INSERT INTO `pembagian_warung` (`id`, `persen`) VALUES
(63, 0),
(254, 0);

-- --------------------------------------------------------

--
-- Table structure for table `pendidikan`
--

CREATE TABLE IF NOT EXISTS `pendidikan` (
  `tingkat` varchar(80) NOT NULL,
  `indek` tinyint(4) NOT NULL,
  `gapok1` double NOT NULL,
  `gapok2` double NOT NULL,
  `gapok3` double NOT NULL,
  PRIMARY KEY (`tingkat`)
) ENGINE=MyISAM DEFAULT CHARSET=latin1;

--
-- Dumping data for table `pendidikan`
--

INSERT INTO `pendidikan` (`tingkat`, `indek`, `gapok1`, `gapok2`, `gapok3`) VALUES
('-', 0, 0, 0, 0),
('D1 (Rekam Medis)', 2, 500000, 550000, 600000),
('D1 Paramedis', 2, 500000, 600000, 650000),
('D3 Medis (bidan, perawat, laboran)', 3, 600000, 650000, 700000),
('D3 Non Medis (accounting, keuangan)', 3, 600000, 650000, 700000),
('D3 Non Medis (administrativ/RM/skretariatan)', 3, 550000, 600000, 650000),
('D3 Non Medis Fungsi Pelayanan', 3, 550000, 600000, 650000),
('D4 Medis Profesi (bidan, perawat, laboran)', 4, 650000, 700000, 750000),
('S1 Direktur', 6, 1300000, 1300000, 1300000),
('SMP Part Time', 0, 0, 0, 0),
('S1 Medis Profesi percobaan (bidan, perawat, laboran)', 3, 650000, 700000, 750000),
('S1 Non Medis (accounting, keuangan)', 5, 650000, 700000, 750000),
('S1 Non Medis (administrativ/skretariatan)', 5, 600000, 650000, 700000),
('S1 Non Medis (fungsi koordinator)', 5, 800000, 800000, 800000),
('S1 Non Medis Part Time', 5, 0, 0, 0),
('S1 Non Medis Pocokan', 0, 0, 0, 0),
('S1 Profesi Apt (pendamping)', 6, 750000, 1000000, 1000000),
('S1 Profesi Apt (pengelola)', 6, 1000000, 1250000, 1250000),
('Sarjana S2 / SP', 7, 0, 0, 0),
('SMA', 1, 400000, 450000, 450000),
('Eyang Ninuk', 1, 530000, 530000, 530000),
('SMF', 1, 500000, 550000, 600000),
('SMP', 0, 450000, 450000, 450000),
('SLTP (Agus)', 0, 530000, 530000, 530000),
('D3 Medis Part Time', 3, 0, 0, 0),
('Laundry', 0, 1000000, 1000000, 1000000),
('SMU (Pipit)', 1, 500000, 500000, 500000),
('SLTP Non Medis Part Time', 0, 0, 0, 0),
('SMA Non Medis Part Time', 1, 0, 0, 0),
('bu Ety', 5, 1300000, 1300000, 1300000),
('SMA Pocokan', 0, 0, 0, 0),
('pak Giman', 0, 450000, 450000, 450000),
('D3 Medis Pocokan', 0, 0, 0, 0),
('D3 Medis Orientasi', 0, 600000, 600000, 600000),
('D1 Medis Orientasi', 0, 500000, 500000, 500000),
('SMA Non Medis Orientasi', 0, 400000, 400000, 400000),
('Tenaga Non Pendidikan Farmasi (S1)', 5, 600000, 600000, 600000),
('S1 Medis Profesi (bidan, perawat, laboran)', 6, 650000, 700000, 750000),
('pardiyono', 1, 570000, 570000, 570000),
('nanang budi', 1, 500000, 500000, 500000),
('primanto', 1, 400000, 450000, 450000),
('ribut', 1, 0, 0, 0),
('D1 Medis Pocokan', 2, 0, 0, 0),
('D3 Farmasi', 3, 600000, 600000, 600000),
('sabto', 1, 0, 0, 0),
('SMA Orientasi', 1, 400000, 400000, 400000),
('SMA Medis Part Time', 1, 0, 0, 0),
('D1 Paramedis Part Time', 2, 0, 0, 0),
('SMA Medis Pocokan', 1, 0, 0, 0),
('SMF Orientasi', 1, 500000, 0, 0),
('D3 Non Medis Fungsi Pelayanan Orientasi', 1, 550000, 0, 0),
('SMA Parkir Part Time', 1, 0, 0, 0),
('D3 Non Medis Fungsi Pelayanan Pocokan', 0, 0, 0, 0),
('Dokter Tetap', 0, 1275000, 1275000, 1275000),
('SMF Partime', 1, 0, 0, 0),
('Dokter Part Time', 0, 650000, 650000, 650000),
('S1 Non Medis Logistik', 5, 600000, 650000, 700000),
('SMP Orientasi', 0, 400000, 400000, 400000),
('SMP Pocokan', 0, 0, 0, 0),
('D3 Farmasi Orientasi', 3, 600000, 600000, 600000);

-- --------------------------------------------------------

--
-- Table structure for table `pnm_tnj_bulanan`
--

CREATE TABLE IF NOT EXISTS `pnm_tnj_bulanan` (
  `id` int(11) NOT NULL,
  `id_tnj` int(11) NOT NULL,
  PRIMARY KEY (`id`,`id_tnj`),
  KEY `id_tnj` (`id_tnj`)
) ENGINE=MyISAM DEFAULT CHARSET=latin1;

--
-- Dumping data for table `pnm_tnj_bulanan`
--

INSERT INTO `pnm_tnj_bulanan` (`id`, `id_tnj`) VALUES
(10, 5),
(11, 4),
(37, 7),
(40, 10),
(42, 3),
(55, 15),
(82, 13),
(92, 11),
(114, 3),
(123, 6),
(141, 12),
(179, 9),
(184, 14),
(185, 8),
(196, 16),
(200, 6),
(249, 17);

-- --------------------------------------------------------

--
-- Table structure for table `pnm_tnj_harian`
--

CREATE TABLE IF NOT EXISTS `pnm_tnj_harian` (
  `id` int(11) NOT NULL,
  `id_tnj` int(11) NOT NULL,
  PRIMARY KEY (`id`,`id_tnj`),
  KEY `id_tnj` (`id_tnj`)
) ENGINE=MyISAM DEFAULT CHARSET=latin1;

--
-- Dumping data for table `pnm_tnj_harian`
--

INSERT INTO `pnm_tnj_harian` (`id`, `id_tnj`) VALUES
(1, 2),
(2, 2),
(4, 2),
(5, 2),
(6, 2),
(7, 2),
(8, 2),
(9, 2),
(10, 2),
(10, 3),
(11, 4),
(12, 2),
(13, 2),
(14, 2),
(15, 2),
(16, 2),
(17, 2),
(18, 2),
(19, 2),
(20, 2),
(21, 2),
(22, 2),
(23, 2),
(25, 2),
(27, 2),
(28, 2),
(29, 2),
(30, 2),
(32, 2),
(33, 2),
(34, 2),
(35, 4),
(36, 2),
(37, 2),
(38, 2),
(39, 2),
(40, 2),
(41, 2),
(42, 2),
(43, 2),
(45, 2),
(46, 2),
(47, 2),
(48, 4),
(49, 2),
(50, 2),
(51, 2),
(52, 2),
(53, 2),
(54, 2),
(55, 2),
(57, 2),
(58, 2),
(59, 2),
(60, 2),
(61, 2),
(62, 2),
(63, 2),
(65, 2),
(66, 2),
(67, 2),
(68, 2),
(69, 2),
(70, 2),
(71, 2),
(72, 2),
(73, 2),
(74, 2),
(75, 2),
(76, 2),
(77, 2),
(78, 2),
(79, 2),
(80, 2),
(81, 2),
(82, 2),
(83, 2),
(84, 2),
(85, 2),
(86, 2),
(90, 2),
(92, 2),
(94, 2),
(98, 2),
(99, 2),
(100, 2),
(105, 2),
(107, 2),
(108, 2),
(109, 2),
(110, 2),
(112, 2),
(113, 2),
(114, 2),
(115, 2),
(116, 2),
(118, 2),
(119, 2),
(120, 2),
(121, 2),
(122, 2),
(123, 2),
(124, 2),
(125, 2),
(126, 2),
(127, 2),
(129, 2),
(130, 2),
(131, 2),
(132, 2),
(133, 2),
(135, 2),
(136, 2),
(137, 2),
(138, 2),
(139, 2),
(188, 2),
(189, 2),
(190, 2),
(191, 2),
(192, 2),
(193, 2),
(194, 2),
(195, 2),
(196, 2),
(198, 2),
(202, 2),
(204, 2),
(223, 2),
(224, 2),
(228, 2),
(234, 2),
(235, 2),
(236, 2),
(237, 2),
(238, 2),
(239, 2),
(245, 2),
(246, 2),
(251, 2),
(253, 2),
(254, 2),
(255, 2),
(256, 2),
(257, 2),
(258, 2);

-- --------------------------------------------------------

--
-- Table structure for table `potongan`
--

CREATE TABLE IF NOT EXISTS `potongan` (
  `tahun` year(4) NOT NULL,
  `bulan` tinyint(4) NOT NULL,
  `id` int(11) NOT NULL,
  `jamsostek` double NOT NULL,
  `dansos` double NOT NULL,
  `simwajib` double NOT NULL,
  `angkop` double NOT NULL,
  `angla` double NOT NULL,
  `telpri` double NOT NULL,
  `pajak` double NOT NULL,
  `pribadi` double NOT NULL,
  `lain` double NOT NULL,
  `ktg` varchar(50) NOT NULL,
  PRIMARY KEY (`tahun`,`bulan`,`id`),
  KEY `id` (`id`)
) ENGINE=MyISAM DEFAULT CHARSET=latin1;

--
-- Dumping data for table `potongan`
--

INSERT INTO `potongan` (`tahun`, `bulan`, `id`, `jamsostek`, `dansos`, `simwajib`, `angkop`, `angla`, `telpri`, `pajak`, `pribadi`, `lain`, `ktg`) VALUES
(2011, 10, 1, 16160, 2000, 10000, 220000, 0, 0, 0, 0, 0, '-'),
(2011, 10, 2, 16160, 2000, 10000, 120000, 0, 0, 0, 0, 0, '-'),
(2011, 10, 4, 16160, 2000, 10000, 0, 0, 0, 9000, 0, 0, '-'),
(2011, 10, 5, 16160, 2000, 10000, 442000, 0, 0, 0, 0, 0, '-'),
(2011, 10, 6, 16160, 2000, 10000, 420000, 0, 0, 0, 0, 55000, '-'),
(2011, 10, 7, 16160, 2000, 10000, 253000, 0, 0, 0, 0, 0, '-'),
(2011, 10, 8, 0, 0, 0, 0, 0, 0, 0, 0, 0, '-'),
(2011, 10, 9, 20000, 2000, 10000, 275000, 0, 0, 0, 0, 0, '-'),
(2011, 10, 10, 0, 2000, 10000, 0, 0, 0, 0, 0, 0, '0'),
(2011, 10, 11, 16160, 2000, 10000, 336000, 0, 0, 0, 0, 0, '-'),
(2011, 10, 12, 16160, 2000, 10000, 0, 0, 0, 0, 0, 0, '0'),
(2011, 10, 13, 16160, 2000, 10000, 220000, 0, 0, 0, 0, 0, '-'),
(2011, 10, 14, 16160, 2000, 10000, 315000, 0, 0, 0, 0, 0, '-'),
(2011, 10, 15, 16160, 2000, 10000, 192500, 0, 0, 0, 0, 0, '-'),
(2011, 10, 16, 16160, 2000, 10000, 220000, 0, 0, 0, 0, 0, '-'),
(2011, 10, 17, 16160, 2000, 10000, 165000, 0, 0, 0, 0, 0, '-'),
(2011, 10, 18, 16160, 2000, 10000, 253000, 0, 0, 0, 0, 0, '-'),
(2011, 10, 19, 0, 2000, 0, 0, 0, 0, 0, 0, 0, '0'),
(2011, 10, 20, 0, 2000, 0, 0, 0, 0, 0, 0, 0, '0'),
(2011, 10, 21, 0, 2000, 10000, 0, 0, 0, 18000, 0, 0, '-'),
(2011, 10, 22, 16160, 2000, 10000, 231000, 0, 0, 0, 0, 0, '-'),
(2011, 10, 23, 0, 2000, 10000, 0, 0, 0, 0, 0, 85000, '-'),
(2011, 10, 25, 16160, 2000, 10000, 165000, 0, 0, 0, 0, 0, '-'),
(2011, 10, 27, 16160, 2000, 10000, 253000, 0, 0, 0, 0, 0, '-'),
(2011, 10, 28, 16160, 2000, 0, 0, 0, 0, 0, 0, 0, '0'),
(2011, 10, 29, 16160, 2000, 0, 0, 0, 0, 0, 0, 0, '0'),
(2011, 10, 30, 16160, 2000, 0, 0, 0, 0, 0, 0, 0, '0'),
(2011, 10, 31, 0, 2000, 0, 0, 0, 0, 0, 0, 0, '0'),
(2011, 10, 32, 0, 2000, 10000, 176000, 0, 0, 0, 0, 0, '-'),
(2011, 10, 33, 16160, 2000, 10000, 165000, 0, 0, 0, 0, 0, '-'),
(2011, 10, 34, 0, 2000, 10000, 210000, 0, 0, 0, 0, 0, '-'),
(2011, 10, 35, 0, 2000, 10000, 165000, 0, 0, 0, 0, 0, '-'),
(2011, 10, 36, 16160, 2000, 10000, 305700, 0, 0, 0, 0, 0, '-'),
(2011, 10, 37, 16160, 2000, 10000, 420000, 0, 0, 0, 0, 0, '-'),
(2011, 10, 38, 16160, 2000, 0, 0, 0, 0, 0, 0, 0, '0'),
(2011, 10, 39, 16160, 2000, 10000, 165000, 0, 0, 0, 0, 0, '-'),
(2011, 10, 40, 16160, 2000, 0, 0, 0, 0, 0, 0, 0, '0'),
(2011, 10, 42, 16160, 2000, 10000, 110000, 0, 0, 0, 0, 0, '-'),
(2011, 10, 43, 30000, 2000, 0, 0, 0, 0, 0, 0, 0, '0'),
(2011, 10, 45, 16160, 2000, 0, 220000, 0, 0, 0, 0, 0, '-'),
(2011, 10, 46, 16160, 2000, 10000, 0, 0, 0, 0, 0, 0, '0'),
(2011, 10, 47, 16160, 2000, 0, 0, 0, 0, 0, 0, 0, '0'),
(2011, 10, 48, 16160, 2000, 10000, 0, 0, 0, 0, 0, 0, '0'),
(2011, 10, 49, 16160, 2000, 10000, 103000, 0, 0, 0, 0, 0, '-'),
(2011, 10, 50, 16160, 2000, 0, 0, 0, 0, 0, 0, 0, '0'),
(2011, 10, 51, 16160, 2000, 0, 0, 0, 0, 0, 0, 0, '0'),
(2011, 10, 52, 16160, 2000, 0, 0, 0, 0, 0, 0, 0, '0'),
(2011, 10, 53, 16160, 2000, 0, 0, 0, 0, 0, 0, 0, '0'),
(2011, 10, 54, 16160, 2000, 10000, 220000, 0, 0, 0, 0, 0, '-'),
(2011, 10, 55, 16160, 2000, 10000, 220000, 0, 0, 0, 0, 0, '-'),
(2011, 10, 57, 16160, 2000, 10000, 165000, 0, 0, 0, 0, 0, '-'),
(2011, 10, 58, 16160, 2000, 0, 0, 0, 0, 0, 0, 0, '0'),
(2011, 10, 59, 16160, 2000, 0, 0, 0, 0, 0, 0, 0, '0'),
(2011, 10, 60, 16160, 2000, 0, 0, 0, 0, 0, 0, 0, '0'),
(2011, 10, 61, 16160, 2000, 0, 0, 0, 0, 0, 0, 0, '0'),
(2011, 10, 62, 16160, 2000, 0, 0, 0, 0, 0, 0, 0, '0'),
(2011, 10, 63, 16160, 2000, 10000, 165000, 0, 0, 0, 0, 0, '-'),
(2011, 10, 66, 0, 2000, 0, 0, 0, 0, 0, 0, 0, '0'),
(2011, 10, 67, 0, 2000, 0, 0, 0, 0, 0, 0, 0, '0'),
(2011, 10, 68, 0, 2000, 0, 0, 0, 0, 0, 0, 0, '0'),
(2011, 10, 69, 0, 2000, 0, 0, 0, 0, 0, 0, 0, '0'),
(2011, 10, 70, 0, 2000, 0, 0, 0, 0, 0, 0, 0, '0'),
(2011, 10, 71, 0, 2000, 0, 0, 0, 0, 0, 0, 0, '0'),
(2011, 10, 72, 0, 2000, 0, 0, 0, 0, 0, 0, 0, '0'),
(2011, 10, 73, 0, 2000, 10000, 165000, 0, 0, 0, 0, 0, '-'),
(2011, 10, 74, 0, 2000, 0, 0, 0, 0, 0, 0, 0, '0'),
(2011, 10, 75, 0, 2000, 10000, 231000, 0, 0, 0, 0, 0, '-'),
(2011, 10, 76, 0, 2000, 0, 0, 0, 0, 0, 0, 0, '0'),
(2011, 10, 77, 0, 2000, 0, 0, 0, 0, 0, 0, 0, '0'),
(2011, 10, 78, 0, 2000, 0, 0, 0, 0, 0, 0, 0, '0'),
(2011, 10, 79, 0, 2000, 10000, 198000, 0, 0, 0, 0, 0, '-'),
(2011, 10, 80, 0, 2000, 10000, 165000, 0, 0, 0, 0, 0, '-'),
(2011, 10, 81, 0, 2000, 10000, 318000, 0, 0, 0, 0, 0, '-'),
(2011, 10, 82, 0, 2000, 10000, 0, 0, 0, 0, 0, 0, '0'),
(2011, 10, 83, 0, 2000, 0, 0, 0, 0, 0, 0, 0, '0'),
(2011, 10, 84, 0, 2000, 10000, 505000, 0, 0, 0, 0, 0, '-'),
(2011, 10, 85, 0, 2000, 0, 0, 0, 0, 0, 0, 0, '0'),
(2011, 10, 86, 0, 2000, 10000, 243000, 0, 0, 0, 0, 0, '-'),
(2011, 10, 90, 0, 2000, 0, 0, 0, 0, 0, 0, 0, '0'),
(2011, 10, 92, 0, 2000, 0, 0, 0, 0, 0, 0, 0, '0'),
(2011, 10, 94, 0, 2000, 0, 0, 0, 0, 0, 0, 0, '0'),
(2011, 10, 98, 0, 0, 10000, 165000, 0, 0, 0, 0, 0, '-'),
(2011, 10, 99, 0, 2000, 0, 0, 0, 0, 0, 0, 0, '0'),
(2011, 10, 100, 0, 2000, 0, 0, 0, 0, 0, 0, 0, '0'),
(2011, 10, 105, 0, 2000, 0, 0, 0, 0, 0, 0, 0, '0'),
(2011, 10, 107, 0, 2000, 0, 0, 0, 0, 0, 0, 50000, '-'),
(2011, 10, 108, 0, 2000, 10000, 0, 0, 0, 0, 0, 0, '0'),
(2011, 10, 109, 0, 2000, 0, 0, 0, 0, 0, 0, 0, '0'),
(2011, 10, 110, 0, 2000, 0, 0, 0, 0, 0, 0, 0, '0'),
(2011, 10, 113, 0, 2000, 0, 0, 0, 0, 0, 0, 0, '0'),
(2011, 10, 114, 0, 2000, 0, 230000, 0, 0, 0, 0, 0, '-'),
(2011, 10, 115, 0, 2000, 10000, 143000, 0, 0, 0, 0, 0, '-'),
(2011, 10, 116, 0, 2000, 10000, 0, 0, 0, 0, 0, 0, '0'),
(2011, 10, 118, 0, 2000, 0, 0, 0, 0, 0, 0, 0, '0'),
(2011, 10, 119, 0, 0, 0, 0, 0, 0, 0, 0, 0, '0'),
(2011, 10, 120, 0, 2000, 0, 110000, 0, 0, 0, 0, 0, '-'),
(2011, 10, 121, 0, 0, 0, 0, 0, 0, 0, 0, 0, '0'),
(2011, 10, 122, 0, 2000, 0, 0, 0, 0, 0, 0, 0, '0'),
(2011, 10, 123, 0, 2000, 0, 0, 0, 0, 0, 0, 0, '0'),
(2011, 10, 124, 0, 2000, 10000, 220000, 0, 0, 0, 0, 0, '-'),
(2011, 10, 125, 0, 2000, 0, 0, 0, 0, 0, 0, 0, '-'),
(2011, 10, 126, 0, 2000, 0, 0, 0, 0, 0, 0, 0, '0'),
(2011, 10, 127, 0, 2000, 0, 0, 0, 0, 0, 0, 0, '-'),
(2011, 10, 129, 0, 2000, 0, 0, 0, 0, 0, 0, 0, '-'),
(2011, 10, 130, 0, 2000, 0, 0, 0, 0, 0, 0, 0, '0'),
(2011, 10, 131, 0, 2000, 0, 0, 0, 0, 0, 0, 0, '0'),
(2011, 10, 132, 0, 2000, 0, 0, 0, 0, 0, 0, 0, '-'),
(2011, 10, 135, 0, 2000, 0, 0, 0, 0, 0, 0, 0, '0'),
(2011, 10, 136, 0, 2000, 0, 0, 0, 0, 0, 0, 0, '0'),
(2011, 10, 137, 0, 2000, 0, 0, 0, 0, 0, 0, 0, '0'),
(2011, 10, 65, 0, 2000, 0, 0, 0, 0, 0, 0, 0, '0'),
(2011, 10, 162, 0, 0, 0, 0, 0, 0, 0, 0, 500000, '-'),
(2011, 11, 1, 16160, 2000, 10000, 220000, 0, 0, 0, 0, 0, '-'),
(2011, 11, 2, 16160, 2000, 10000, 120000, 0, 0, 0, 0, 0, '-'),
(2011, 11, 4, 16160, 2000, 10000, 440000, 0, 0, 0, 0, 0, '-'),
(2011, 11, 5, 16160, 2000, 10000, 442000, 0, 0, 0, 0, 0, '-'),
(2011, 11, 6, 16160, 2000, 10000, 420000, 0, 0, 0, 0, 0, '-'),
(2011, 11, 7, 16160, 2000, 10000, 253000, 0, 0, 0, 0, 0, '-'),
(2011, 11, 8, 0, 0, 0, 0, 0, 0, 0, 0, 0, '-'),
(2011, 11, 9, 20000, 2000, 10000, 275000, 0, 0, 0, 0, 0, '-'),
(2011, 11, 10, 16160, 2000, 10000, 0, 0, 0, 0, 0, 0, '-'),
(2011, 11, 11, 16160, 2000, 10000, 336000, 0, 0, 0, 0, 0, '-'),
(2011, 11, 12, 16160, 2000, 10000, 110000, 0, 0, 0, 0, 0, '-'),
(2011, 11, 13, 16160, 2000, 10000, 220000, 0, 0, 0, 0, 0, '-'),
(2011, 11, 14, 16160, 2000, 10000, 315000, 0, 0, 0, 0, 0, '-'),
(2011, 11, 15, 16160, 2000, 10000, 192500, 0, 0, 0, 0, 0, '-'),
(2011, 11, 16, 16160, 2000, 10000, 483000, 0, 0, 0, 0, 0, '-'),
(2011, 11, 17, 16160, 2000, 10000, 165000, 0, 0, 0, 0, 0, '-'),
(2011, 11, 18, 16160, 2000, 10000, 253000, 0, 0, 0, 0, 0, '-'),
(2011, 11, 19, 0, 2000, 0, 0, 0, 0, 0, 0, 0, '0'),
(2011, 11, 20, 16160, 2000, 0, 0, 0, 0, 0, 0, 0, '-'),
(2011, 11, 21, 0, 2000, 10000, 0, 0, 0, 0, 0, 0, '0'),
(2011, 11, 22, 16160, 2000, 10000, 231000, 0, 0, 0, 0, 0, '-'),
(2011, 11, 23, 0, 2000, 10000, 0, 0, 0, 0, 0, 0, '0'),
(2011, 11, 25, 16160, 2000, 10000, 165000, 0, 0, 0, 0, 0, '-'),
(2011, 11, 27, 16160, 2000, 10000, 253000, 0, 0, 0, 0, 0, '-'),
(2011, 11, 28, 16160, 2000, 0, 0, 0, 0, 0, 0, 0, '0'),
(2011, 11, 29, 16160, 2000, 0, 0, 0, 0, 0, 0, 0, '0'),
(2011, 11, 30, 16160, 2000, 0, 0, 0, 0, 0, 0, 0, '0'),
(2011, 11, 31, 16160, 2000, 0, 0, 0, 0, 0, 0, 0, '-'),
(2011, 11, 32, 0, 2000, 10000, 176000, 0, 0, 0, 0, 0, '-'),
(2011, 11, 33, 16160, 2000, 10000, 165000, 0, 0, 0, 0, 0, '-'),
(2011, 11, 34, 0, 2000, 10000, 0, 0, 0, 0, 0, 0, '0'),
(2011, 11, 35, 0, 2000, 10000, 165000, 0, 0, 0, 0, 0, '-'),
(2011, 11, 36, 16160, 2000, 10000, 305700, 0, 0, 0, 0, 0, '-'),
(2011, 11, 37, 16160, 2000, 10000, 420000, 0, 0, 0, 0, 0, '-'),
(2011, 11, 38, 16160, 2000, 0, 0, 0, 0, 0, 0, 0, '0'),
(2011, 11, 39, 16160, 2000, 10000, 165000, 0, 0, 0, 0, 0, '-'),
(2011, 11, 40, 16160, 2000, 0, 0, 0, 0, 0, 0, 0, '0'),
(2011, 11, 42, 16160, 2000, 10000, 110000, 0, 0, 0, 0, 0, '-'),
(2011, 11, 43, 30000, 2000, 0, 0, 0, 0, 0, 0, 0, '0'),
(2011, 11, 45, 16160, 2000, 10000, 220000, 0, 0, 0, 0, 0, '-'),
(2011, 11, 46, 16160, 2000, 10000, 229200, 0, 0, 0, 0, 0, '-'),
(2011, 11, 47, 16160, 2000, 0, 0, 0, 0, 0, 0, 0, '0'),
(2011, 11, 48, 16160, 2000, 10000, 0, 0, 0, 0, 0, 0, '0'),
(2011, 11, 49, 16160, 2000, 10000, 103000, 0, 0, 0, 0, 0, '-'),
(2011, 11, 50, 16160, 2000, 0, 0, 0, 0, 0, 0, 0, '0'),
(2011, 11, 51, 16160, 2000, 0, 0, 0, 0, 0, 0, 0, '0'),
(2011, 11, 52, 16160, 2000, 0, 0, 0, 0, 0, 0, 0, '0'),
(2011, 11, 53, 16160, 2000, 0, 0, 0, 0, 0, 0, 0, '0'),
(2011, 11, 54, 16160, 2000, 10000, 220000, 0, 0, 0, 0, 0, '-'),
(2011, 11, 55, 16160, 2000, 10000, 220000, 0, 0, 0, 0, 0, '-'),
(2011, 11, 57, 16160, 2000, 10000, 165000, 0, 0, 0, 0, 0, '-'),
(2011, 11, 58, 16160, 2000, 0, 0, 0, 0, 0, 0, 0, '0'),
(2011, 11, 59, 16160, 2000, 0, 0, 0, 0, 0, 0, 0, '0'),
(2011, 11, 60, 16160, 2000, 0, 0, 0, 0, 0, 0, 0, '0'),
(2011, 11, 61, 16160, 2000, 0, 0, 0, 0, 0, 0, 0, '0'),
(2011, 11, 62, 16160, 2000, 0, 0, 0, 0, 0, 0, 0, '0'),
(2011, 11, 63, 16160, 2000, 10000, 165000, 0, 0, 0, 0, 0, '-'),
(2011, 11, 65, 0, 2000, 0, 0, 0, 0, 0, 0, 0, '0'),
(2011, 11, 66, 0, 2000, 0, 0, 0, 0, 0, 0, 0, '0'),
(2011, 11, 67, 16160, 2000, 10000, 0, 0, 0, 0, 0, 0, '-'),
(2011, 11, 68, 16160, 2000, 0, 0, 0, 0, 0, 0, 0, '-'),
(2011, 11, 69, 16160, 2000, 0, 0, 0, 0, 0, 0, 0, '-'),
(2011, 11, 70, 16160, 2000, 0, 0, 0, 0, 0, 0, 0, '-'),
(2011, 11, 71, 16160, 2000, 0, 0, 0, 0, 0, 0, 0, '-'),
(2011, 11, 72, 16160, 2000, 10000, 0, 0, 0, 0, 0, 0, '-'),
(2011, 11, 73, 0, 2000, 10000, 165000, 0, 0, 0, 0, 0, '-'),
(2011, 11, 74, 0, 2000, 10000, 0, 0, 0, 0, 0, 100000, '-'),
(2011, 11, 75, 16160, 2000, 10000, 231000, 0, 0, 0, 0, 0, '-'),
(2011, 11, 76, 16160, 2000, 0, 0, 0, 0, 0, 0, 0, '-'),
(2011, 11, 77, 16160, 2000, 0, 0, 0, 0, 0, 0, 0, '-'),
(2011, 11, 78, 16160, 2000, 0, 0, 0, 0, 0, 0, 0, '-'),
(2011, 11, 79, 16160, 2000, 10000, 198000, 0, 0, 0, 0, 0, '-'),
(2011, 11, 80, 0, 2000, 10000, 165000, 0, 0, 0, 0, 0, '-'),
(2011, 11, 81, 0, 2000, 10000, 318000, 0, 0, 0, 0, 0, '-'),
(2011, 11, 82, 0, 2000, 10000, 0, 0, 0, 0, 0, 0, '0'),
(2011, 11, 83, 0, 2000, 0, 0, 0, 0, 0, 0, 0, '0'),
(2011, 11, 84, 0, 2000, 10000, 0, 0, 0, 0, 0, 0, '0'),
(2011, 11, 85, 0, 2000, 0, 0, 0, 0, 0, 0, 0, '0'),
(2011, 11, 86, 0, 2000, 10000, 243000, 0, 0, 0, 0, 0, '-'),
(2011, 11, 90, 0, 2000, 10000, 265000, 0, 0, 0, 0, 0, '-'),
(2011, 11, 92, 0, 2000, 0, 0, 0, 0, 0, 0, 0, '0'),
(2011, 11, 94, 0, 2000, 0, 0, 0, 0, 0, 0, 0, '0'),
(2011, 11, 98, 0, 2000, 10000, 165000, 0, 0, 0, 0, 0, '-'),
(2011, 11, 99, 0, 2000, 0, 0, 0, 0, 0, 0, 0, '0'),
(2011, 11, 100, 0, 2000, 0, 0, 0, 0, 0, 0, 0, '0'),
(2011, 11, 105, 0, 2000, 10000, 315000, 0, 0, 0, 0, 0, '-'),
(2011, 11, 107, 0, 2000, 0, 0, 0, 0, 0, 0, 0, '0'),
(2011, 11, 108, 0, 2000, 10000, 0, 0, 0, 0, 0, 0, '0'),
(2011, 11, 109, 0, 2000, 10000, 0, 0, 0, 0, 0, 100000, 'simpanan sukarela'),
(2011, 11, 110, 0, 2000, 0, 0, 0, 0, 0, 0, 0, '0'),
(2011, 11, 113, 0, 2000, 0, 0, 0, 0, 0, 0, 0, '0'),
(2011, 11, 114, 0, 2000, 10000, 230000, 0, 0, 0, 0, 0, '-'),
(2011, 11, 115, 0, 2000, 10000, 143000, 0, 0, 0, 0, 0, '-'),
(2011, 11, 116, 0, 2000, 10000, 0, 0, 0, 0, 0, 0, '0'),
(2011, 11, 118, 0, 2000, 0, 0, 0, 0, 0, 0, 0, '0'),
(2011, 11, 119, 0, 0, 0, 0, 0, 0, 0, 0, 0, '0'),
(2011, 11, 120, 0, 2000, 10000, 110000, 0, 0, 0, 0, 0, '-'),
(2011, 11, 121, 0, 0, 0, 0, 0, 0, 0, 0, 0, '0'),
(2011, 11, 122, 0, 2000, 0, 0, 0, 0, 0, 0, 0, '0'),
(2011, 11, 123, 0, 2000, 0, 0, 0, 0, 0, 0, 0, '0'),
(2011, 11, 124, 0, 2000, 10000, 220000, 0, 0, 0, 0, 0, '-'),
(2011, 11, 125, 0, 2000, 0, 0, 0, 0, 0, 0, 0, '-'),
(2011, 11, 126, 0, 2000, 0, 0, 0, 0, 0, 0, 0, '0'),
(2011, 11, 127, 0, 0, 0, 0, 0, 0, 0, 0, 0, '0'),
(2011, 11, 129, 0, 2000, 0, 0, 0, 0, 0, 0, 0, '-'),
(2011, 11, 130, 0, 2000, 0, 0, 0, 0, 0, 0, 0, '0'),
(2011, 11, 131, 0, 2000, 0, 0, 0, 0, 0, 0, 0, '0'),
(2011, 11, 132, 0, 0, 0, 0, 0, 0, 0, 0, 0, '0'),
(2011, 11, 135, 0, 2000, 0, 0, 0, 0, 0, 0, 0, '0'),
(2011, 11, 136, 0, 2000, 0, 0, 0, 0, 0, 0, 0, '0'),
(2011, 11, 137, 0, 2000, 0, 0, 0, 0, 0, 0, 25000, 'kurang jaga 1x'),
(2011, 11, 162, 0, 0, 0, 0, 0, 0, 0, 0, 500000, '-'),
(2011, 11, 189, 0, 2000, 0, 0, 0, 0, 0, 0, 0, '-'),
(2011, 11, 191, 0, 2000, 0, 0, 0, 0, 0, 0, 0, '-'),
(2011, 11, 190, 0, 2000, 0, 0, 0, 0, 0, 0, 0, '-'),
(2011, 12, 1, 16160, 2000, 10000, 220000, 0, 0, 0, 0, 0, '-'),
(2011, 12, 2, 16160, 2000, 10000, 120000, 0, 0, 0, 0, 0, '-'),
(2011, 12, 4, 16160, 2000, 10000, 440000, 0, 0, 0, 0, 0, '-'),
(2011, 12, 5, 16160, 2000, 10000, 442000, 0, 0, 0, 0, 0, '-'),
(2011, 12, 6, 16160, 2000, 10000, 0, 0, 0, 0, 0, 0, '0'),
(2011, 12, 7, 16160, 2000, 10000, 253000, 0, 0, 0, 0, 0, '-'),
(2011, 12, 8, 0, 0, 0, 0, 0, 0, 0, 0, 0, '-'),
(2011, 12, 9, 20000, 2000, 10000, 275000, 0, 0, 0, 0, 0, '-'),
(2011, 12, 10, 0, 2000, 10000, 0, 0, 0, 0, 0, 0, '0'),
(2011, 12, 11, 16160, 2000, 10000, 290500, 0, 0, 0, 0, 0, '-'),
(2011, 12, 12, 16160, 2000, 10000, 110000, 0, 0, 0, 0, 0, '-'),
(2011, 12, 13, 16160, 2000, 10000, 220000, 0, 0, 0, 0, 0, '-'),
(2011, 12, 14, 16160, 2000, 10000, 315000, 0, 0, 0, 0, 0, '-'),
(2011, 12, 15, 16160, 2000, 10000, 192500, 0, 0, 0, 0, 0, '-'),
(2011, 12, 16, 16160, 2000, 10000, 483000, 0, 0, 0, 0, 0, '-'),
(2011, 12, 17, 16160, 2000, 10000, 315000, 0, 0, 0, 0, 0, '-'),
(2011, 12, 18, 16160, 2000, 10000, 253000, 0, 0, 0, 0, 0, '-'),
(2011, 12, 19, 0, 2000, 0, 0, 0, 0, 0, 0, 0, '0'),
(2011, 12, 20, 16160, 2000, 0, 0, 0, 0, 0, 0, 0, '0'),
(2011, 12, 21, 0, 2000, 10000, 0, 0, 0, 0, 0, 0, '0'),
(2011, 12, 22, 16160, 2000, 10000, 231000, 0, 0, 0, 0, 0, '-'),
(2011, 12, 23, 0, 2000, 10000, 0, 0, 0, 0, 0, 0, '0'),
(2011, 12, 25, 16160, 2000, 10000, 165000, 0, 0, 0, 0, 0, '-'),
(2011, 12, 27, 16160, 2000, 10000, 253000, 0, 0, 0, 0, 0, '-'),
(2011, 12, 28, 16160, 2000, 0, 0, 0, 0, 0, 0, 0, '0'),
(2011, 12, 29, 16160, 2000, 0, 0, 0, 0, 0, 0, 0, '0'),
(2011, 12, 30, 16160, 2000, 0, 0, 0, 0, 0, 0, 0, '0'),
(2011, 12, 31, 0, 2000, 0, 0, 0, 0, 0, 0, 0, '0'),
(2011, 12, 32, 0, 2000, 10000, 176000, 0, 0, 0, 0, 0, '-'),
(2011, 12, 33, 16160, 2000, 10000, 165000, 0, 0, 0, 0, 0, '-'),
(2011, 12, 34, 0, 2000, 10000, 315000, 0, 0, 0, 0, 0, '-'),
(2011, 12, 35, 0, 2000, 10000, 165000, 0, 0, 0, 0, 0, '-'),
(2011, 12, 36, 16160, 2000, 10000, 330000, 0, 0, 0, 0, 0, '-'),
(2011, 12, 37, 16160, 2000, 10000, 420000, 0, 0, 0, 0, 0, '-'),
(2011, 12, 38, 16160, 2000, 0, 0, 0, 0, 0, 0, 0, '0'),
(2011, 12, 39, 16160, 2000, 10000, 165000, 0, 0, 0, 0, 0, '-'),
(2011, 12, 40, 16160, 2000, 0, 0, 0, 0, 0, 0, 0, '0'),
(2011, 12, 42, 16160, 2000, 10000, 110000, 0, 0, 0, 0, 0, '-'),
(2011, 12, 43, 30000, 2000, 0, 0, 0, 0, 0, 0, 0, '0'),
(2011, 12, 45, 16160, 2000, 10000, 220000, 0, 0, 0, 0, 0, '-'),
(2011, 12, 46, 16160, 2000, 10000, 0, 0, 0, 0, 0, 0, '0'),
(2011, 12, 47, 16160, 2000, 0, 0, 0, 0, 0, 0, 0, '0'),
(2011, 12, 48, 16160, 2000, 10000, 0, 0, 0, 0, 0, 0, '0'),
(2011, 12, 49, 16160, 2000, 10000, 231000, 0, 0, 0, 0, 0, '-'),
(2011, 12, 50, 16160, 2000, 0, 0, 0, 0, 0, 0, 0, '0'),
(2011, 12, 51, 16160, 2000, 10000, 390000, 0, 0, 0, 0, 0, '-'),
(2011, 12, 52, 16160, 2000, 0, 0, 0, 0, 0, 0, 0, '0'),
(2011, 12, 53, 16160, 2000, 0, 0, 0, 0, 0, 0, 0, '0'),
(2011, 12, 54, 16160, 2000, 10000, 220000, 0, 0, 0, 0, 0, '-'),
(2011, 12, 55, 16160, 2000, 10000, 220000, 0, 0, 0, 0, 0, '-'),
(2011, 12, 57, 16160, 2000, 10000, 165000, 0, 0, 0, 0, 0, '-'),
(2011, 12, 58, 16160, 2000, 0, 0, 0, 0, 0, 0, 0, '0'),
(2011, 12, 59, 16160, 2000, 0, 0, 0, 0, 0, 0, 0, '0'),
(2011, 12, 60, 16160, 2000, 0, 0, 0, 0, 0, 0, 0, '0'),
(2011, 12, 61, 16160, 2000, 0, 0, 0, 0, 0, 0, 0, '0'),
(2011, 12, 62, 16160, 2000, 0, 0, 0, 0, 0, 0, 0, '0'),
(2011, 12, 63, 16160, 2000, 10000, 165000, 0, 0, 0, 0, 0, '-'),
(2011, 12, 65, 0, 2000, 0, 0, 0, 0, 0, 0, 0, '0'),
(2011, 12, 66, 0, 2000, 0, 0, 0, 0, 0, 0, 0, '0'),
(2011, 12, 67, 16160, 2000, 10000, 220000, 0, 0, 0, 0, 0, '-'),
(2011, 12, 68, 16160, 2000, 0, 0, 0, 0, 0, 0, 0, '0'),
(2011, 12, 69, 16160, 2000, 0, 0, 0, 0, 0, 0, 0, '0'),
(2011, 12, 70, 16160, 2000, 0, 0, 0, 0, 0, 0, 0, '0'),
(2011, 12, 71, 16160, 2000, 0, 0, 0, 0, 0, 0, 0, '0'),
(2011, 12, 72, 16160, 2000, 10000, 220000, 0, 0, 0, 0, 0, '-'),
(2011, 12, 73, 0, 2000, 10000, 165000, 0, 0, 0, 0, 0, '-'),
(2011, 12, 74, 0, 2000, 10000, 0, 0, 0, 0, 0, 100000, 'simpanan sukarela kop'),
(2011, 12, 75, 16160, 2000, 10000, 231000, 0, 0, 0, 0, 0, '-'),
(2011, 12, 76, 16160, 2000, 0, 0, 0, 0, 0, 0, 0, '0'),
(2011, 12, 77, 16160, 2000, 0, 0, 0, 0, 0, 0, 0, '0'),
(2011, 12, 78, 16160, 2000, 0, 0, 0, 0, 0, 0, 0, '0'),
(2011, 12, 79, 16160, 2000, 10000, 198000, 0, 0, 0, 0, 0, '-'),
(2011, 12, 80, 0, 2000, 10000, 165000, 0, 0, 0, 0, 0, '-'),
(2011, 12, 81, 0, 2000, 10000, 318000, 0, 0, 0, 0, 0, '-'),
(2011, 12, 82, 0, 2000, 10000, 315000, 0, 0, 0, 0, 0, '-'),
(2011, 12, 83, 0, 2000, 0, 0, 0, 0, 0, 0, 0, '0'),
(2011, 12, 84, 0, 2000, 10000, 0, 0, 0, 0, 0, 0, '0'),
(2011, 12, 85, 0, 2000, 0, 0, 0, 0, 0, 0, 0, '0'),
(2011, 12, 86, 0, 2000, 10000, 243000, 0, 0, 0, 0, 0, '-'),
(2011, 12, 90, 0, 2000, 10000, 265000, 0, 0, 0, 0, 0, '-'),
(2011, 12, 92, 0, 2000, 0, 0, 0, 0, 0, 0, 0, '0'),
(2011, 12, 94, 0, 2000, 0, 0, 0, 0, 0, 0, 0, '0'),
(2011, 12, 98, 0, 2000, 10000, 165000, 0, 0, 0, 0, 0, '-'),
(2011, 12, 99, 0, 2000, 0, 0, 0, 0, 0, 0, 0, '0'),
(2011, 12, 100, 0, 2000, 0, 0, 0, 0, 0, 0, 0, '0'),
(2011, 12, 105, 0, 2000, 10000, 315000, 0, 0, 0, 0, 0, '-'),
(2011, 12, 107, 0, 2000, 0, 0, 0, 0, 0, 0, 0, '0'),
(2011, 12, 108, 0, 2000, 10000, 105000, 0, 0, 0, 0, 0, '-'),
(2011, 12, 109, 0, 2000, 10000, 0, 0, 0, 0, 0, 100000, 'simpanan sukarela kop'),
(2011, 12, 110, 0, 2000, 0, 0, 0, 0, 0, 0, 0, '0'),
(2011, 12, 113, 0, 2000, 0, 0, 0, 0, 0, 0, 0, '0'),
(2011, 12, 114, 0, 2000, 10000, 230000, 0, 0, 0, 0, 0, '-'),
(2011, 12, 115, 0, 2000, 10000, 143000, 0, 0, 0, 0, 0, '-'),
(2011, 12, 116, 0, 2000, 10000, 0, 0, 0, 0, 0, 0, '0'),
(2011, 12, 118, 0, 2000, 0, 0, 0, 0, 0, 0, 0, '0'),
(2011, 12, 119, 0, 0, 0, 0, 0, 0, 0, 0, 0, '0'),
(2011, 12, 120, 0, 2000, 10000, 110000, 0, 0, 0, 0, 0, '-'),
(2011, 12, 121, 0, 0, 0, 0, 0, 0, 0, 0, 0, '0'),
(2011, 12, 122, 0, 2000, 0, 0, 0, 0, 0, 0, 0, '0'),
(2011, 12, 123, 0, 2000, 0, 0, 0, 0, 0, 0, 0, '0'),
(2011, 12, 124, 0, 2000, 10000, 220000, 0, 0, 0, 0, 0, '-'),
(2011, 12, 125, 0, 2000, 0, 0, 0, 0, 0, 0, 0, '-'),
(2011, 12, 126, 0, 2000, 0, 0, 0, 0, 0, 0, 0, '0'),
(2011, 12, 127, 0, 2000, 0, 0, 0, 0, 0, 0, 0, '-'),
(2011, 12, 129, 0, 2000, 0, 0, 0, 0, 0, 0, 0, '-'),
(2011, 12, 130, 0, 2000, 0, 0, 0, 0, 0, 0, 0, '0'),
(2011, 12, 131, 0, 2000, 0, 0, 0, 0, 0, 0, 0, '0'),
(2011, 12, 132, 0, 0, 0, 0, 0, 0, 0, 0, 0, '0'),
(2011, 12, 135, 0, 2000, 0, 0, 0, 0, 0, 0, 0, '0'),
(2011, 12, 136, 0, 2000, 10000, 0, 0, 0, 0, 0, 0, '-'),
(2011, 12, 137, 0, 2000, 0, 0, 0, 0, 0, 0, 0, '0'),
(2011, 12, 162, 0, 0, 0, 0, 0, 0, 0, 0, 500000, '-'),
(2011, 12, 198, 0, 2000, 0, 0, 0, 0, 0, 0, 0, '-'),
(2011, 12, 204, 0, 2000, 0, 0, 0, 0, 0, 0, 0, '-'),
(2011, 12, 189, 0, 2000, 10000, 0, 0, 0, 0, 0, 0, '-'),
(2011, 12, 193, 0, 2000, 0, 0, 0, 0, 0, 0, 0, '-'),
(2011, 12, 194, 0, 2000, 0, 0, 0, 0, 0, 0, 0, '-'),
(2011, 12, 196, 0, 2000, 0, 0, 0, 0, 0, 0, 0, '-'),
(2011, 12, 190, 0, 2000, 0, 0, 0, 0, 0, 0, 0, '-'),
(2011, 12, 191, 0, 2000, 0, 0, 0, 0, 0, 0, 0, '-'),
(2011, 12, 178, 0, 0, 0, 0, 0, 0, 544312, 0, 0, '-'),
(2011, 12, 179, 0, 0, 0, 0, 0, 0, 851250, 0, 0, '-'),
(2011, 12, 180, 0, 0, 0, 0, 0, 0, 775500, 0, 0, '-'),
(2011, 12, 181, 0, 0, 0, 0, 0, 0, 22500, 0, 0, '-'),
(2011, 12, 182, 0, 0, 0, 0, 0, 0, 2254312, 0, 0, '-'),
(2011, 12, 183, 0, 0, 0, 0, 0, 0, 2765437, 0, 0, '-'),
(2011, 12, 184, 0, 0, 0, 0, 0, 0, 553312, 0, 0, '-'),
(2011, 12, 185, 0, 0, 0, 0, 0, 0, 3127687, 0, 0, '-'),
(2011, 12, 186, 0, 0, 0, 0, 0, 0, 944625, 0, 0, '-'),
(2011, 12, 206, 0, 0, 0, 0, 0, 0, 126375, 0, 0, '-'),
(2011, 12, 207, 0, 0, 0, 0, 0, 0, 987750, 0, 0, '-'),
(2011, 12, 208, 0, 0, 0, 0, 0, 0, 614812, 0, 0, '-'),
(2011, 12, 210, 0, 0, 0, 0, 0, 0, 1432500, 0, 0, '-'),
(2011, 12, 211, 0, 0, 0, 0, 0, 0, 1777500, 0, 0, '-'),
(2011, 12, 212, 0, 0, 0, 0, 0, 0, 971250, 0, 0, '-'),
(2011, 12, 213, 0, 0, 0, 0, 0, 0, 1713750, 0, 0, '-'),
(2011, 12, 214, 0, 0, 0, 0, 0, 0, 1830937, 0, 0, '-'),
(2011, 12, 215, 0, 0, 0, 0, 0, 0, 492375, 0, 0, '-'),
(2011, 12, 216, 0, 0, 0, 0, 0, 0, 102562, 0, 0, '-'),
(2011, 12, 219, 0, 0, 0, 0, 0, 0, 601500, 0, 0, '-'),
(2012, 1, 1, 17900, 2000, 10000, 220000, 0, 0, 0, 0, 0, '-'),
(2012, 1, 2, 17900, 2000, 10000, 120000, 0, 0, 0, 0, 0, '-'),
(2012, 1, 4, 17900, 2000, 10000, 440000, 0, 0, 0, 0, 0, '-'),
(2012, 1, 5, 17900, 2000, 10000, 0, 0, 0, 0, 0, 0, '0'),
(2012, 1, 6, 17900, 2000, 10000, 0, 0, 0, 0, 0, 0, '0'),
(2012, 1, 7, 17900, 2000, 10000, 253000, 0, 0, 0, 0, 60000, '-'),
(2012, 1, 8, 0, 0, 0, 0, 0, 0, 0, 0, 0, '0'),
(2012, 1, 9, 20000, 2000, 10000, 275000, 0, 0, 0, 0, 0, '-'),
(2012, 1, 10, 17900, 2000, 10000, 0, 0, 0, 0, 0, 0, '0'),
(2012, 1, 11, 17900, 2000, 10000, 290500, 0, 0, 0, 0, 0, '-'),
(2012, 1, 12, 17900, 2000, 10000, 110000, 0, 0, 0, 0, 0, '-'),
(2012, 1, 13, 17900, 2000, 10000, 220000, 0, 0, 0, 0, 0, '-'),
(2012, 1, 14, 17900, 2000, 10000, 315000, 0, 0, 0, 0, 0, '-'),
(2012, 1, 15, 17900, 2000, 10000, 192500, 0, 0, 0, 0, 0, '-'),
(2012, 1, 16, 17900, 2000, 10000, 483000, 0, 0, 0, 0, 60000, '-'),
(2012, 1, 17, 17900, 2000, 10000, 315000, 0, 0, 0, 0, 0, '-'),
(2012, 1, 18, 17900, 2000, 10000, 253000, 0, 0, 0, 0, 0, '-'),
(2012, 1, 19, 0, 2000, 0, 0, 0, 0, 0, 0, 0, '0'),
(2012, 1, 20, 17900, 2000, 0, 0, 0, 0, 0, 0, 0, '0'),
(2012, 1, 21, 0, 2000, 10000, 0, 0, 0, 0, 0, 0, '0'),
(2012, 1, 22, 17900, 2000, 10000, 231000, 0, 0, 0, 0, 0, '-'),
(2012, 1, 23, 0, 2000, 10000, 0, 0, 0, 0, 0, 0, '0'),
(2012, 1, 25, 17900, 2000, 10000, 315000, 0, 0, 0, 0, 0, '-'),
(2012, 1, 27, 17900, 2000, 10000, 253000, 0, 0, 0, 0, 0, '-'),
(2012, 1, 28, 17900, 2000, 10000, 0, 0, 0, 0, 0, 0, '0'),
(2012, 1, 29, 17900, 2000, 10000, 0, 0, 0, 0, 0, 0, '-'),
(2012, 1, 30, 17900, 2000, 0, 0, 0, 0, 0, 0, 0, '0'),
(2012, 1, 31, 0, 2000, 0, 0, 0, 0, 0, 0, 0, '0'),
(2012, 1, 32, 0, 2000, 10000, 176000, 0, 0, 0, 0, 0, '-'),
(2012, 1, 33, 17900, 2000, 10000, 165000, 0, 0, 0, 0, 0, '-'),
(2012, 1, 34, 0, 2000, 10000, 315000, 0, 0, 0, 0, 0, '-'),
(2012, 1, 35, 0, 2000, 10000, 165000, 0, 0, 0, 0, 0, '-'),
(2012, 1, 36, 17900, 2000, 10000, 330000, 0, 0, 0, 0, 0, '-'),
(2012, 1, 37, 17900, 2000, 10000, 420000, 0, 0, 0, 0, 0, '-'),
(2012, 1, 38, 17900, 2000, 0, 0, 0, 0, 0, 0, 60000, '-'),
(2012, 1, 39, 17900, 2000, 10000, 165000, 0, 0, 0, 0, 0, '-'),
(2012, 1, 40, 17900, 2000, 0, 0, 0, 0, 0, 0, 0, '0'),
(2012, 1, 42, 17900, 2000, 10000, 110000, 0, 0, 0, 0, 60000, '-'),
(2012, 1, 43, 30000, 2000, 0, 0, 0, 0, 0, 0, 0, '0'),
(2012, 1, 45, 17900, 2000, 10000, 220000, 0, 0, 0, 0, 0, '-'),
(2012, 1, 46, 17900, 2000, 10000, 0, 0, 0, 0, 0, 0, '0'),
(2012, 1, 47, 17900, 2000, 0, 0, 0, 0, 0, 0, 60000, '-'),
(2012, 1, 48, 17900, 2000, 10000, 0, 0, 0, 0, 0, 0, '0'),
(2012, 1, 49, 17900, 2000, 10000, 231000, 0, 0, 0, 0, 0, '-'),
(2012, 1, 50, 17900, 2000, 0, 0, 0, 0, 0, 0, 0, '0'),
(2012, 1, 51, 17900, 2000, 10000, 390000, 0, 0, 0, 0, 0, '-'),
(2012, 1, 52, 17900, 2000, 0, 0, 0, 0, 0, 0, 0, '0'),
(2012, 1, 53, 17900, 2000, 0, 0, 0, 0, 0, 0, 0, '0'),
(2012, 1, 54, 17900, 2000, 10000, 220000, 0, 0, 0, 0, 0, '-'),
(2012, 1, 55, 17900, 2000, 10000, 220000, 0, 0, 0, 0, 0, '-'),
(2012, 1, 57, 17900, 2000, 10000, 165000, 0, 0, 0, 0, 0, '-'),
(2012, 1, 58, 17900, 2000, 10000, 0, 0, 0, 0, 0, 0, '0'),
(2012, 1, 59, 17900, 2000, 0, 0, 0, 0, 0, 0, 0, '0'),
(2012, 1, 60, 17900, 2000, 0, 0, 0, 0, 0, 0, 0, '0'),
(2012, 1, 61, 17900, 2000, 0, 0, 0, 0, 0, 0, 0, '0'),
(2012, 1, 62, 17900, 2000, 0, 0, 0, 0, 0, 0, 0, '0'),
(2012, 1, 63, 17900, 2000, 10000, 165000, 0, 0, 0, 0, 0, '-'),
(2012, 1, 65, 0, 2000, 0, 0, 0, 0, 0, 0, 210000, 'cervarix'),
(2012, 1, 66, 0, 2000, 0, 0, 0, 0, 0, 0, 0, '0'),
(2012, 1, 67, 17900, 2000, 10000, 220000, 0, 0, 0, 0, 0, '-'),
(2012, 1, 68, 17900, 2000, 0, 0, 0, 0, 0, 0, 0, '0'),
(2012, 1, 69, 17900, 2000, 10000, 0, 0, 0, 0, 0, 0, '0'),
(2012, 1, 70, 17900, 2000, 0, 0, 0, 0, 0, 0, 60000, '-'),
(2012, 1, 71, 17900, 2000, 10000, 0, 0, 0, 0, 0, 60000, '-'),
(2012, 1, 72, 17900, 2000, 10000, 220000, 0, 0, 0, 0, 0, '-'),
(2012, 1, 73, 0, 2000, 10000, 165000, 0, 0, 0, 0, 0, '-'),
(2012, 1, 74, 0, 2000, 10000, 0, 0, 0, 0, 0, 100000, '-'),
(2012, 1, 75, 17900, 2000, 10000, 231000, 0, 0, 0, 0, 0, '-'),
(2012, 1, 76, 17900, 2000, 0, 0, 0, 0, 0, 0, 0, '0'),
(2012, 1, 77, 17900, 2000, 0, 0, 0, 0, 0, 0, 0, '0'),
(2012, 1, 78, 17900, 2000, 10000, 176600, 0, 0, 0, 0, 60000, '-'),
(2012, 1, 79, 17900, 2000, 10000, 198000, 0, 0, 0, 0, 0, '-'),
(2012, 1, 80, 17900, 2000, 10000, 0, 0, 0, 0, 0, 232000, 'cervarix'),
(2012, 1, 81, 17900, 2000, 10000, 318000, 0, 0, 0, 0, 0, '-'),
(2012, 1, 82, 17900, 2000, 10000, 315000, 0, 0, 0, 0, 0, '-'),
(2012, 1, 83, 17900, 2000, 0, 0, 0, 0, 0, 0, 0, '0'),
(2012, 1, 84, 17900, 2000, 10000, 0, 0, 0, 0, 0, 0, '0'),
(2012, 1, 85, 17900, 2000, 0, 0, 0, 0, 0, 0, 0, '0'),
(2012, 1, 86, 17900, 2000, 10000, 243000, 0, 0, 0, 0, 0, '-'),
(2012, 1, 90, 17900, 2000, 10000, 265000, 0, 0, 0, 0, 0, '-'),
(2012, 1, 92, 17900, 2000, 0, 0, 0, 0, 0, 0, 0, '0'),
(2012, 1, 94, 0, 2000, 0, 0, 0, 0, 0, 0, 60000, '-'),
(2012, 1, 98, 0, 0, 10000, 165000, 0, 0, 0, 0, 0, '-'),
(2012, 1, 99, 0, 2000, 0, 0, 0, 0, 0, 0, 0, '0'),
(2012, 1, 100, 0, 2000, 10000, 0, 0, 0, 0, 0, 0, '0'),
(2012, 1, 105, 0, 2000, 10000, 0, 0, 0, 0, 0, 0, '0'),
(2012, 1, 107, 0, 2000, 10000, 0, 0, 0, 0, 0, 0, '0'),
(2012, 1, 108, 0, 2000, 10000, 105000, 0, 0, 0, 0, 0, '-'),
(2012, 1, 109, 0, 2000, 10000, 0, 0, 0, 0, 0, 100000, '-'),
(2012, 1, 110, 0, 2000, 10000, 0, 0, 0, 0, 0, 0, '0'),
(2012, 1, 113, 0, 2000, 0, 0, 0, 0, 0, 0, 0, '0'),
(2012, 1, 114, 0, 2000, 10000, 230000, 0, 0, 0, 0, 0, '-'),
(2012, 1, 115, 0, 2000, 10000, 143000, 0, 0, 0, 0, 0, '-'),
(2012, 1, 116, 0, 2000, 10000, 0, 0, 0, 0, 0, 0, '0'),
(2012, 1, 118, 0, 2000, 0, 0, 0, 0, 0, 0, 0, '0'),
(2012, 1, 119, 0, 2000, 10000, 0, 0, 0, 0, 0, 0, '0'),
(2012, 1, 120, 0, 2000, 10000, 110000, 0, 0, 0, 0, 0, '-'),
(2012, 1, 121, 0, 0, 0, 0, 0, 0, 0, 0, 0, '0'),
(2012, 1, 122, 0, 2000, 0, 0, 0, 0, 0, 0, 0, '0'),
(2012, 1, 123, 0, 2000, 0, 0, 0, 0, 0, 0, 0, '0'),
(2012, 1, 124, 0, 2000, 10000, 220000, 0, 0, 0, 0, 0, '-'),
(2012, 1, 125, 0, 2000, 0, 0, 0, 0, 0, 0, 0, '-'),
(2012, 1, 126, 0, 2000, 0, 0, 0, 0, 0, 0, 75000, '-'),
(2012, 1, 127, 0, 2000, 0, 0, 0, 0, 0, 0, 0, '0'),
(2012, 1, 129, 0, 2000, 0, 0, 0, 0, 0, 0, 0, '-'),
(2012, 1, 130, 0, 2000, 0, 0, 0, 0, 0, 0, 0, '0'),
(2012, 1, 131, 0, 2000, 0, 0, 0, 0, 0, 0, 75000, '-'),
(2012, 1, 132, 0, 2000, 0, 0, 0, 0, 0, 0, 0, '-'),
(2012, 1, 135, 0, 2000, 0, 0, 0, 0, 0, 0, 0, '0'),
(2012, 1, 136, 0, 2000, 10000, 143000, 0, 0, 0, 0, 0, '-'),
(2012, 1, 137, 0, 2000, 0, 0, 0, 0, 0, 0, 75000, '-'),
(2012, 1, 162, 0, 0, 0, 0, 0, 0, 0, 0, 500000, 'angsuran ke dr hw'),
(2012, 1, 189, 0, 2000, 10000, 143000, 0, 0, 0, 0, 0, '-'),
(2012, 1, 138, 0, 2000, 0, 0, 0, 0, 0, 0, 0, '-'),
(2012, 1, 190, 0, 2000, 0, 0, 0, 0, 0, 0, 0, '-'),
(2012, 1, 191, 0, 2000, 0, 0, 0, 0, 0, 0, 0, '-'),
(2012, 1, 192, 0, 2000, 0, 0, 0, 0, 0, 0, 0, '-'),
(2012, 1, 193, 0, 2000, 0, 0, 0, 0, 0, 0, 0, '-'),
(2012, 1, 194, 0, 2000, 0, 0, 0, 0, 0, 0, 0, '-'),
(2012, 1, 196, 0, 2000, 0, 0, 0, 0, 0, 0, 0, '-'),
(2012, 1, 198, 0, 2000, 0, 0, 0, 0, 0, 0, 0, '-'),
(2012, 1, 202, 0, 2000, 10000, 0, 0, 0, 0, 0, 0, '-'),
(2012, 1, 204, 0, 2000, 0, 0, 0, 0, 0, 0, 0, '-'),
(2012, 2, 1, 16160, 2000, 10000, 253000, 0, 0, 0, 0, 0, '-'),
(2012, 2, 2, 16160, 2000, 10000, 120000, 0, 0, 0, 0, 0, '-'),
(2012, 2, 4, 16160, 2000, 10000, 440000, 0, 0, 0, 0, 0, '-'),
(2012, 2, 5, 16160, 2000, 10000, 0, 0, 0, 0, 0, 100000, 'dana pensiun'),
(2012, 2, 6, 16160, 2000, 10000, 0, 0, 0, 0, 0, 0, '-'),
(2012, 2, 7, 16160, 2000, 10000, 253000, 0, 0, 0, 0, 0, '-'),
(2012, 2, 8, 0, 0, 0, 0, 0, 0, 0, 0, 0, '-'),
(2012, 2, 9, 20000, 2000, 10000, 286000, 0, 0, 0, 0, 0, '-'),
(2012, 2, 10, 16160, 2000, 10000, 420000, 0, 0, 0, 0, 0, '-'),
(2012, 2, 11, 16160, 2000, 10000, 290500, 0, 0, 0, 0, 0, '-'),
(2012, 2, 12, 16160, 2000, 10000, 110000, 0, 0, 0, 0, 0, '-'),
(2012, 2, 13, 16160, 2000, 10000, 315000, 0, 0, 0, 0, 0, '-'),
(2012, 2, 14, 16160, 2000, 10000, 0, 0, 0, 0, 0, 50000, 'dana pensiun'),
(2012, 2, 15, 16160, 2000, 10000, 192500, 0, 0, 0, 0, 0, '-'),
(2012, 2, 16, 16160, 2000, 10000, 483000, 0, 0, 0, 0, 0, '-'),
(2012, 2, 17, 16160, 2000, 10000, 315000, 0, 0, 0, 0, 0, '-'),
(2012, 2, 18, 16160, 2000, 10000, 253000, 0, 0, 0, 0, 0, '-'),
(2012, 2, 19, 0, 2000, 0, 0, 0, 0, 0, 0, 0, '-'),
(2012, 2, 20, 16160, 2000, 0, 0, 0, 0, 0, 0, 50000, 'kurang jaga 2x'),
(2012, 2, 21, 0, 2000, 10000, 0, 0, 0, 0, 0, 0, '-'),
(2012, 2, 22, 16160, 2000, 10000, 231000, 0, 0, 0, 0, 0, '-'),
(2012, 2, 23, 0, 2000, 10000, 0, 0, 0, 0, 0, 0, '-'),
(2012, 2, 25, 16160, 2000, 10000, 210000, 0, 0, 0, 0, 0, '-'),
(2012, 2, 27, 16160, 2000, 10000, 253000, 0, 0, 0, 0, 0, '-'),
(2012, 2, 28, 16160, 2000, 0, 0, 0, 0, 0, 0, 50000, 'kurang jaga 2x'),
(2012, 2, 29, 16160, 2000, 10000, 220000, 0, 0, 0, 0, 0, '-'),
(2012, 2, 30, 16160, 2000, 0, 0, 0, 0, 0, 0, 0, '-'),
(2012, 2, 31, 0, 2000, 0, 0, 0, 0, 0, 0, 0, '-'),
(2012, 2, 32, 0, 2000, 10000, 176000, 0, 0, 0, 0, 0, '-'),
(2012, 2, 33, 16160, 2000, 10000, 165000, 0, 0, 0, 0, 0, '-'),
(2012, 2, 34, 0, 2000, 10000, 315000, 0, 0, 0, 0, 0, '-'),
(2012, 2, 35, 0, 2000, 10000, 165000, 0, 0, 0, 0, 0, '-'),
(2012, 2, 36, 16160, 2000, 10000, 321000, 0, 0, 0, 0, 0, '-'),
(2012, 2, 37, 16160, 2000, 10000, 0, 0, 0, 0, 0, 100000, 'dana pensiun'),
(2012, 2, 38, 16160, 2000, 0, 0, 0, 0, 0, 0, 0, '-'),
(2012, 2, 39, 16160, 2000, 10000, 165000, 0, 0, 0, 0, 0, '-'),
(2012, 2, 40, 16160, 2000, 0, 0, 0, 0, 0, 0, 0, '-'),
(2012, 2, 42, 16160, 2000, 10000, 110000, 0, 0, 0, 0, 0, '-'),
(2012, 2, 43, 30000, 2000, 0, 0, 0, 0, 0, 0, 0, '-'),
(2012, 2, 45, 16160, 2000, 10000, 220000, 0, 0, 0, 0, 0, '-'),
(2012, 2, 46, 16160, 2000, 10000, 0, 0, 0, 0, 0, 0, '-'),
(2012, 2, 47, 16160, 2000, 0, 0, 0, 0, 0, 0, 0, '-'),
(2012, 2, 48, 16160, 2000, 10000, 105000, 0, 0, 0, 0, 0, '-'),
(2012, 2, 49, 16160, 2000, 10000, 231000, 0, 0, 0, 0, 0, '-'),
(2012, 2, 50, 16160, 2000, 0, 0, 0, 0, 0, 0, 0, '-'),
(2012, 2, 51, 16160, 2000, 10000, 390000, 0, 0, 0, 0, 0, '-'),
(2012, 2, 52, 16160, 2000, 0, 0, 0, 0, 0, 0, 0, '-'),
(2012, 2, 53, 16160, 2000, 0, 0, 0, 0, 0, 0, 0, '-'),
(2012, 2, 54, 16160, 2000, 10000, 420000, 0, 0, 0, 0, 0, '-'),
(2012, 2, 55, 16160, 2000, 10000, 220000, 0, 0, 0, 0, 150000, 'dana pensiun'),
(2012, 2, 57, 16160, 2000, 10000, 165000, 0, 0, 0, 0, 0, '-'),
(2012, 2, 58, 16160, 2000, 0, 0, 0, 0, 0, 0, 0, '-'),
(2012, 2, 59, 16160, 2000, 0, 0, 0, 0, 0, 0, 0, '-'),
(2012, 2, 60, 16160, 2000, 0, 0, 0, 0, 0, 0, 0, '-'),
(2012, 2, 61, 16160, 2000, 0, 0, 0, 0, 0, 0, 0, '-'),
(2012, 2, 62, 16160, 2000, 0, 0, 0, 0, 0, 0, 0, '-'),
(2012, 2, 63, 16160, 2000, 10000, 165000, 0, 0, 0, 0, 0, '-'),
(2012, 2, 65, 0, 2000, 0, 0, 0, 0, 0, 0, 0, '-'),
(2012, 2, 66, 0, 2000, 0, 0, 0, 0, 0, 0, 0, '-'),
(2012, 2, 67, 16160, 2000, 10000, 220000, 0, 0, 0, 0, 0, '-'),
(2012, 2, 68, 16160, 2000, 0, 0, 0, 0, 0, 0, 0, '-'),
(2012, 2, 69, 16160, 2000, 0, 0, 0, 0, 0, 0, 0, '-'),
(2012, 2, 70, 16160, 2000, 0, 0, 0, 0, 0, 0, 0, '-'),
(2012, 2, 71, 16160, 2000, 10000, 220000, 0, 0, 0, 0, 0, '-'),
(2012, 2, 72, 16160, 2000, 10000, 220000, 0, 0, 0, 0, 0, '-'),
(2012, 2, 73, 0, 2000, 10000, 165000, 0, 0, 0, 0, 0, '-'),
(2012, 2, 74, 0, 2000, 10000, 0, 0, 0, 0, 0, 100000, 'simpanan sukarela'),
(2012, 2, 75, 16160, 2000, 10000, 231000, 0, 0, 0, 0, 100000, 'dana pensiun'),
(2012, 2, 76, 16160, 2000, 0, 0, 0, 0, 0, 0, 0, '-'),
(2012, 2, 77, 16160, 2000, 0, 0, 0, 0, 0, 0, 0, '-'),
(2012, 2, 78, 16160, 2000, 10000, 176700, 0, 0, 0, 0, 0, '-'),
(2012, 2, 79, 16160, 2000, 10000, 198000, 0, 0, 0, 0, 50000, 'dana pensiun'),
(2012, 2, 80, 16160, 2000, 10000, 0, 0, 0, 0, 0, 0, '-'),
(2012, 2, 81, 16160, 2000, 10000, 318000, 0, 0, 0, 0, 0, '-'),
(2012, 2, 82, 0, 2000, 10000, 315000, 0, 0, 0, 0, 50000, 'dana pensiun'),
(2012, 2, 83, 0, 2000, 0, 0, 0, 0, 0, 0, 0, '-'),
(2012, 2, 84, 0, 2000, 10000, 0, 0, 0, 0, 0, 0, '-'),
(2012, 2, 85, 0, 2000, 0, 0, 0, 0, 0, 0, 209000, 'Klaim Dankes'),
(2012, 2, 86, 0, 2000, 10000, 243000, 0, 0, 0, 0, 250000, 'dana pensiun'),
(2012, 2, 90, 0, 2000, 10000, 265000, 0, 0, 0, 0, 0, '-'),
(2012, 2, 92, 0, 2000, 0, 0, 0, 0, 0, 0, 0, '-'),
(2012, 2, 94, 0, 2000, 0, 0, 0, 0, 0, 0, 0, '-'),
(2012, 2, 98, 0, 2000, 10000, 165000, 0, 0, 0, 0, 0, '-'),
(2012, 2, 99, 0, 2000, 0, 0, 0, 0, 0, 0, 0, '-'),
(2012, 2, 100, 0, 2000, 0, 0, 0, 0, 0, 0, 0, '-'),
(2012, 2, 105, 0, 2000, 10000, 0, 0, 0, 0, 0, 0, '-'),
(2012, 2, 107, 0, 2000, 0, 0, 0, 0, 0, 0, 0, '-'),
(2012, 2, 108, 0, 2000, 10000, 105000, 0, 0, 0, 0, 0, '-'),
(2012, 2, 109, 0, 2000, 10000, 106000, 0, 0, 0, 0, 0, '-'),
(2012, 2, 110, 0, 2000, 0, 0, 0, 0, 0, 0, 0, '-'),
(2012, 2, 113, 0, 2000, 0, 0, 0, 0, 0, 0, 0, '-'),
(2012, 2, 114, 0, 2000, 10000, 230000, 0, 0, 0, 0, 0, '-'),
(2012, 2, 115, 0, 2000, 10000, 143000, 0, 0, 0, 0, 0, '-'),
(2012, 2, 116, 0, 2000, 10000, 0, 0, 0, 0, 0, 100000, 'Dana Pensiun'),
(2012, 2, 118, 0, 2000, 0, 0, 0, 0, 0, 0, 0, '-'),
(2012, 2, 119, 0, 2000, 0, 0, 0, 0, 0, 0, 0, '-'),
(2012, 2, 120, 0, 2000, 10000, 110000, 0, 0, 0, 0, 0, '-'),
(2012, 2, 121, 0, 0, 0, 0, 0, 0, 0, 0, 0, '-'),
(2012, 2, 122, 0, 2000, 0, 0, 0, 0, 0, 0, 0, '-'),
(2012, 2, 123, 0, 2000, 0, 0, 0, 0, 0, 0, 0, '-'),
(2012, 2, 124, 0, 2000, 10000, 220000, 0, 0, 0, 0, 0, '-'),
(2012, 2, 125, 0, 2000, 0, 0, 0, 0, 0, 0, 0, '-'),
(2012, 2, 126, 0, 2000, 0, 0, 0, 0, 0, 0, 0, '-'),
(2012, 2, 127, 0, 2000, 0, 0, 0, 0, 0, 0, 0, '-'),
(2012, 2, 129, 0, 2000, 0, 0, 0, 0, 0, 0, 0, '-'),
(2012, 2, 130, 0, 2000, 0, 0, 0, 0, 0, 0, 0, '-'),
(2012, 2, 131, 0, 2000, 0, 0, 0, 0, 0, 0, 108000, 'klaim dana terhutang'),
(2012, 2, 132, 0, 2000, 0, 0, 0, 0, 0, 0, 0, '-'),
(2012, 2, 135, 0, 2000, 0, 0, 0, 0, 0, 0, 0, '-'),
(2012, 2, 136, 0, 2000, 10000, 143000, 0, 0, 0, 0, 0, '-'),
(2012, 2, 137, 0, 2000, 0, 0, 0, 0, 0, 0, 0, '-'),
(2012, 2, 162, 0, 0, 0, 0, 500000, 0, 0, 0, 0, '-'),
(2012, 2, 189, 0, 2000, 10000, 143000, 0, 0, 0, 0, 0, '-'),
(2012, 2, 204, 0, 2000, 0, 0, 0, 0, 0, 0, 25000, 'kurang jaga 1x'),
(2012, 2, 138, 0, 2000, 0, 0, 0, 0, 0, 0, 0, '-'),
(2012, 2, 190, 0, 2000, 0, 0, 0, 0, 0, 0, 0, '-'),
(2012, 2, 139, 0, 2000, 0, 0, 0, 0, 0, 0, 0, '-'),
(2012, 2, 191, 0, 2000, 0, 0, 0, 0, 0, 0, 0, '-'),
(2012, 2, 192, 0, 2000, 0, 0, 0, 0, 0, 0, 0, '-'),
(2012, 2, 193, 0, 2000, 0, 0, 0, 0, 0, 0, 0, '-'),
(2012, 2, 194, 0, 2000, 0, 0, 0, 0, 0, 0, 0, '-'),
(2012, 2, 196, 0, 2000, 0, 0, 0, 0, 0, 0, 0, '-'),
(2012, 2, 198, 0, 2000, 0, 0, 0, 0, 0, 0, 0, '-'),
(2012, 2, 202, 0, 2000, 0, 0, 0, 0, 0, 0, 0, '-'),
(2012, 2, 224, 0, 0, 0, 0, 0, 0, 0, 0, 0, '-'),
(2012, 2, 228, 0, 2000, 0, 0, 0, 0, 0, 0, 0, '-'),
(2012, 2, 229, 0, 2000, 0, 0, 0, 0, 0, 0, 0, '-'),
(2012, 3, 1, 17900, 2000, 10000, 253000, 0, 0, 0, 0, 0, '-'),
(2012, 3, 2, 17900, 2000, 10000, 120000, 0, 0, 0, 0, 0, '-'),
(2012, 3, 4, 17900, 2000, 10000, 440000, 0, 0, 0, 0, 0, '-'),
(2012, 3, 5, 17900, 2000, 10000, 0, 0, 0, 0, 0, 100000, 'Dana Pensiun'),
(2012, 3, 6, 17900, 2000, 10000, 0, 0, 0, 0, 0, 0, '-'),
(2012, 3, 7, 17900, 2000, 10000, 253000, 0, 0, 0, 0, 0, '-'),
(2012, 3, 8, 0, 0, 0, 0, 0, 0, 0, 0, 0, '-'),
(2012, 3, 9, 20000, 2000, 10000, 286000, 0, 0, 0, 0, 0, '-'),
(2012, 3, 10, 17900, 2000, 10000, 420000, 0, 0, 0, 0, 0, '-'),
(2012, 3, 11, 17900, 2000, 10000, 290500, 0, 0, 0, 0, 0, '-'),
(2012, 3, 12, 17900, 2000, 10000, 110000, 0, 0, 0, 0, 0, '-'),
(2012, 3, 13, 17900, 2000, 10000, 315000, 0, 0, 0, 0, 0, '-'),
(2012, 3, 14, 17900, 2000, 10000, 211900, 0, 0, 0, 0, 50000, 'Dana Pensiun'),
(2012, 3, 15, 17900, 2000, 10000, 192500, 0, 0, 0, 0, 0, '-'),
(2012, 3, 16, 17900, 2000, 10000, 483000, 0, 0, 0, 0, 0, '-'),
(2012, 3, 17, 17900, 2000, 10000, 315000, 0, 0, 0, 0, 0, '-'),
(2012, 3, 18, 17900, 2000, 10000, 713000, 0, 0, 0, 0, 0, '-'),
(2012, 3, 19, 0, 2000, 0, 0, 0, 0, 0, 0, 0, '-'),
(2012, 3, 20, 17900, 2000, 0, 0, 0, 0, 0, 0, 0, '-'),
(2012, 3, 21, 0, 2000, 10000, 0, 0, 0, 0, 0, 0, '-'),
(2012, 3, 22, 17900, 2000, 10000, 231000, 0, 0, 0, 0, 0, '-'),
(2012, 3, 23, 0, 2000, 10000, 0, 0, 0, 0, 0, 0, '-'),
(2012, 3, 25, 17900, 2000, 10000, 210000, 0, 0, 0, 0, 0, '-'),
(2012, 3, 27, 17900, 2000, 10000, 253000, 0, 0, 0, 0, 0, '-'),
(2012, 3, 28, 17900, 2000, 0, 0, 0, 0, 0, 0, 0, '-'),
(2012, 3, 29, 17900, 2000, 10000, 220000, 0, 0, 0, 0, 0, '-'),
(2012, 3, 30, 17900, 2000, 0, 0, 0, 0, 0, 0, 0, '-'),
(2012, 3, 31, 0, 2000, 0, 0, 0, 0, 0, 0, 0, '-'),
(2012, 3, 32, 0, 2000, 10000, 198000, 0, 0, 0, 0, 0, '-'),
(2012, 3, 33, 17900, 2000, 10000, 165000, 0, 0, 0, 0, 0, '-'),
(2012, 3, 34, 0, 2000, 10000, 315000, 0, 0, 0, 0, 0, '-'),
(2012, 3, 35, 0, 2000, 10000, 165000, 0, 0, 0, 0, 0, '-'),
(2012, 3, 36, 17900, 2000, 10000, 321000, 0, 0, 0, 0, 0, '-'),
(2012, 3, 37, 17900, 2000, 10000, 0, 0, 0, 0, 0, 100000, 'Dana Pensiun'),
(2012, 3, 38, 17900, 2000, 0, 0, 0, 0, 0, 0, 0, '-'),
(2012, 3, 39, 17900, 2000, 10000, 165000, 0, 0, 0, 0, 0, '-'),
(2012, 3, 40, 17900, 2000, 0, 0, 0, 0, 0, 0, 0, '-'),
(2012, 3, 42, 17900, 2000, 10000, 110000, 0, 0, 0, 0, 0, '-'),
(2012, 3, 43, 30000, 2000, 0, 0, 0, 0, 0, 0, 0, '-'),
(2012, 3, 45, 17900, 2000, 10000, 220000, 0, 0, 0, 0, 0, '-'),
(2012, 3, 46, 17900, 2000, 10000, 0, 0, 0, 0, 0, 0, '-'),
(2012, 3, 47, 17900, 2000, 0, 0, 0, 0, 0, 0, 0, '-'),
(2012, 3, 48, 17900, 2000, 10000, 105000, 0, 0, 0, 0, 0, '-'),
(2012, 3, 49, 17900, 2000, 10000, 231000, 0, 0, 0, 0, 0, '-'),
(2012, 3, 50, 17900, 2000, 0, 0, 0, 0, 0, 0, 75000, 'SIK'),
(2012, 3, 51, 17900, 2000, 10000, 390000, 0, 0, 0, 0, 0, '-'),
(2012, 3, 52, 17900, 2000, 0, 0, 0, 0, 0, 0, 0, '-'),
(2012, 3, 53, 17900, 2000, 0, 0, 0, 0, 0, 0, 0, '-'),
(2012, 3, 54, 17900, 2000, 10000, 420000, 0, 0, 0, 0, 0, '-'),
(2012, 3, 55, 17900, 2000, 10000, 220000, 0, 0, 0, 0, 150000, 'Dana Pensiun'),
(2012, 3, 57, 17900, 2000, 10000, 165000, 0, 0, 0, 0, 0, '-'),
(2012, 3, 58, 17900, 2000, 0, 0, 0, 0, 0, 0, 0, '-'),
(2012, 3, 59, 17900, 2000, 0, 0, 0, 0, 0, 0, 0, '-'),
(2012, 3, 60, 17900, 2000, 0, 0, 0, 0, 0, 0, 75000, 'SIK'),
(2012, 3, 61, 17900, 2000, 0, 0, 0, 0, 0, 0, 0, '-'),
(2012, 3, 62, 17900, 2000, 0, 0, 0, 0, 0, 0, 0, '-'),
(2012, 3, 63, 17900, 2000, 10000, 229300, 0, 0, 0, 0, 0, '-'),
(2012, 3, 65, 0, 2000, 0, 0, 0, 0, 0, 0, 0, '-'),
(2012, 3, 66, 0, 2000, 0, 0, 0, 0, 0, 0, 0, '-'),
(2012, 3, 67, 17900, 2000, 10000, 220000, 0, 0, 0, 0, 0, '-'),
(2012, 3, 68, 17900, 2000, 0, 0, 0, 0, 0, 0, 0, '-'),
(2012, 3, 69, 17900, 2000, 10000, 265000, 0, 0, 0, 0, 0, '-'),
(2012, 3, 70, 17900, 2000, 0, 0, 0, 0, 0, 0, 0, '-'),
(2012, 3, 71, 17900, 2000, 10000, 220000, 0, 0, 0, 0, 0, '-'),
(2012, 3, 72, 17900, 2000, 10000, 220000, 0, 0, 0, 0, 0, '-'),
(2012, 3, 73, 0, 2000, 10000, 165000, 0, 0, 0, 0, 0, '-'),
(2012, 3, 74, 0, 2000, 10000, 0, 0, 0, 0, 0, 100000, 'simpanan sukarela'),
(2012, 3, 75, 17900, 2000, 10000, 231000, 0, 0, 0, 0, 0, '-'),
(2012, 3, 76, 17900, 2000, 0, 0, 0, 0, 0, 0, 0, '-'),
(2012, 3, 77, 17900, 2000, 0, 0, 0, 0, 0, 0, 0, '-'),
(2012, 3, 78, 17900, 2000, 10000, 176700, 0, 0, 0, 0, 0, '-'),
(2012, 3, 79, 17900, 2000, 10000, 198000, 0, 0, 0, 0, 50000, 'Dana Pensiun'),
(2012, 3, 80, 17900, 2000, 10000, 0, 0, 0, 0, 0, 0, '-'),
(2012, 3, 81, 17900, 2000, 10000, 318000, 0, 0, 0, 0, 0, '-'),
(2012, 3, 82, 0, 2000, 10000, 315000, 0, 0, 0, 0, 50000, 'Dana Pensiun'),
(2012, 3, 83, 0, 2000, 0, 0, 0, 0, 0, 0, 0, '-'),
(2012, 3, 84, 0, 2000, 10000, 0, 0, 0, 0, 0, 50000, 'Dana Pensiun'),
(2012, 3, 85, 0, 2000, 0, 0, 0, 0, 0, 0, 0, '-'),
(2012, 3, 86, 0, 2000, 10000, 243000, 0, 0, 0, 0, 250000, 'Dana Pensiun'),
(2012, 3, 90, 0, 2000, 10000, 265000, 0, 0, 0, 0, 0, '-'),
(2012, 3, 92, 0, 2000, 0, 0, 0, 0, 0, 0, 0, '-'),
(2012, 3, 94, 0, 2000, 0, 0, 0, 0, 0, 0, 0, '-'),
(2012, 3, 98, 0, 2000, 10000, 165000, 0, 0, 0, 0, 0, '-'),
(2012, 3, 99, 0, 2000, 0, 0, 0, 0, 0, 0, 0, '-'),
(2012, 3, 100, 0, 2000, 10000, 315000, 0, 0, 0, 0, 0, '-'),
(2012, 3, 105, 0, 2000, 10000, 0, 0, 0, 0, 0, 0, '-'),
(2012, 3, 107, 0, 2000, 0, 0, 0, 0, 0, 0, 0, '-'),
(2012, 3, 108, 0, 2000, 10000, 105000, 0, 0, 0, 0, 0, '-'),
(2012, 3, 109, 0, 2000, 10000, 106000, 0, 0, 0, 0, 0, '-'),
(2012, 3, 110, 0, 2000, 0, 0, 0, 0, 0, 0, 0, '-'),
(2012, 3, 113, 0, 2000, 0, 0, 0, 0, 0, 0, 0, '-'),
(2012, 3, 114, 0, 2000, 10000, 230000, 0, 0, 0, 0, 0, '-'),
(2012, 3, 115, 0, 2000, 10000, 143000, 0, 0, 0, 0, 0, '-'),
(2012, 3, 116, 0, 2000, 10000, 0, 0, 0, 0, 0, 100000, 'Dana Pensiun'),
(2012, 3, 118, 0, 2000, 0, 0, 0, 0, 0, 0, 75000, 'SIK'),
(2012, 3, 119, 0, 2000, 0, 0, 0, 0, 0, 0, 0, '-'),
(2012, 3, 120, 0, 2000, 10000, 165000, 0, 0, 0, 0, 0, '-'),
(2012, 3, 121, 0, 0, 0, 0, 0, 0, 0, 0, 0, '-'),
(2012, 3, 122, 0, 2000, 0, 0, 0, 0, 0, 0, 0, '-'),
(2012, 3, 123, 0, 2000, 0, 0, 0, 0, 0, 0, 0, '-'),
(2012, 3, 124, 0, 2000, 10000, 220000, 0, 0, 0, 0, 0, '-'),
(2012, 3, 125, 0, 2000, 0, 0, 0, 0, 0, 0, 0, '-'),
(2012, 3, 126, 0, 2000, 0, 0, 0, 0, 0, 0, 0, '-'),
(2012, 3, 127, 0, 2000, 0, 0, 0, 0, 0, 0, 0, '-'),
(2012, 3, 129, 0, 2000, 0, 0, 0, 0, 0, 0, 0, '-'),
(2012, 3, 130, 0, 2000, 0, 0, 0, 0, 0, 0, 0, '-'),
(2012, 3, 131, 0, 2000, 0, 0, 0, 0, 0, 0, 0, '-'),
(2012, 3, 132, 0, 2000, 0, 0, 0, 0, 0, 0, 0, '-'),
(2012, 3, 135, 0, 2000, 0, 0, 0, 0, 0, 0, 75000, 'SIK'),
(2012, 3, 136, 0, 2000, 10000, 143000, 0, 0, 0, 0, 0, '-'),
(2012, 3, 137, 0, 2000, 0, 0, 0, 0, 0, 0, 0, '-'),
(2012, 3, 138, 0, 2000, 0, 0, 0, 0, 0, 0, 75000, 'SIK'),
(2012, 3, 139, 0, 2000, 0, 0, 0, 0, 0, 0, 0, '-'),
(2012, 3, 162, 0, 0, 0, 0, 0, 0, 0, 0, 0, '-'),
(2012, 3, 189, 0, 2000, 10000, 143000, 0, 0, 0, 0, 0, '-'),
(2012, 3, 190, 0, 2000, 0, 0, 0, 0, 0, 0, 0, '-'),
(2012, 3, 191, 0, 2000, 0, 0, 0, 0, 0, 0, 0, '-'),
(2012, 3, 192, 0, 2000, 0, 0, 0, 0, 0, 0, 0, '-'),
(2012, 3, 193, 0, 2000, 0, 0, 0, 0, 0, 0, 0, '-'),
(2012, 3, 194, 0, 2000, 0, 0, 0, 0, 0, 0, 0, '-'),
(2012, 3, 196, 0, 2000, 0, 0, 0, 0, 0, 0, 0, '-'),
(2012, 3, 198, 0, 2000, 0, 0, 0, 0, 0, 0, 0, '-'),
(2012, 3, 202, 0, 2000, 0, 0, 0, 0, 0, 0, 0, '-'),
(2012, 3, 204, 0, 2000, 0, 0, 0, 0, 0, 0, 0, '-'),
(2012, 3, 224, 0, 2000, 0, 0, 0, 0, 0, 0, 0, '-'),
(2012, 3, 228, 0, 2000, 0, 0, 0, 0, 0, 0, 0, '-'),
(2012, 3, 229, 0, 2000, 0, 0, 0, 0, 0, 0, 0, '-'),
(2012, 4, 1, 17900, 2000, 10000, 253000, 0, 0, 0, 0, 0, '-'),
(2012, 4, 2, 17900, 2000, 10000, 120000, 0, 0, 0, 0, 0, '-'),
(2012, 4, 4, 17900, 2000, 10000, 440000, 0, 0, 0, 0, 60000, 'Cicilan 1 Pendaftaran IBI'),
(2012, 4, 5, 17900, 2000, 10000, 0, 0, 0, 0, 0, 100000, 'Dana Pensiun'),
(2012, 4, 6, 17900, 2000, 10000, 0, 0, 0, 0, 0, 0, '-'),
(2012, 4, 7, 17900, 2000, 10000, 253000, 0, 0, 0, 0, 0, '-'),
(2012, 4, 8, 0, 0, 0, 0, 0, 0, 0, 0, 0, '-'),
(2012, 4, 9, 20000, 2000, 10000, 286000, 0, 0, 0, 0, 0, '-'),
(2012, 4, 10, 17900, 2000, 10000, 420000, 0, 0, 0, 0, 60000, 'Cicilan 1 Pendaftaran IBI'),
(2012, 4, 11, 17900, 2000, 10000, 290500, 0, 0, 0, 0, 0, '-'),
(2012, 4, 12, 17900, 2000, 10000, 110000, 0, 0, 0, 0, 20000, 'kompensasi tunjangan kehadiran'),
(2012, 4, 13, 17900, 2000, 10000, 0, 0, 0, 0, 0, 0, '-'),
(2012, 4, 14, 17900, 2000, 10000, 211900, 0, 0, 0, 0, 50000, 'Dana Pensiun'),
(2012, 4, 15, 17900, 2000, 10000, 192500, 0, 0, 0, 0, 0, '-'),
(2012, 4, 16, 17900, 2000, 10000, 483000, 0, 0, 0, 0, 0, '-'),
(2012, 4, 17, 17900, 2000, 10000, 315000, 0, 0, 0, 0, 0, '-'),
(2012, 4, 18, 17900, 2000, 10000, 0, 0, 0, 0, 0, 60000, 'Cicilan 1 Pendaftaran IBI'),
(2012, 4, 19, 0, 2000, 0, 0, 0, 0, 0, 0, 0, '-'),
(2012, 4, 20, 17900, 2000, 0, 0, 0, 0, 0, 0, 0, '-'),
(2012, 4, 21, 0, 2000, 10000, 0, 0, 0, 0, 0, 0, '-'),
(2012, 4, 22, 17900, 2000, 10000, 231000, 0, 0, 0, 0, 0, '-'),
(2012, 4, 23, 0, 2000, 10000, 0, 0, 0, 0, 0, 0, '-'),
(2012, 4, 25, 17900, 2000, 10000, 210000, 0, 0, 0, 0, 0, '-'),
(2012, 4, 27, 17900, 2000, 10000, 253000, 0, 0, 0, 0, 60000, 'Cicilan 1 Pendaftaran IBI'),
(2012, 4, 28, 17900, 2000, 0, 0, 0, 0, 0, 0, 60000, 'Cicilan 1 Pendaftaran IBI'),
(2012, 4, 29, 17900, 2000, 10000, 600000, 0, 0, 0, 0, 0, '-'),
(2012, 4, 30, 17900, 2000, 0, 0, 0, 0, 0, 0, 0, '-'),
(2012, 4, 31, 0, 2000, 0, 0, 0, 0, 0, 0, 0, '-'),
(2012, 4, 32, 0, 2000, 10000, 198000, 0, 0, 0, 0, 0, '-'),
(2012, 4, 33, 17900, 2000, 10000, 165000, 0, 0, 0, 0, 0, '-'),
(2012, 4, 34, 0, 2000, 10000, 315000, 0, 0, 0, 0, 0, '-'),
(2012, 4, 35, 0, 2000, 10000, 165000, 0, 0, 0, 0, 0, '-'),
(2012, 4, 36, 17900, 2000, 10000, 321000, 0, 0, 0, 0, 0, '-'),
(2012, 4, 37, 17900, 2000, 10000, 0, 0, 0, 0, 0, 100000, 'Dana Pensiun'),
(2012, 4, 38, 17900, 2000, 0, 0, 0, 0, 0, 0, 0, '-'),
(2012, 4, 39, 17900, 2000, 10000, 165000, 0, 0, 0, 0, 20000, 'kompensasi tunjangan kehadiran'),
(2012, 4, 40, 17900, 2000, 0, 0, 0, 0, 0, 0, 20000, 'kompensasi tunjangan kehadiran'),
(2012, 4, 42, 17900, 2000, 10000, 110000, 0, 0, 0, 0, 0, '-'),
(2012, 4, 43, 30000, 2000, 0, 0, 0, 0, 0, 0, 0, '-'),
(2012, 4, 45, 17900, 2000, 10000, 220000, 0, 0, 0, 0, 0, '-'),
(2012, 4, 46, 17900, 2000, 10000, 0, 0, 0, 0, 0, 60000, 'Cicilan 1 Pendaftaran IBI'),
(2012, 4, 47, 17900, 2000, 0, 0, 0, 0, 0, 0, 0, '-'),
(2012, 4, 48, 17900, 2000, 10000, 105000, 0, 0, 0, 0, 0, '-'),
(2012, 4, 49, 17900, 2000, 10000, 231000, 0, 0, 0, 0, 0, '-'),
(2012, 4, 50, 17900, 2000, 0, 0, 0, 0, 0, 0, 0, '-'),
(2012, 4, 51, 17900, 2000, 10000, 315000, 0, 0, 0, 0, 60000, 'Cicilan 1 Pendaftaran IBI'),
(2012, 4, 52, 17900, 2000, 0, 0, 0, 0, 0, 0, 60000, 'Cicilan 1 Pendaftaran IBI'),
(2012, 4, 53, 17900, 2000, 0, 0, 0, 0, 0, 0, 0, '-'),
(2012, 4, 54, 17900, 2000, 10000, 420000, 0, 0, 0, 0, 0, '-'),
(2012, 4, 55, 17900, 2000, 10000, 220000, 0, 0, 0, 0, 150000, 'Dana Pensiun'),
(2012, 4, 57, 17900, 2000, 10000, 165000, 0, 0, 0, 0, 0, '-'),
(2012, 4, 58, 17900, 2000, 0, 0, 0, 0, 0, 0, 60000, 'Cicilan 1 Pendaftaran IBI'),
(2012, 4, 59, 17900, 2000, 0, 0, 0, 0, 0, 0, 60000, 'Cicilan 1 Pendaftaran IBI'),
(2012, 4, 60, 17900, 2000, 0, 0, 0, 0, 0, 0, 0, '-'),
(2012, 4, 61, 17900, 2000, 0, 0, 0, 0, 0, 0, 0, '-'),
(2012, 4, 62, 17900, 2000, 0, 0, 0, 0, 0, 0, 0, '-'),
(2012, 4, 63, 17900, 2000, 10000, 229300, 0, 0, 0, 0, 0, '-'),
(2012, 4, 65, 0, 2000, 0, 0, 0, 0, 0, 0, 0, '-'),
(2012, 4, 66, 0, 2000, 0, 0, 0, 0, 0, 0, 0, '-'),
(2012, 4, 67, 17900, 2000, 10000, 220000, 0, 0, 0, 0, 60000, 'Cicilan 1 Pendaftaran IBI'),
(2012, 4, 68, 17900, 2000, 0, 0, 0, 0, 0, 0, 0, '-'),
(2012, 4, 69, 17900, 2000, 10000, 265000, 0, 0, 0, 0, 60000, 'Cicilan 1 Pendaftaran IBI'),
(2012, 4, 70, 17900, 2000, 0, 0, 0, 0, 0, 0, 0, '-'),
(2012, 4, 71, 17900, 2000, 10000, 220000, 0, 0, 0, 0, 0, '-'),
(2012, 4, 72, 17900, 2000, 10000, 220000, 0, 0, 0, 0, 60000, 'Cicilan 1 Pendaftaran IBI'),
(2012, 4, 73, 0, 2000, 10000, 165000, 0, 0, 0, 0, 0, '-'),
(2012, 4, 74, 0, 2000, 10000, 0, 0, 0, 0, 0, 100000, 'Simp.Sukarela Kop'),
(2012, 4, 75, 17900, 2000, 10000, 220000, 0, 0, 0, 0, 100000, 'Dana Pensiun'),
(2012, 4, 76, 17900, 2000, 0, 0, 0, 0, 0, 0, 0, '-'),
(2012, 4, 77, 17900, 2000, 0, 0, 0, 0, 0, 0, 0, '-'),
(2012, 4, 78, 17900, 2000, 10000, 176700, 0, 0, 0, 0, 0, '-'),
(2012, 4, 79, 17900, 2000, 10000, 198000, 0, 0, 0, 0, 50000, 'Dana Pensiun'),
(2012, 4, 80, 17900, 2000, 10000, 220000, 0, 0, 0, 0, 0, '-'),
(2012, 4, 81, 17900, 2000, 10000, 318000, 0, 0, 0, 0, 0, '-'),
(2012, 4, 82, 17900, 2000, 10000, 315000, 0, 0, 0, 0, 50000, 'Dana Pensiun'),
(2012, 4, 83, 0, 2000, 0, 0, 0, 0, 0, 0, 0, '-'),
(2012, 4, 84, 0, 2000, 10000, 0, 0, 0, 0, 0, 50000, 'Dana Pensiun'),
(2012, 4, 85, 0, 2000, 0, 0, 0, 0, 0, 0, 0, '-'),
(2012, 4, 86, 0, 2000, 10000, 243000, 0, 0, 0, 0, 250000, 'Dana Pensiun'),
(2012, 4, 90, 0, 2000, 10000, 265000, 0, 0, 0, 0, 0, '-'),
(2012, 4, 92, 0, 2000, 0, 0, 0, 0, 0, 0, 0, '-'),
(2012, 4, 94, 0, 2000, 0, 0, 0, 0, 0, 0, 0, '-'),
(2012, 4, 98, 0, 0, 10000, 165000, 0, 0, 0, 0, 0, '-'),
(2012, 4, 99, 0, 2000, 0, 0, 0, 0, 0, 0, 0, '-'),
(2012, 4, 100, 0, 2000, 10000, 315000, 0, 0, 0, 0, 0, '-'),
(2012, 4, 105, 0, 2000, 10000, 0, 0, 0, 0, 0, 0, '-'),
(2012, 4, 107, 0, 2000, 0, 0, 0, 0, 0, 0, 0, '-'),
(2012, 4, 108, 0, 2000, 10000, 105000, 0, 0, 0, 0, 0, '-'),
(2012, 4, 109, 0, 2000, 10000, 106000, 0, 0, 0, 0, 0, '-'),
(2012, 4, 110, 0, 2000, 10000, 220000, 0, 0, 0, 0, 0, '-'),
(2012, 4, 113, 0, 2000, 0, 0, 0, 0, 0, 0, 60000, 'Cicilan 1 Pendaftaran IBI'),
(2012, 4, 114, 0, 2000, 10000, 270000, 0, 0, 0, 0, 0, '-'),
(2012, 4, 115, 0, 2000, 10000, 143000, 0, 0, 0, 0, 20000, 'kompensasi tunjangan kehadiran'),
(2012, 4, 116, 0, 2000, 10000, 0, 0, 0, 0, 0, 100000, 'Dana Pensiun'),
(2012, 4, 118, 0, 2000, 0, 0, 0, 0, 0, 0, 0, '-'),
(2012, 4, 119, 0, 2000, 10000, 143000, 0, 0, 0, 0, 0, '-'),
(2012, 4, 120, 0, 2000, 10000, 165000, 0, 0, 0, 0, 0, '-'),
(2012, 4, 121, 0, 0, 0, 0, 0, 0, 0, 0, 0, '-'),
(2012, 4, 122, 0, 2000, 0, 0, 0, 0, 0, 0, 0, '-'),
(2012, 4, 123, 0, 2000, 0, 0, 0, 0, 0, 0, 0, '-'),
(2012, 4, 124, 0, 2000, 10000, 220000, 0, 0, 0, 0, 0, '-'),
(2012, 4, 125, 0, 2000, 0, 0, 0, 0, 0, 0, 0, '-'),
(2012, 4, 126, 0, 2000, 0, 0, 0, 0, 0, 0, 0, '-'),
(2012, 4, 127, 0, 2000, 0, 0, 0, 0, 0, 0, 0, '-'),
(2012, 4, 129, 0, 2000, 0, 0, 0, 0, 0, 0, 0, '-'),
(2012, 4, 130, 0, 2000, 0, 0, 0, 0, 0, 0, 60000, 'Cicilan 1 Pendaftaran IBI'),
(2012, 4, 131, 0, 2000, 0, 0, 0, 0, 0, 0, 0, '-'),
(2012, 4, 132, 0, 2000, 0, 0, 0, 0, 0, 0, 0, '-'),
(2012, 4, 135, 0, 2000, 0, 0, 0, 0, 0, 0, 0, '-'),
(2012, 4, 136, 0, 2000, 10000, 143000, 0, 0, 0, 0, 0, '-'),
(2012, 4, 137, 0, 2000, 0, 0, 0, 0, 0, 0, 0, '-'),
(2012, 4, 138, 0, 2000, 0, 0, 0, 0, 0, 0, 0, '-'),
(2012, 4, 139, 0, 2000, 0, 0, 0, 0, 0, 0, 0, '-'),
(2012, 4, 162, 0, 0, 0, 0, 0, 0, 0, 0, 0, '-'),
(2012, 4, 189, 0, 2000, 10000, 143000, 0, 0, 0, 0, 0, '-'),
(2012, 4, 190, 0, 2000, 0, 0, 0, 0, 0, 0, 0, '-'),
(2012, 4, 191, 0, 2000, 0, 0, 0, 0, 0, 0, 0, '-'),
(2012, 4, 192, 0, 2000, 0, 0, 0, 0, 0, 0, 0, '-'),
(2012, 4, 193, 0, 2000, 0, 0, 0, 0, 0, 0, 0, '-'),
(2012, 4, 194, 0, 2000, 0, 0, 0, 0, 0, 0, 0, '-'),
(2012, 4, 196, 0, 2000, 0, 0, 0, 0, 0, 0, 0, '-'),
(2012, 4, 198, 0, 2000, 0, 0, 0, 0, 0, 0, 0, '-'),
(2012, 4, 202, 0, 2000, 0, 0, 0, 0, 0, 0, 0, '-'),
(2012, 4, 204, 0, 2000, 0, 0, 0, 0, 0, 0, 60000, 'Cicilan 1 Pendaftaran IBI'),
(2012, 4, 224, 0, 2000, 0, 0, 0, 0, 0, 0, 60000, 'Cicilan 1 Pendaftaran IBI'),
(2012, 4, 228, 0, 2000, 0, 0, 0, 0, 0, 0, 0, '-'),
(2012, 4, 229, 0, 2000, 0, 0, 0, 0, 0, 0, 0, '-'),
(2012, 4, 249, 0, 2000, 0, 0, 0, 0, 0, 0, 0, '-'),
(2012, 5, 1, 17900, 2000, 10000, 253000, 0, 0, 0, 0, 0, '-'),
(2012, 5, 2, 17900, 2000, 10000, 120000, 0, 0, 0, 0, 0, '-'),
(2012, 5, 4, 17900, 2000, 10000, 440000, 0, 0, 0, 0, 60000, 'Angs.2 pendaftaran IBI'),
(2012, 5, 5, 17900, 2000, 10000, 0, 0, 0, 0, 0, 100000, 'Dana Pensiun'),
(2012, 5, 6, 17900, 2000, 10000, 0, 0, 0, 0, 0, 0, '-'),
(2012, 5, 7, 17900, 2000, 10000, 253000, 0, 0, 0, 0, 0, '-'),
(2012, 5, 8, 0, 0, 0, 0, 0, 0, 0, 0, 0, '-'),
(2012, 5, 9, 20000, 2000, 10000, 286000, 0, 0, 0, 0, 0, '-'),
(2012, 5, 10, 17900, 2000, 10000, 420000, 0, 0, 0, 0, 60000, 'Angs.2 pendaftaran IBI'),
(2012, 5, 11, 17900, 2000, 10000, 290500, 0, 0, 0, 0, 0, '-'),
(2012, 5, 12, 17900, 2000, 10000, 110000, 0, 0, 0, 0, 0, '-'),
(2012, 5, 13, 17900, 2000, 10000, 630000, 0, 0, 0, 0, 0, '-');
INSERT INTO `potongan` (`tahun`, `bulan`, `id`, `jamsostek`, `dansos`, `simwajib`, `angkop`, `angla`, `telpri`, `pajak`, `pribadi`, `lain`, `ktg`) VALUES
(2012, 5, 14, 17900, 2000, 10000, 211900, 0, 0, 0, 0, 50000, 'Dana Pensiun'),
(2012, 5, 15, 17900, 2000, 10000, 192500, 0, 0, 0, 0, 0, '-'),
(2012, 5, 16, 17900, 2000, 10000, 253000, 0, 0, 0, 0, 0, '-'),
(2012, 5, 17, 17900, 2000, 10000, 315000, 0, 0, 0, 0, 0, '-'),
(2012, 5, 18, 17900, 2000, 10000, 0, 0, 0, 0, 0, 60000, 'Angs.2 pendaftaran IBI'),
(2012, 5, 19, 0, 2000, 0, 0, 0, 0, 0, 0, 0, '-'),
(2012, 5, 20, 17900, 2000, 0, 0, 0, 0, 0, 0, 0, '-'),
(2012, 5, 21, 0, 2000, 10000, 0, 0, 0, 0, 0, 0, '-'),
(2012, 5, 22, 17900, 2000, 10000, 231000, 0, 0, 0, 0, 0, '-'),
(2012, 5, 23, 0, 2000, 10000, 0, 0, 0, 0, 0, 0, '-'),
(2012, 5, 25, 17900, 2000, 10000, 210000, 0, 0, 0, 0, 0, '-'),
(2012, 5, 27, 17900, 2000, 10000, 253000, 0, 0, 0, 0, 60000, 'Angs.2 pendaftaran IBI'),
(2012, 5, 28, 17900, 2000, 10000, 50000, 0, 0, 0, 0, 60000, 'Angs.2 pendaftaran IBI'),
(2012, 5, 29, 17900, 2000, 10000, 500000, 0, 0, 0, 0, 0, '-'),
(2012, 5, 30, 17900, 2000, 0, 0, 0, 0, 0, 0, 0, '-'),
(2012, 5, 31, 0, 2000, 0, 0, 0, 0, 0, 0, 0, '-'),
(2012, 5, 32, 0, 2000, 10000, 198000, 0, 0, 0, 0, 0, '-'),
(2012, 5, 33, 17900, 2000, 10000, 165000, 0, 0, 0, 0, 0, '-'),
(2012, 5, 34, 0, 2000, 10000, 0, 0, 0, 0, 0, 0, '-'),
(2012, 5, 35, 0, 2000, 10000, 165000, 0, 0, 0, 0, 0, '-'),
(2012, 5, 36, 17900, 2000, 10000, 321000, 0, 0, 0, 0, 0, '-'),
(2012, 5, 37, 17900, 2000, 10000, 0, 0, 0, 0, 0, 100000, 'Dana Pensiun'),
(2012, 5, 38, 17900, 2000, 0, 0, 0, 0, 0, 0, 0, '-'),
(2012, 5, 39, 17900, 2000, 10000, 165000, 0, 0, 0, 0, 0, '-'),
(2012, 5, 40, 17900, 2000, 0, 0, 0, 0, 0, 0, 0, '-'),
(2012, 5, 42, 17900, 2000, 10000, 110000, 0, 0, 0, 0, 0, '-'),
(2012, 5, 43, 30000, 2000, 0, 0, 0, 0, 0, 0, 0, '-'),
(2012, 5, 45, 17900, 2000, 10000, 220000, 0, 0, 0, 0, 0, '-'),
(2012, 5, 46, 17900, 2000, 10000, 0, 0, 0, 0, 0, 60000, 'Angs.2 pendaftaran IBI'),
(2012, 5, 47, 17900, 2000, 0, 0, 0, 0, 0, 0, 0, '-'),
(2012, 5, 48, 17900, 2000, 10000, 105000, 0, 0, 0, 0, 0, '-'),
(2012, 5, 49, 17900, 2000, 10000, 0, 0, 0, 0, 0, 0, '-'),
(2012, 5, 50, 17900, 2000, 0, 0, 0, 0, 0, 0, 0, '-'),
(2012, 5, 51, 17900, 2000, 10000, 315000, 0, 0, 0, 0, 60000, 'Angs.2 pendaftaran IBI'),
(2012, 5, 52, 17900, 2000, 0, 0, 0, 0, 0, 0, 60000, 'Angs.2 pendaftaran IBI'),
(2012, 5, 53, 17900, 2000, 0, 0, 0, 0, 0, 0, 0, '-'),
(2012, 5, 54, 17900, 2000, 10000, 220000, 0, 0, 0, 0, 0, '-'),
(2012, 5, 55, 17900, 2000, 10000, 220000, 0, 0, 0, 0, 150000, 'Dana Pensiun'),
(2012, 5, 57, 17900, 2000, 10000, 165000, 0, 0, 0, 0, 0, '-'),
(2012, 5, 58, 17900, 2000, 10000, 220000, 0, 0, 0, 0, 60000, 'Angs.2 pendaftaran IBI'),
(2012, 5, 59, 17900, 2000, 0, 0, 0, 0, 0, 0, 60000, 'Angs.2 pendaftaran IBI'),
(2012, 5, 60, 17900, 2000, 0, 0, 0, 0, 0, 0, 0, '-'),
(2012, 5, 61, 17900, 2000, 0, 0, 0, 0, 0, 0, 0, '-'),
(2012, 5, 62, 17900, 2000, 0, 0, 0, 0, 0, 0, 0, '-'),
(2012, 5, 63, 17900, 2000, 10000, 229300, 0, 0, 0, 0, 0, '-'),
(2012, 5, 65, 0, 2000, 0, 0, 0, 0, 0, 0, 0, '-'),
(2012, 5, 66, 0, 2000, 0, 0, 0, 0, 0, 0, 0, '-'),
(2012, 5, 67, 17900, 2000, 10000, 220000, 0, 0, 0, 0, 0, '-'),
(2012, 5, 68, 17900, 2000, 0, 0, 0, 0, 0, 0, 0, '-'),
(2012, 5, 69, 17900, 2000, 10000, 265000, 0, 0, 0, 0, 60000, 'Angs.2 pendaftaran IBI'),
(2012, 5, 70, 17900, 2000, 0, 0, 0, 0, 0, 0, 0, '-'),
(2012, 5, 71, 17900, 2000, 10000, 220000, 0, 0, 0, 0, 0, '-'),
(2012, 5, 72, 17900, 2000, 10000, 220000, 0, 0, 0, 0, 60000, 'Angs.2 pendaftaran IBI'),
(2012, 5, 73, 0, 2000, 10000, 165000, 0, 0, 0, 0, 0, '-'),
(2012, 5, 74, 0, 2000, 10000, 0, 0, 0, 0, 0, 100000, 'simpanan sukarela'),
(2012, 5, 75, 17900, 2000, 10000, 220000, 0, 0, 0, 0, 100000, 'Dana Pensiun'),
(2012, 5, 76, 17900, 2000, 0, 0, 0, 0, 0, 0, 0, '-'),
(2012, 5, 77, 17900, 2000, 0, 0, 0, 0, 0, 0, 0, '-'),
(2012, 5, 78, 17900, 2000, 10000, 176700, 0, 0, 0, 0, 0, '-'),
(2012, 5, 79, 17900, 2000, 10000, 198000, 0, 0, 0, 0, 50000, 'Dana Pensiun'),
(2012, 5, 80, 17900, 2000, 10000, 220000, 0, 0, 0, 0, 0, '-'),
(2012, 5, 81, 17900, 2000, 10000, 318000, 0, 0, 0, 0, 0, '-'),
(2012, 5, 82, 17900, 2000, 10000, 275000, 0, 0, 0, 0, 50000, 'Dana Pensiun'),
(2012, 5, 83, 0, 2000, 0, 0, 0, 0, 0, 0, 0, '-'),
(2012, 5, 84, 0, 2000, 10000, 0, 0, 0, 0, 0, 50000, 'Dana Pensiun'),
(2012, 5, 85, 0, 2000, 0, 0, 0, 0, 0, 0, 0, '-'),
(2012, 5, 86, 0, 2000, 10000, 243000, 0, 0, 0, 0, 250000, 'Dana Pensiun'),
(2012, 5, 90, 0, 2000, 10000, 520000, 0, 0, 0, 0, 0, '-'),
(2012, 5, 92, 0, 2000, 0, 0, 0, 0, 0, 0, 0, '-'),
(2012, 5, 94, 0, 2000, 0, 0, 0, 0, 0, 0, 0, '-'),
(2012, 5, 98, 0, 0, 10000, 0, 0, 0, 0, 0, 0, '-'),
(2012, 5, 99, 0, 2000, 0, 0, 0, 0, 0, 0, 0, '-'),
(2012, 5, 100, 0, 2000, 10000, 315000, 0, 0, 0, 0, 0, '-'),
(2012, 5, 105, 0, 2000, 10000, 0, 0, 0, 0, 0, 0, '-'),
(2012, 5, 107, 0, 2000, 10000, 115000, 0, 0, 0, 0, 0, '-'),
(2012, 5, 108, 0, 2000, 10000, 210000, 0, 0, 0, 0, 0, '-'),
(2012, 5, 109, 0, 2000, 10000, 198000, 0, 0, 0, 0, 0, '-'),
(2012, 5, 110, 0, 2000, 10000, 220000, 0, 0, 0, 0, 0, '-'),
(2012, 5, 113, 0, 2000, 0, 0, 0, 0, 0, 0, 60000, 'Angs.2 pendaftaran IBI'),
(2012, 5, 114, 0, 2000, 10000, 270000, 0, 0, 0, 0, 0, '-'),
(2012, 5, 115, 0, 2000, 10000, 143000, 0, 0, 0, 0, 0, '-'),
(2012, 5, 116, 0, 2000, 10000, 0, 0, 0, 0, 0, 100000, 'Dana Pensiun'),
(2012, 5, 118, 0, 2000, 0, 0, 0, 0, 0, 0, 0, '-'),
(2012, 5, 119, 0, 2000, 10000, 143000, 0, 0, 0, 0, 0, '-'),
(2012, 5, 120, 0, 2000, 10000, 165000, 0, 0, 0, 0, 0, '-'),
(2012, 5, 121, 0, 0, 0, 0, 0, 0, 0, 0, 0, '-'),
(2012, 5, 122, 0, 2000, 0, 0, 0, 0, 0, 0, 0, '-'),
(2012, 5, 123, 0, 2000, 0, 0, 0, 0, 0, 0, 0, '-'),
(2012, 5, 124, 0, 2000, 10000, 220000, 0, 0, 0, 0, 0, '-'),
(2012, 5, 125, 0, 2000, 0, 0, 0, 0, 0, 0, 0, '-'),
(2012, 5, 126, 0, 2000, 0, 0, 0, 0, 0, 0, 0, '-'),
(2012, 5, 127, 0, 2000, 0, 0, 0, 0, 0, 0, 0, '-'),
(2012, 5, 129, 0, 2000, 0, 0, 0, 0, 0, 0, 0, '-'),
(2012, 5, 130, 0, 2000, 0, 0, 0, 0, 0, 0, 60000, 'Angs.2 pendaftaran IBI'),
(2012, 5, 131, 0, 2000, 0, 0, 0, 0, 0, 0, 0, '-'),
(2012, 5, 132, 0, 2000, 0, 0, 0, 0, 0, 0, 0, '-'),
(2012, 5, 135, 0, 2000, 0, 0, 0, 0, 0, 0, 0, '-'),
(2012, 5, 136, 0, 2000, 10000, 143000, 0, 0, 0, 0, 0, '-'),
(2012, 5, 137, 0, 2000, 0, 0, 0, 0, 0, 0, 0, '-'),
(2012, 5, 138, 0, 2000, 0, 0, 0, 0, 0, 0, 0, '-'),
(2012, 5, 139, 0, 2000, 0, 0, 0, 0, 0, 0, 0, '-'),
(2012, 5, 162, 0, 0, 0, 0, 0, 0, 0, 0, 0, '-'),
(2012, 5, 189, 0, 2000, 10000, 143000, 0, 0, 0, 0, 0, '-'),
(2012, 5, 190, 0, 2000, 0, 0, 0, 0, 0, 0, 0, '-'),
(2012, 5, 191, 0, 2000, 0, 0, 0, 0, 0, 0, 0, '-'),
(2012, 5, 192, 0, 2000, 0, 0, 0, 0, 0, 0, 0, '-'),
(2012, 5, 193, 0, 2000, 0, 0, 0, 0, 0, 0, 0, '-'),
(2012, 5, 194, 0, 2000, 0, 0, 0, 0, 0, 0, 0, '-'),
(2012, 5, 196, 0, 2000, 0, 0, 0, 0, 0, 0, 0, '-'),
(2012, 5, 198, 0, 2000, 0, 0, 0, 0, 0, 0, 0, '-'),
(2012, 5, 202, 0, 2000, 10000, 270000, 0, 0, 0, 0, 0, '-'),
(2012, 5, 204, 0, 2000, 0, 0, 0, 0, 0, 0, 60000, 'Angs.2 pendaftaran IBI'),
(2012, 5, 224, 0, 2000, 0, 0, 0, 0, 0, 0, 60000, 'Angs.2 pendaftaran IBI'),
(2012, 5, 228, 0, 2000, 0, 0, 0, 0, 0, 0, 0, '-'),
(2012, 5, 229, 0, 2000, 0, 0, 0, 0, 0, 0, 0, '-'),
(2012, 6, 1, 17900, 2000, 10000, 253000, 0, 0, 0, 0, 0, '-'),
(2012, 6, 2, 17900, 2000, 10000, 176000, 0, 0, 0, 0, 0, '-'),
(2012, 6, 4, 17900, 2000, 10000, 453600, 0, 0, 0, 0, 60000, 'Angs.3 pendaftaran IBI'),
(2012, 6, 5, 17900, 2000, 10000, 0, 0, 0, 0, 0, 100000, 'Dana Pensiun'),
(2012, 6, 6, 17900, 2000, 10000, 0, 0, 0, 0, 0, 0, '-'),
(2012, 6, 7, 17900, 2000, 10000, 253000, 0, 0, 0, 0, 0, '-'),
(2012, 6, 8, 0, 0, 0, 0, 0, 0, 0, 0, 0, '-'),
(2012, 6, 9, 20000, 2000, 10000, 286000, 0, 0, 0, 0, 0, '-'),
(2012, 6, 10, 17900, 2000, 10000, 420000, 0, 0, 0, 0, 60000, 'Angs.3 pendaftaran IBI'),
(2012, 6, 11, 17900, 2000, 10000, 0, 0, 0, 0, 0, 0, '-'),
(2012, 6, 12, 17900, 2000, 10000, 110000, 0, 0, 0, 0, 0, '-'),
(2012, 6, 13, 17900, 2000, 10000, 315000, 0, 0, 0, 0, 0, '-'),
(2012, 6, 14, 17900, 2000, 10000, 211900, 0, 0, 0, 0, 50000, 'Dana Pensiun'),
(2012, 6, 15, 17900, 2000, 10000, 192500, 0, 0, 0, 0, 0, '-'),
(2012, 6, 16, 17900, 2000, 10000, 253000, 0, 0, 0, 0, 0, '-'),
(2012, 6, 17, 17900, 2000, 10000, 315000, 0, 0, 0, 0, 0, '-'),
(2012, 6, 18, 17900, 2000, 10000, 330000, 0, 0, 0, 0, 60000, 'Angs.3 pendaftaran IBI'),
(2012, 6, 19, 0, 2000, 0, 0, 0, 0, 0, 0, 0, '-'),
(2012, 6, 20, 17900, 2000, 0, 0, 0, 0, 0, 0, 0, '-'),
(2012, 6, 21, 0, 2000, 10000, 0, 0, 0, 0, 0, 0, '-'),
(2012, 6, 22, 17900, 2000, 10000, 231000, 0, 0, 0, 0, 0, '-'),
(2012, 6, 23, 0, 2000, 10000, 0, 0, 0, 0, 0, 0, '-'),
(2012, 6, 25, 17900, 2000, 10000, 210000, 0, 0, 0, 0, 0, '-'),
(2012, 6, 27, 17900, 2000, 10000, 253000, 0, 0, 0, 0, 60000, 'Angs.3 pendaftaran IBI'),
(2012, 6, 28, 17900, 2000, 10000, 220000, 0, 0, 0, 0, 60000, 'Angs.3 pendaftaran IBI'),
(2012, 6, 29, 17900, 2000, 10000, 253000, 0, 0, 0, 0, 0, '-'),
(2012, 6, 30, 17900, 2000, 0, 0, 0, 0, 0, 0, 0, '-'),
(2012, 6, 31, 0, 2000, 0, 0, 0, 0, 0, 0, 0, '-'),
(2012, 6, 32, 0, 2000, 10000, 198000, 0, 0, 0, 0, 0, '-'),
(2012, 6, 33, 17900, 2000, 10000, 165000, 0, 0, 0, 0, 0, '-'),
(2012, 6, 34, 0, 2000, 10000, 0, 0, 0, 0, 0, 9500, 'kekurangan dankes'),
(2012, 6, 35, 0, 2000, 10000, 165000, 0, 0, 0, 0, 0, '-'),
(2012, 6, 36, 17900, 2000, 10000, 0, 0, 0, 0, 0, 0, '-'),
(2012, 6, 37, 17900, 2000, 10000, 0, 0, 0, 0, 0, 100000, 'Dana Pensiun'),
(2012, 6, 38, 17900, 2000, 0, 0, 0, 0, 0, 0, 0, '-'),
(2012, 6, 39, 17900, 2000, 10000, 165000, 0, 0, 0, 0, 0, '-'),
(2012, 6, 40, 17900, 2000, 0, 0, 0, 0, 0, 0, 0, '-'),
(2012, 6, 42, 17900, 2000, 10000, 110000, 0, 0, 0, 0, 0, '-'),
(2012, 6, 43, 30000, 2000, 0, 0, 0, 0, 0, 0, 0, '-'),
(2012, 6, 45, 17900, 2000, 10000, 220000, 0, 0, 0, 0, 0, '-'),
(2012, 6, 46, 17900, 2000, 10000, 0, 0, 0, 0, 0, 60000, 'Angs.3 pendaftaran IBI'),
(2012, 6, 47, 17900, 2000, 0, 0, 0, 0, 0, 0, 0, '-'),
(2012, 6, 48, 17900, 2000, 10000, 105000, 0, 0, 0, 0, 0, '-'),
(2012, 6, 49, 17900, 2000, 10000, 0, 0, 0, 0, 0, 0, '-'),
(2012, 6, 50, 17900, 2000, 0, 0, 0, 0, 0, 0, 0, '-'),
(2012, 6, 51, 17900, 2000, 10000, 315000, 0, 0, 0, 0, 60000, 'Angs.3 pendaftaran IBI'),
(2012, 6, 52, 17900, 2000, 0, 0, 0, 0, 0, 0, 6, 'Angs.3 pendaftaran IBI'),
(2012, 6, 53, 17900, 2000, 0, 0, 0, 0, 0, 0, 0, '-'),
(2012, 6, 54, 17900, 2000, 10000, 220000, 0, 0, 0, 0, 160000, 'kekurangan dankes'),
(2012, 6, 55, 17900, 2000, 10000, 210000, 0, 0, 0, 0, 150000, 'Dana Pensiun'),
(2012, 6, 57, 17900, 2000, 10000, 165000, 0, 0, 0, 0, 0, '-'),
(2012, 6, 58, 17900, 2000, 10000, 220000, 0, 0, 0, 0, 60000, 'Angs.3 pendaftaran IBI'),
(2012, 6, 59, 17900, 2000, 0, 0, 0, 0, 0, 0, 60000, 'Angs.3 pendaftaran IBI'),
(2012, 6, 60, 17900, 2000, 0, 0, 0, 0, 0, 0, 0, '-'),
(2012, 6, 61, 17900, 2000, 0, 0, 0, 0, 0, 0, 0, '-'),
(2012, 6, 62, 17900, 2000, 0, 0, 0, 0, 0, 0, 0, '-'),
(2012, 6, 63, 17900, 2000, 10000, 229300, 0, 0, 0, 0, 0, '-'),
(2012, 6, 65, 0, 2000, 0, 0, 0, 0, 0, 0, 0, '-'),
(2012, 6, 66, 0, 2000, 0, 0, 0, 0, 0, 0, 0, '-'),
(2012, 6, 67, 17900, 2000, 10000, 220000, 0, 0, 0, 0, 60000, 'Angs.3 pendaftaran IBI'),
(2012, 6, 68, 17900, 2000, 0, 0, 0, 0, 0, 0, 0, '-'),
(2012, 6, 69, 17900, 2000, 10000, 265000, 0, 0, 0, 0, 60000, 'Angs.3 pendaftaran IBI'),
(2012, 6, 70, 17900, 2000, 0, 0, 0, 0, 0, 0, 0, '-'),
(2012, 6, 71, 17900, 2000, 10000, 220000, 0, 0, 0, 0, 0, '-'),
(2012, 6, 72, 17900, 2000, 10000, 220000, 0, 0, 0, 0, 60000, 'Angs.3 pendaftaran IBI'),
(2012, 6, 73, 0, 2000, 10000, 0, 0, 0, 0, 0, 0, '-'),
(2012, 6, 74, 0, 2000, 10000, 0, 0, 0, 0, 0, 100000, 'Simp Sukarela Kop'),
(2012, 6, 75, 17900, 2000, 10000, 220000, 0, 0, 0, 0, 100000, 'Dana Pensiun'),
(2012, 6, 76, 17900, 2000, 0, 0, 0, 0, 0, 0, 0, '-'),
(2012, 6, 77, 17900, 2000, 0, 0, 0, 0, 0, 0, 0, '-'),
(2012, 6, 78, 17900, 2000, 10000, 176500, 0, 0, 0, 0, 0, '-'),
(2012, 6, 79, 17900, 2000, 10000, 198000, 0, 0, 0, 0, 50000, 'Dana Pensiun'),
(2012, 6, 80, 17900, 2000, 10000, 220000, 0, 0, 0, 0, 0, '-'),
(2012, 6, 81, 17900, 2000, 10000, 318000, 0, 0, 0, 0, 0, '-'),
(2012, 6, 82, 17900, 2000, 10000, 275000, 0, 0, 0, 0, 50000, 'Dana Pensiun'),
(2012, 6, 83, 17900, 2000, 0, 0, 0, 0, 0, 0, 0, '-'),
(2012, 6, 84, 17900, 2000, 10000, 0, 0, 0, 0, 0, 50000, 'Dana Pensiun'),
(2012, 6, 85, 17900, 2000, 0, 0, 0, 0, 0, 0, 0, '-'),
(2012, 6, 86, 17900, 2000, 10000, 0, 0, 0, 0, 0, 250000, 'Dana Pensiun'),
(2012, 6, 90, 17900, 2000, 10000, 520000, 0, 0, 0, 0, 0, '-'),
(2012, 6, 92, 17900, 2000, 0, 0, 0, 0, 0, 0, 0, '-'),
(2012, 6, 94, 0, 2000, 0, 0, 0, 0, 0, 0, 0, '-'),
(2012, 6, 98, 0, 0, 10000, 0, 0, 0, 0, 0, 0, '-'),
(2012, 6, 99, 0, 2000, 0, 0, 0, 0, 0, 0, 0, '-'),
(2012, 6, 100, 0, 2000, 10000, 315000, 0, 0, 0, 0, 0, '-'),
(2012, 6, 105, 0, 2000, 10000, 0, 0, 0, 0, 0, 0, '-'),
(2012, 6, 107, 0, 2000, 10000, 115000, 0, 0, 0, 0, 0, '-'),
(2012, 6, 108, 0, 2000, 10000, 210000, 0, 0, 0, 0, 0, '-'),
(2012, 6, 109, 0, 2000, 10000, 198000, 0, 0, 0, 0, 0, '-'),
(2012, 6, 110, 0, 2000, 10000, 220000, 0, 0, 0, 0, 0, '-'),
(2012, 6, 113, 0, 2000, 0, 0, 0, 0, 0, 0, 60000, 'Angs.3 pendaftaran IBI'),
(2012, 6, 114, 0, 2000, 10000, 270000, 0, 0, 0, 0, 0, '-'),
(2012, 6, 115, 0, 2000, 10000, 143000, 0, 0, 0, 0, 0, '-'),
(2012, 6, 116, 0, 2000, 10000, 0, 0, 0, 0, 0, 0, '-'),
(2012, 6, 118, 0, 2000, 0, 0, 0, 0, 0, 0, 0, '-'),
(2012, 6, 119, 0, 2000, 10000, 143000, 0, 0, 0, 0, 0, '-'),
(2012, 6, 120, 0, 2000, 10000, 165000, 0, 0, 0, 0, 0, '-'),
(2012, 6, 121, 0, 0, 0, 0, 0, 0, 0, 0, 0, '-'),
(2012, 6, 122, 0, 2000, 0, 0, 0, 0, 0, 0, 0, '-'),
(2012, 6, 123, 0, 2000, 0, 0, 0, 0, 0, 0, 0, '-'),
(2012, 6, 124, 0, 2000, 10000, 220000, 0, 0, 0, 0, 0, '-'),
(2012, 6, 125, 0, 2000, 0, 0, 0, 0, 0, 0, 0, '-'),
(2012, 6, 126, 0, 2000, 0, 0, 0, 0, 0, 0, 0, '-'),
(2012, 6, 127, 0, 2000, 0, 0, 0, 0, 0, 0, 0, '-'),
(2012, 6, 129, 0, 2000, 0, 0, 0, 0, 0, 0, 0, '-'),
(2012, 6, 130, 0, 2000, 0, 0, 0, 0, 0, 0, 60000, 'Angs.3 pendaftaran IBI'),
(2012, 6, 131, 0, 2000, 0, 0, 0, 0, 0, 0, 0, '-'),
(2012, 6, 132, 0, 2000, 0, 0, 0, 0, 0, 0, 0, '-'),
(2012, 6, 135, 0, 2000, 0, 0, 0, 0, 0, 0, 0, '-'),
(2012, 6, 136, 0, 2000, 10000, 143000, 0, 0, 0, 0, 0, '-'),
(2012, 6, 137, 0, 2000, 0, 0, 0, 0, 0, 0, 0, '-'),
(2012, 6, 138, 0, 2000, 0, 0, 0, 0, 0, 0, 0, '-'),
(2012, 6, 139, 0, 2000, 0, 0, 0, 0, 0, 0, 0, '-'),
(2012, 6, 162, 0, 0, 0, 0, 0, 0, 0, 0, 0, '-'),
(2012, 6, 189, 0, 2000, 10000, 143000, 0, 0, 0, 0, 0, '-'),
(2012, 6, 190, 0, 2000, 0, 0, 0, 0, 0, 0, 0, '-'),
(2012, 6, 191, 0, 2000, 0, 0, 0, 0, 0, 0, 0, '-'),
(2012, 6, 192, 0, 2000, 0, 0, 0, 0, 0, 0, 0, '-'),
(2012, 6, 193, 0, 2000, 0, 0, 0, 0, 0, 0, 0, '-'),
(2012, 6, 194, 0, 2000, 0, 0, 0, 0, 0, 0, 0, '-'),
(2012, 6, 196, 0, 2000, 0, 0, 0, 0, 0, 0, 0, '-'),
(2012, 6, 198, 0, 2000, 0, 0, 0, 0, 0, 0, 0, '-'),
(2012, 6, 202, 0, 2000, 10000, 270000, 0, 0, 0, 0, 0, '-'),
(2012, 6, 204, 0, 2000, 0, 0, 0, 0, 0, 0, 60000, 'Angs.3 pendaftaran IBI'),
(2012, 6, 224, 0, 2000, 0, 0, 0, 0, 0, 0, 60000, 'Angs.3 pendaftaran IBI'),
(2012, 6, 228, 0, 2000, 0, 0, 0, 0, 0, 0, 0, '-'),
(2012, 6, 229, 0, 2000, 0, 0, 0, 0, 0, 0, 0, '-'),
(2012, 6, 236, 0, 2000, 0, 0, 0, 0, 0, 0, 0, '-'),
(2012, 6, 235, 0, 2000, 0, 0, 0, 0, 0, 0, 0, '-'),
(2012, 6, 234, 0, 2000, 0, 0, 0, 0, 0, 0, 0, '-'),
(2012, 6, 141, 0, 2000, 0, 0, 0, 0, 0, 0, 0, '-'),
(2012, 6, 197, 0, 2000, 0, 0, 0, 0, 0, 0, 0, '-'),
(2012, 6, 249, 0, 2000, 0, 0, 0, 0, 0, 0, 0, '-'),
(2012, 1, 139, 0, 2000, 0, 0, 0, 0, 0, 0, 0, '-'),
(2012, 1, 141, 0, 2000, 0, 0, 0, 0, 0, 0, 0, '-'),
(2012, 1, 197, 0, 2000, 0, 0, 0, 0, 0, 0, 0, '-'),
(2012, 1, 224, 0, 2000, 0, 0, 0, 0, 0, 0, 0, '-'),
(2012, 1, 228, 0, 2000, 0, 0, 0, 0, 0, 0, 0, '-'),
(2012, 1, 229, 0, 2000, 0, 0, 0, 0, 0, 0, 0, '-'),
(2012, 1, 236, 0, 2000, 0, 0, 0, 0, 0, 0, 0, '-'),
(2012, 1, 249, 0, 2000, 0, 0, 0, 0, 0, 0, 0, '-'),
(2012, 8, 1, 17900, 2000, 10000, 0, 0, 0, 0, 0, 0, '-'),
(2012, 8, 2, 17900, 2000, 10000, 0, 0, 0, 0, 0, 0, '-'),
(2012, 8, 4, 17900, 2000, 10000, 0, 0, 0, 0, 0, 0, '-'),
(2012, 8, 5, 17900, 2000, 10000, 0, 0, 0, 0, 0, 0, '-'),
(2012, 8, 6, 17900, 2000, 10000, 0, 0, 0, 0, 0, 0, '-'),
(2012, 8, 7, 17900, 2000, 10000, 0, 0, 0, 0, 0, 0, '-'),
(2012, 8, 8, 0, 0, 0, 0, 0, 0, 0, 0, 0, '-'),
(2012, 8, 9, 20000, 2000, 10000, 0, 0, 0, 0, 0, 0, '-'),
(2012, 8, 10, 17900, 2000, 10000, 0, 0, 0, 0, 0, 0, '-'),
(2012, 8, 11, 17900, 2000, 10000, 0, 0, 0, 0, 0, 0, '-'),
(2012, 8, 12, 17900, 2000, 10000, 0, 0, 0, 0, 0, 0, '-'),
(2012, 8, 13, 17900, 2000, 10000, 0, 0, 0, 0, 0, 0, '-'),
(2012, 8, 14, 17900, 2000, 10000, 0, 0, 0, 0, 0, 0, '-'),
(2012, 8, 15, 17900, 2000, 10000, 0, 0, 0, 0, 0, 0, '-'),
(2012, 8, 16, 17900, 2000, 10000, 0, 0, 0, 0, 0, 0, '-'),
(2012, 8, 17, 17900, 2000, 10000, 0, 0, 0, 0, 0, 0, '-'),
(2012, 8, 18, 17900, 2000, 10000, 0, 0, 0, 0, 0, 0, '-'),
(2012, 8, 19, 0, 2000, 0, 0, 0, 0, 0, 0, 0, '-'),
(2012, 8, 20, 17900, 2000, 0, 0, 0, 0, 0, 0, 0, '-'),
(2012, 8, 21, 0, 2000, 10000, 0, 0, 0, 0, 0, 0, '-'),
(2012, 8, 22, 17900, 2000, 10000, 0, 0, 0, 0, 0, 0, '-'),
(2012, 8, 23, 0, 2000, 10000, 0, 0, 0, 0, 0, 0, '-'),
(2012, 8, 25, 17900, 2000, 10000, 0, 0, 0, 0, 0, 0, '-'),
(2012, 8, 27, 17900, 2000, 10000, 0, 0, 0, 0, 0, 0, '-'),
(2012, 8, 28, 17900, 2000, 10000, 0, 0, 0, 0, 0, 0, '-'),
(2012, 8, 29, 17900, 2000, 10000, 0, 0, 0, 0, 0, 0, '-'),
(2012, 8, 30, 17900, 2000, 0, 0, 0, 0, 0, 0, 0, '-'),
(2012, 8, 31, 0, 2000, 0, 0, 0, 0, 0, 0, 0, '-'),
(2012, 8, 32, 0, 2000, 10000, 0, 0, 0, 0, 0, 0, '-'),
(2012, 8, 33, 17900, 2000, 10000, 0, 0, 0, 0, 0, 0, '-'),
(2012, 8, 34, 0, 2000, 10000, 0, 0, 0, 0, 0, 0, '-'),
(2012, 8, 35, 0, 2000, 10000, 0, 0, 0, 0, 0, 0, '-'),
(2012, 8, 36, 17900, 2000, 10000, 0, 0, 0, 0, 0, 0, '-'),
(2012, 8, 37, 17900, 2000, 10000, 0, 0, 0, 0, 0, 0, '-'),
(2012, 8, 38, 17900, 2000, 0, 0, 0, 0, 0, 0, 0, '-'),
(2012, 8, 39, 17900, 2000, 10000, 0, 0, 0, 0, 0, 0, '-'),
(2012, 8, 40, 17900, 2000, 0, 0, 0, 0, 0, 0, 0, '-'),
(2012, 8, 42, 17900, 2000, 10000, 0, 0, 0, 0, 0, 0, '-'),
(2012, 8, 43, 30000, 2000, 0, 0, 0, 0, 0, 0, 0, '-'),
(2012, 8, 45, 17900, 2000, 10000, 0, 0, 0, 0, 0, 0, '-'),
(2012, 8, 46, 17900, 2000, 10000, 0, 0, 0, 0, 0, 0, '-'),
(2012, 8, 47, 17900, 2000, 0, 0, 0, 0, 0, 0, 0, '-'),
(2012, 8, 48, 17900, 2000, 10000, 0, 0, 0, 0, 0, 0, '-'),
(2012, 8, 49, 17900, 2000, 10000, 0, 0, 0, 0, 0, 0, '-'),
(2012, 8, 50, 17900, 2000, 0, 0, 0, 0, 0, 0, 0, '-'),
(2012, 8, 51, 17900, 2000, 10000, 0, 0, 0, 0, 0, 0, '-'),
(2012, 8, 52, 17900, 2000, 0, 0, 0, 0, 0, 0, 0, '-'),
(2012, 8, 53, 17900, 2000, 0, 0, 0, 0, 0, 0, 0, '-'),
(2012, 8, 54, 17900, 2000, 10000, 0, 0, 0, 0, 0, 0, '-'),
(2012, 8, 55, 17900, 2000, 10000, 0, 0, 0, 0, 0, 0, '-'),
(2012, 8, 57, 17900, 2000, 10000, 0, 0, 0, 0, 0, 0, '-'),
(2012, 8, 58, 17900, 2000, 10000, 0, 0, 0, 0, 0, 0, '-'),
(2012, 8, 59, 17900, 2000, 0, 0, 0, 0, 0, 0, 0, '-'),
(2012, 8, 60, 17900, 2000, 0, 0, 0, 0, 0, 0, 0, '-'),
(2012, 8, 61, 17900, 2000, 0, 0, 0, 0, 0, 0, 0, '-'),
(2012, 8, 62, 17900, 2000, 0, 0, 0, 0, 0, 0, 0, '-'),
(2012, 8, 63, 17900, 2000, 10000, 0, 0, 0, 0, 0, 0, '-'),
(2012, 8, 65, 0, 2000, 0, 0, 0, 0, 0, 0, 0, '-'),
(2012, 8, 66, 0, 2000, 0, 0, 0, 0, 0, 0, 0, '-'),
(2012, 8, 67, 17900, 2000, 10000, 0, 0, 0, 0, 0, 0, '-'),
(2012, 8, 68, 17900, 2000, 0, 0, 0, 0, 0, 0, 0, '-'),
(2012, 8, 69, 17900, 2000, 10000, 0, 0, 0, 0, 0, 0, '-'),
(2012, 8, 70, 17900, 2000, 0, 0, 0, 0, 0, 0, 0, '-'),
(2012, 8, 71, 17900, 2000, 10000, 0, 0, 0, 0, 0, 0, '-'),
(2012, 8, 72, 17900, 2000, 10000, 0, 0, 0, 0, 0, 0, '-'),
(2012, 8, 73, 0, 2000, 10000, 0, 0, 0, 0, 0, 0, '-'),
(2012, 8, 74, 0, 2000, 10000, 0, 0, 0, 0, 0, 0, '-'),
(2012, 8, 75, 17900, 2000, 10000, 0, 0, 0, 0, 0, 0, '-'),
(2012, 8, 76, 17900, 2000, 0, 0, 0, 0, 0, 0, 0, '-'),
(2012, 8, 77, 17900, 2000, 0, 0, 0, 0, 0, 0, 0, '-'),
(2012, 8, 78, 17900, 2000, 10000, 0, 0, 0, 0, 0, 0, '-'),
(2012, 8, 79, 17900, 2000, 10000, 0, 0, 0, 0, 0, 0, '-'),
(2012, 8, 80, 17900, 2000, 10000, 0, 0, 0, 0, 0, 0, '-'),
(2012, 8, 81, 17900, 2000, 10000, 0, 0, 0, 0, 0, 0, '-'),
(2012, 8, 82, 17900, 2000, 10000, 0, 0, 0, 0, 0, 0, '-'),
(2012, 8, 83, 17900, 2000, 0, 0, 0, 0, 0, 0, 0, '-'),
(2012, 8, 84, 17900, 2000, 10000, 0, 0, 0, 0, 0, 0, '-'),
(2012, 8, 85, 17900, 2000, 0, 0, 0, 0, 0, 0, 0, '-'),
(2012, 8, 86, 17900, 2000, 10000, 0, 0, 0, 0, 0, 0, '-'),
(2012, 8, 90, 17900, 2000, 10000, 0, 0, 0, 0, 0, 0, '-'),
(2012, 8, 92, 17900, 2000, 0, 0, 0, 0, 0, 0, 0, '-'),
(2012, 8, 94, 0, 2000, 0, 0, 0, 0, 0, 0, 0, '-'),
(2012, 8, 98, 0, 0, 10000, 0, 0, 0, 0, 0, 0, '-'),
(2012, 8, 99, 0, 2000, 0, 0, 0, 0, 0, 0, 0, '-'),
(2012, 8, 100, 0, 2000, 10000, 0, 0, 0, 0, 0, 0, '-'),
(2012, 8, 105, 0, 2000, 10000, 0, 0, 0, 0, 0, 0, '-'),
(2012, 8, 107, 0, 2000, 10000, 0, 0, 0, 0, 0, 0, '-'),
(2012, 8, 108, 0, 2000, 10000, 0, 0, 0, 0, 0, 0, '-'),
(2012, 8, 109, 0, 2000, 10000, 0, 0, 0, 0, 0, 0, '-'),
(2012, 8, 110, 0, 2000, 10000, 0, 0, 0, 0, 0, 0, '-'),
(2012, 8, 113, 0, 2000, 0, 0, 0, 0, 0, 0, 0, '-'),
(2012, 8, 114, 0, 2000, 10000, 0, 0, 0, 0, 0, 0, '-'),
(2012, 8, 115, 0, 2000, 10000, 0, 0, 0, 0, 0, 0, '-'),
(2012, 8, 116, 0, 2000, 10000, 0, 0, 0, 0, 0, 0, '-'),
(2012, 8, 118, 0, 2000, 0, 0, 0, 0, 0, 0, 0, '-'),
(2012, 8, 119, 0, 2000, 10000, 0, 0, 0, 0, 0, 0, '-'),
(2012, 8, 120, 0, 2000, 10000, 0, 0, 0, 0, 0, 0, '-'),
(2012, 8, 121, 0, 0, 0, 0, 0, 0, 0, 0, 0, '-'),
(2012, 8, 122, 0, 2000, 0, 0, 0, 0, 0, 0, 0, '-'),
(2012, 8, 123, 0, 2000, 0, 0, 0, 0, 0, 0, 0, '-'),
(2012, 8, 124, 0, 2000, 10000, 0, 0, 0, 0, 0, 0, '-'),
(2012, 8, 125, 0, 2000, 0, 0, 0, 0, 0, 0, 0, '-'),
(2012, 8, 126, 0, 2000, 0, 0, 0, 0, 0, 0, 0, '-'),
(2012, 8, 127, 0, 2000, 0, 0, 0, 0, 0, 0, 0, '-'),
(2012, 8, 129, 0, 2000, 0, 0, 0, 0, 0, 0, 0, '-'),
(2012, 8, 130, 0, 2000, 0, 0, 0, 0, 0, 0, 0, '-'),
(2012, 8, 131, 0, 2000, 0, 0, 0, 0, 0, 0, 0, '-'),
(2012, 8, 132, 0, 2000, 0, 0, 0, 0, 0, 0, 0, '-'),
(2012, 8, 135, 0, 2000, 0, 0, 0, 0, 0, 0, 0, '-'),
(2012, 8, 136, 0, 2000, 10000, 0, 0, 0, 0, 0, 0, '-'),
(2012, 8, 137, 0, 2000, 0, 0, 0, 0, 0, 0, 0, '-'),
(2012, 8, 138, 0, 2000, 0, 0, 0, 0, 0, 0, 0, '-'),
(2012, 8, 139, 0, 2000, 0, 0, 0, 0, 0, 0, 0, '-'),
(2012, 8, 141, 0, 2000, 0, 0, 0, 0, 0, 0, 0, '-'),
(2012, 8, 162, 0, 0, 0, 0, 0, 0, 0, 0, 0, '-'),
(2012, 8, 189, 0, 2000, 10000, 0, 0, 0, 0, 0, 0, '-'),
(2012, 8, 190, 0, 2000, 0, 0, 0, 0, 0, 0, 0, '-'),
(2012, 8, 191, 0, 2000, 0, 0, 0, 0, 0, 0, 0, '-'),
(2012, 8, 192, 0, 2000, 0, 0, 0, 0, 0, 0, 0, '-'),
(2012, 8, 193, 0, 2000, 0, 0, 0, 0, 0, 0, 0, '-'),
(2012, 8, 194, 0, 2000, 0, 0, 0, 0, 0, 0, 0, '-'),
(2012, 8, 196, 0, 2000, 0, 0, 0, 0, 0, 0, 0, '-'),
(2012, 8, 197, 0, 2000, 0, 0, 0, 0, 0, 0, 0, '-'),
(2012, 8, 198, 0, 2000, 0, 0, 0, 0, 0, 0, 0, '-'),
(2012, 8, 202, 0, 2000, 10000, 0, 0, 0, 0, 0, 0, '-'),
(2012, 8, 204, 0, 2000, 0, 0, 0, 0, 0, 0, 0, '-'),
(2012, 8, 224, 0, 2000, 0, 0, 0, 0, 0, 0, 0, '-'),
(2012, 8, 228, 0, 2000, 0, 0, 0, 0, 0, 0, 0, '-'),
(2012, 8, 229, 0, 2000, 0, 0, 0, 0, 0, 0, 0, '-'),
(2012, 8, 236, 0, 2000, 0, 0, 0, 0, 0, 0, 0, '-'),
(2012, 8, 249, 0, 2000, 0, 0, 0, 0, 0, 0, 0, '-');

-- --------------------------------------------------------

--
-- Table structure for table `presensi`
--

CREATE TABLE IF NOT EXISTS `presensi` (
  `tgl` date NOT NULL,
  `id` int(11) NOT NULL,
  `jns` enum('HR','HB') NOT NULL,
  `lembur` int(11) NOT NULL,
  PRIMARY KEY (`tgl`,`id`),
  KEY `id` (`id`)
) ENGINE=MyISAM DEFAULT CHARSET=latin1;

--
-- Dumping data for table `presensi`
--

INSERT INTO `presensi` (`tgl`, `id`, `jns`, `lembur`) VALUES
('2011-07-01', 75, 'HB', 7),
('2011-07-01', 84, 'HB', 1),
('2011-07-01', 122, 'HB', 3),
('2011-07-02', 5, 'HB', 6),
('2011-08-30', 116, 'HR', 1),
('2011-08-31', 116, 'HR', 1),
('2011-08-30', 132, 'HR', 1),
('2011-08-20', 100, 'HB', 2),
('2011-08-21', 109, 'HB', 2),
('2011-08-18', 122, 'HB', 1),
('2011-08-30', 2, 'HR', 1),
('2011-08-31', 2, 'HR', 1),
('2011-08-30', 3, 'HR', 1),
('2011-08-31', 3, 'HR', 1),
('2011-08-30', 5, 'HR', 1),
('2011-08-30', 6, 'HR', 1),
('2011-08-30', 8, 'HR', 1),
('2011-08-31', 8, 'HR', 1),
('2011-08-30', 10, 'HR', 1),
('2011-08-30', 11, 'HR', 1),
('2011-08-31', 11, 'HR', 1),
('2011-08-31', 12, 'HR', 1),
('2011-08-30', 12, 'HR', 1),
('2011-08-30', 13, 'HR', 1),
('2011-08-31', 14, 'HR', 1),
('2011-08-30', 14, 'HR', 1),
('2011-08-30', 15, 'HR', 1),
('2011-08-31', 15, 'HR', 1),
('2011-08-30', 16, 'HR', 1),
('2011-08-31', 16, 'HR', 1),
('2011-09-18', 16, 'HB', 2),
('0000-00-00', 38, 'HB', 4),
('2011-09-19', 38, 'HB', 4),
('0000-00-00', 6, 'HB', 11),
('2011-09-14', 37, 'HB', 7),
('2011-09-01', 42, 'HB', 1),
('2011-09-01', 47, 'HB', 1),
('2011-09-01', 55, 'HB', 2),
('2011-09-05', 75, 'HB', 6),
('2011-09-10', 5, 'HB', 11),
('2011-09-13', 84, 'HB', 9),
('2011-09-07', 122, 'HB', 2),
('2011-09-15', 123, 'HB', 2),
('2011-10-14', 5, 'HB', 13),
('2011-10-13', 9, 'HB', 4),
('2011-10-12', 37, 'HB', 1),
('2011-10-12', 75, 'HB', 9),
('2011-10-15', 84, 'HB', 5),
('2011-10-17', 53, 'HB', 10),
('2011-10-16', 92, 'HB', 6),
('2011-10-18', 108, 'HB', 2),
('2011-10-17', 107, 'HB', 3),
('2011-10-16', 100, 'HB', 3),
('2011-10-12', 116, 'HB', 4),
('2011-10-01', 114, 'HB', 1),
('2011-10-02', 139, 'HB', 1),
('2011-10-14', 129, 'HB', 4),
('2011-10-17', 66, 'HB', 2),
('0000-00-00', 122, 'HB', 5),
('2011-10-18', 123, 'HB', 37),
('2011-11-17', 114, 'HB', 3),
('2011-10-07', 125, 'HB', 2),
('2011-10-18', 114, 'HB', 2),
('2011-10-16', 65, 'HB', 2),
('2011-10-16', 80, 'HB', 1),
('2011-10-18', 122, 'HB', 37),
('2011-11-19', 125, 'HB', 4),
('2011-11-12', 110, 'HB', 3),
('2011-11-18', 65, 'HB', 6),
('2011-11-15', 80, 'HB', 2),
('2011-11-16', 129, 'HB', 5),
('2011-11-14', 66, 'HB', 5),
('2011-11-18', 75, 'HB', 5),
('2011-11-19', 5, 'HB', 7),
('2011-11-18', 122, 'HB', 5),
('2011-11-19', 123, 'HB', 5),
('2011-11-13', 84, 'HB', 6),
('2011-11-17', 35, 'HB', 3),
('2011-11-14', 37, 'HB', 1),
('2011-11-17', 9, 'HB', 6),
('2011-11-12', 92, 'HB', 4),
('2011-11-16', 99, 'HB', 7),
('2011-11-14', 53, 'HB', 20),
('2011-11-17', 116, 'HB', 2),
('2011-11-18', 108, 'HB', 4),
('2011-11-16', 107, 'HB', 4),
('2011-11-01', 122, 'HB', 5),
('2011-11-01', 123, 'HB', 5),
('2011-11-02', 123, 'HB', 3),
('2011-11-03', 123, 'HB', 2),
('2011-12-09', 122, 'HB', 15),
('2011-12-05', 123, 'HB', 15),
('2011-12-13', 66, 'HB', 2),
('2011-12-15', 80, 'HB', 1),
('0000-00-00', 110, 'HR', 1),
('2011-12-18', 110, 'HR', 1),
('2011-12-28', 223, 'HR', 1),
('2011-12-19', 16, 'HR', 1),
('2011-12-19', 38, 'HR', 1),
('2011-12-18', 78, 'HR', 1),
('2011-12-18', 90, 'HR', 1),
('2011-12-18', 29, 'HR', 1),
('2011-12-18', 27, 'HR', 1),
('2011-12-19', 59, 'HR', 1),
('2011-12-19', 130, 'HR', 2),
('2011-12-16', 60, 'HR', 1),
('2011-12-18', 68, 'HR', 1),
('2011-12-19', 131, 'HR', 1),
('2011-12-19', 190, 'HR', 1),
('2011-12-16', 18, 'HR', 1),
('2011-12-19', 28, 'HR', 1),
('2011-12-19', 69, 'HR', 1),
('2011-12-19', 137, 'HR', 1),
('2011-12-19', 113, 'HR', 1),
('2011-12-17', 126, 'HR', 1),
('2011-12-16', 138, 'HR', 1),
('2011-12-19', 13, 'HR', 1),
('2011-12-17', 54, 'HR', 1),
('2011-12-16', 100, 'HB', 4),
('2011-12-17', 116, 'HB', 4),
('2011-12-18', 109, 'HB', 4),
('2011-12-19', 107, 'HB', 2),
('2011-12-12', 108, 'HB', 2),
('2011-12-12', 75, 'HB', 11),
('2011-12-12', 5, 'HB', 5),
('2011-12-25', 2, 'HR', 1),
('2011-12-25', 17, 'HR', 1),
('2011-12-25', 105, 'HR', 1),
('2011-12-25', 189, 'HR', 1),
('2011-12-25', 14, 'HR', 1),
('2011-12-25', 25, 'HR', 1),
('2011-12-25', 57, 'HR', 1),
('2011-12-25', 79, 'HR', 1),
('2011-12-25', 81, 'HR', 1),
('2011-12-25', 100, 'HR', 1),
('2011-12-25', 109, 'HR', 1),
('2011-12-25', 11, 'HR', 1),
('2011-12-25', 35, 'HR', 1),
('2011-12-15', 198, 'HB', 1),
('2011-12-18', 47, 'HB', 1),
('2011-12-25', 77, 'HR', 1),
('2011-12-25', 83, 'HR', 1),
('2011-12-25', 15, 'HR', 1),
('2011-12-25', 74, 'HR', 1),
('2011-12-25', 120, 'HR', 1),
('2011-12-25', 12, 'HR', 1),
('2011-12-15', 193, 'HB', 1),
('2011-12-15', 194, 'HB', 3),
('2011-12-25', 40, 'HR', 1),
('2011-12-25', 39, 'HR', 1),
('2011-12-25', 119, 'HR', 1),
('0000-00-00', 198, 'HB', 11),
('2012-01-18', 71, 'HB', 7),
('2012-01-08', 42, 'HB', 4),
('2012-01-30', 80, 'HB', 8),
('2012-01-01', 10, 'HB', 4),
('2012-01-16', 107, 'HB', 2),
('2012-01-18', 100, 'HB', 2),
('2012-01-18', 22, 'HB', 2),
('2012-01-17', 84, 'HB', 10),
('2012-01-19', 5, 'HB', 15),
('2012-01-16', 37, 'HB', 2),
('2012-01-13', 55, 'HB', 5),
('2012-01-10', 75, 'HB', 20),
('2012-01-09', 122, 'HB', 1),
('2012-01-11', 122, 'HB', 1),
('2012-01-05', 122, 'HB', 1),
('2012-01-05', 123, 'HB', 1),
('2012-01-09', 123, 'HB', 1),
('2012-01-11', 123, 'HB', 1),
('2012-01-03', 193, 'HB', 1),
('2012-01-18', 194, 'HB', 1),
('2012-02-19', 202, 'HB', 1),
('2012-02-17', 92, 'HB', 6),
('0000-00-00', 75, 'HB', 23),
('2012-02-18', 10, 'HB', 2),
('2012-02-16', 100, 'HB', 2),
('2012-02-17', 109, 'HB', 2),
('2012-02-15', 107, 'HB', 2),
('2012-02-13', 108, 'HB', 2),
('2012-02-18', 81, 'HB', 2),
('2012-02-17', 14, 'HB', 6),
('2012-02-19', 136, 'HB', 5),
('2012-02-17', 136, 'HB', 5),
('2012-02-12', 25, 'HB', 5),
('2012-02-10', 57, 'HB', 6),
('2012-02-14', 42, 'HB', 4),
('2012-02-18', 71, 'HB', 5),
('2012-02-16', 198, 'HB', 5),
('2012-02-15', 55, 'HB', 9),
('2012-02-16', 84, 'HB', 12),
('2012-02-18', 5, 'HB', 26),
('2012-02-07', 37, 'HB', 9),
('2012-02-01', 123, 'HB', 10),
('2012-02-01', 122, 'HB', 11),
('2012-02-01', 75, 'HB', 23),
('2012-02-01', 194, 'HB', 4),
('2012-02-01', 196, 'HB', 2),
('2012-03-16', 5, 'HB', 4),
('2012-03-29', 84, 'HB', 9),
('2012-03-17', 75, 'HB', 11),
('2012-03-16', 37, 'HB', 9),
('2012-03-18', 2, 'HB', 8),
('2012-03-18', 17, 'HB', 4),
('2012-03-19', 189, 'HB', 5),
('2012-03-16', 40, 'HB', 7),
('2012-03-16', 39, 'HB', 7),
('2012-03-18', 12, 'HB', 7),
('2012-03-18', 115, 'HB', 7),
('2012-03-18', 119, 'HB', 7),
('2012-03-18', 92, 'HB', 2),
('0000-00-00', 92, 'HB', 2),
('2012-03-17', 100, 'HB', 6),
('2012-03-18', 109, 'HB', 5),
('2012-03-18', 107, 'HB', 8),
('2012-03-15', 81, 'HB', 5),
('2012-03-23', 7, 'HR', 1),
('2012-03-23', 6, 'HR', 1),
('2012-03-23', 90, 'HR', 1),
('2012-03-23', 94, 'HR', 1),
('2012-03-23', 202, 'HR', 1),
('2012-03-17', 238, 'HB', 8),
('2012-03-23', 18, 'HR', 1),
('2012-03-23', 20, 'HR', 1),
('2012-03-23', 46, 'HR', 1),
('2012-03-23', 58, 'HR', 1),
('2012-03-23', 235, 'HR', 1),
('2012-03-23', 118, 'HR', 1),
('2012-03-23', 113, 'HR', 1),
('2012-03-22', 123, 'HB', 1),
('2012-03-23', 131, 'HR', 1),
('2012-03-23', 130, 'HR', 1),
('2012-03-23', 29, 'HR', 1),
('2012-03-23', 21, 'HR', 1),
('2012-03-23', 60, 'HR', 1),
('2012-03-23', 59, 'HR', 1),
('2012-03-23', 236, 'HR', 1),
('2012-03-23', 50, 'HR', 1),
('2012-03-23', 67, 'HR', 1),
('2012-03-23', 135, 'HR', 1),
('2012-03-23', 72, 'HR', 1),
('2012-03-18', 10, 'HB', 3),
('2012-03-16', 71, 'HB', 6),
('2012-03-18', 193, 'HB', 2),
('2012-03-19', 42, 'HB', 4),
('2012-03-18', 198, 'HB', 9),
('2012-03-15', 202, 'HB', 6),
('2012-03-16', 65, 'HB', 3),
('2012-03-17', 132, 'HB', 3),
('2012-04-23', 235, 'HR', 1),
('2012-03-18', 80, 'HB', 3),
('2012-03-18', 114, 'HB', 2),
('2012-03-17', 129, 'HB', 2),
('2012-03-23', 124, 'HR', 1),
('2012-03-23', 13, 'HR', 1),
('2012-03-23', 77, 'HR', 1),
('2012-03-23', 85, 'HR', 1),
('2012-03-23', 83, 'HR', 1),
('2012-03-16', 2, 'HR', 1),
('2012-03-17', 17, 'HR', 1),
('2012-03-17', 189, 'HR', 1),
('2012-03-18', 25, 'HR', 1),
('2012-03-15', 57, 'HR', 1),
('2012-03-17', 136, 'HR', 1),
('2012-03-14', 79, 'HR', 1),
('2012-03-17', 116, 'HR', 1),
('2012-03-18', 86, 'HR', 1),
('2012-03-15', 15, 'HR', 1),
('2012-03-18', 73, 'HR', 1),
('2012-03-15', 74, 'HR', 1),
('2012-03-14', 40, 'HR', 1),
('2012-03-17', 115, 'HR', 1),
('2012-03-19', 119, 'HR', 1),
('2012-03-17', 45, 'HR', 1),
('2012-03-15', 22, 'HR', 1),
('2012-03-17', 11, 'HR', 1),
('2012-03-17', 48, 'HR', 1),
('2012-03-17', 98, 'HR', 1),
('2012-03-13', 194, 'HB', 2),
('2012-04-18', 129, 'HB', 6),
('2012-03-23', 246, 'HR', 1),
('2012-04-17', 202, 'HB', 4),
('2012-04-17', 132, 'HB', 3),
('2012-04-16', 80, 'HB', 1),
('2012-04-18', 110, 'HB', 1),
('2012-04-16', 10, 'HB', 4),
('2012-04-14', 224, 'HB', 1),
('2012-04-13', 42, 'HB', 4),
('2012-04-16', 198, 'HB', 10),
('2012-04-18', 71, 'HB', 4),
('2012-04-16', 193, 'HB', 1),
('2012-04-14', 109, 'HB', 2),
('2012-04-17', 107, 'HB', 1),
('2012-04-01', 45, 'HB', 1),
('2012-04-12', 55, 'HB', 6),
('2012-04-17', 36, 'HB', 1),
('2012-04-17', 22, 'HB', 1),
('2012-04-16', 84, 'HB', 3),
('2012-04-18', 5, 'HB', 6),
('2012-04-18', 75, 'HB', 13),
('2012-04-18', 37, 'HB', 7),
('2012-04-15', 123, 'HB', 5),
('2012-04-18', 122, 'HB', 7),
('2012-04-01', 196, 'HB', 2),
('2012-04-01', 194, 'HB', 3),
('2012-04-07', 253, 'HB', 6),
('0000-00-00', 84, 'HB', 2),
('2012-05-25', 55, 'HB', 2),
('2012-05-18', 9, 'HB', 3),
('2012-05-21', 37, 'HB', 4),
('2012-05-29', 35, 'HB', 3),
('2012-05-21', 45, 'HB', 5),
('2012-05-17', 36, 'HB', 11),
('2012-05-16', 11, 'HB', 1),
('2012-05-18', 75, 'HB', 8),
('2012-05-06', 2, 'HR', 1),
('2012-05-06', 17, 'HR', 1),
('2012-05-06', 189, 'HR', 1),
('2012-05-06', 246, 'HR', 1),
('2012-05-06', 14, 'HR', 1),
('2012-05-06', 25, 'HR', 1),
('2012-05-06', 57, 'HR', 1),
('2012-05-06', 79, 'HR', 1),
('2012-05-06', 86, 'HR', 1),
('0000-00-00', 39, 'HR', 1),
('2012-05-06', 119, 'HR', 1),
('2012-05-06', 109, 'HR', 1),
('2012-05-06', 108, 'HR', 1),
('2012-05-06', 11, 'HR', 1),
('2012-05-06', 48, 'HR', 1),
('2012-05-06', 63, 'HR', 1),
('2012-05-06', 10, 'HR', 1),
('0000-00-00', 10, 'HR', 1),
('2012-05-06', 20, 'HR', 1),
('2012-05-15', 28, 'HR', 1),
('2012-05-14', 21, 'HR', 1),
('2012-05-16', 46, 'HR', 1),
('2012-05-17', 204, 'HR', 1),
('0000-00-00', 49, 'HR', 2),
('2012-05-16', 49, 'HR', 2),
('2012-05-19', 224, 'HR', 1),
('2012-05-18', 236, 'HR', 1),
('2012-05-17', 118, 'HR', 1),
('2012-05-19', 190, 'HR', 1),
('2012-05-18', 67, 'HR', 1),
('2012-05-19', 191, 'HR', 1),
('2012-05-13', 131, 'HR', 1),
('2012-05-17', 60, 'HR', 1),
('2012-05-19', 138, 'HR', 1),
('2012-05-17', 132, 'HR', 1),
('2012-05-29', 38, 'HR', 1),
('2012-05-19', 192, 'HR', 1),
('2012-05-18', 16, 'HR', 1),
('2012-05-19', 90, 'HR', 1),
('2012-05-06', 54, 'HR', 1),
('2012-05-16', 10, 'HB', 4),
('2012-05-06', 13, 'HR', 1),
('2012-05-19', 47, 'HB', 4),
('2012-05-17', 42, 'HB', 4),
('2012-05-18', 198, 'HB', 4),
('2012-05-19', 202, 'HB', 6),
('2012-05-18', 129, 'HB', 4),
('2012-05-11', 253, 'HB', 8),
('2012-05-18', 110, 'HB', 1),
('2012-05-19', 132, 'HB', 3),
('2012-05-12', 5, 'HB', 4),
('2012-05-05', 84, 'HB', 2),
('2012-05-25', 22, 'HB', 10),
('2012-05-07', 123, 'HB', 1),
('2012-05-06', 15, 'HR', 1),
('2012-05-06', 32, 'HR', 1),
('2012-05-06', 74, 'HR', 1),
('2012-05-06', 39, 'HR', 1),
('2012-05-18', 193, 'HB', 1),
('2012-05-06', 76, 'HR', 1),
('2012-05-06', 85, 'HR', 1),
('2012-05-06', 30, 'HR', 1),
('2012-05-19', 107, 'HB', 1),
('2012-05-18', 100, 'HB', 3),
('2012-05-19', 81, 'HB', 1),
('2012-06-01', 110, 'HB', 1),
('2012-06-02', 114, 'HB', 2),
('2012-06-03', 129, 'HB', 2),
('2012-06-05', 80, 'HB', 2),
('2012-06-02', 122, 'HB', 6),
('2012-06-28', 123, 'HB', 1),
('2012-06-15', 5, 'HB', 2),
('2012-06-15', 75, 'HB', 6),
('2012-06-17', 74, 'HB', 4),
('2012-06-18', 92, 'HB', 2),
('2012-06-17', 109, 'HB', 4),
('2012-06-18', 107, 'HB', 2),
('2012-06-17', 108, 'HB', 2);

-- --------------------------------------------------------

--
-- Table structure for table `rawatjalan`
--

CREATE TABLE IF NOT EXISTS `rawatjalan` (
  `tgl` datetime NOT NULL,
  `id` int(11) NOT NULL,
  `tnd` int(11) NOT NULL,
  `jm` double NOT NULL,
  `nm_pasien` varchar(30) NOT NULL,
  `kamar` varchar(20) NOT NULL,
  `diagnosa` varchar(50) NOT NULL,
  `jmlh` int(11) NOT NULL,
  PRIMARY KEY (`tgl`,`id`,`tnd`),
  KEY `id` (`id`),
  KEY `tnd` (`tnd`)
) ENGINE=MyISAM DEFAULT CHARSET=latin1;

--
-- Dumping data for table `rawatjalan`
--

INSERT INTO `rawatjalan` (`tgl`, `id`, `tnd`, `jm`, `nm_pasien`, `kamar`, `diagnosa`, `jmlh`) VALUES
('2011-12-01 00:00:00', 185, 181, 22750000, '-', '-', '-', 650),
('2011-12-01 00:00:00', 206, 181, 6580000, '-', '-', '-', 188),
('2011-12-01 00:00:00', 184, 181, 9310000, '-', '-', '-', 266),
('2011-12-01 00:00:00', 214, 181, 11130000, '-', '-', '-', 318),
('2011-12-01 00:00:00', 218, 201, 50000, '-', '-', '-', 1),
('2011-12-01 00:00:00', 179, 181, 10710000, '-', '-', '-', 306),
('2011-12-01 00:00:00', 183, 181, 19810000, '-', '-', '-', 566),
('2011-12-01 00:00:00', 214, 200, 175000, '-', '-', '-', 5),
('2011-12-01 00:00:00', 208, 181, 4830000, '-', '-', '-', 138),
('2011-12-01 00:00:00', 182, 181, 10780000, '-', '-', '-', 308),
('2011-12-01 00:00:00', 212, 181, 2835000, '-', '-', '-', 81),
('2011-12-01 00:00:00', 207, 181, 5460000, '-', '-', '-', 156),
('2011-12-01 00:00:00', 180, 181, 21385000, '-', '-', '-', 611),
('2011-12-01 00:00:00', 178, 181, 7175000, '-', '-', '-', 205),
('2011-12-01 00:00:00', 207, 214, 50000, '-', '-', '-', 1),
('2011-12-01 00:00:00', 184, 197, 80000, '-', '-', '-', 2),
('2011-12-01 00:00:00', 184, 198, 1400000, '-', '-', '-', 2),
('2011-12-01 00:00:00', 184, 199, 400000, '-', '-', '-', 1),
('2011-12-01 00:00:00', 186, 181, 6020000, '-', '-', '-', 172),
('2011-12-01 00:00:00', 186, 183, 100000, '-', '-', '-', 1),
('2011-12-01 00:00:00', 185, 197, 80000, '-', '-', '-', 2),
('2011-12-01 00:00:00', 185, 213, 400000, '-', '-', '-', 4),
('2011-12-01 00:00:00', 185, 400, 700000, '-', '-', '-', 7),
('2011-12-01 00:00:00', 185, 183, 200000, '-', '-', '-', 2),
('2011-12-01 00:00:00', 185, 215, 65000, '-', '-', '-', 1),
('2011-12-01 00:00:00', 185, 401, 150000, '-', '-', '-', 1),
('2011-12-01 00:00:00', 185, 200, 105000, '-', '-', '-', 3),
('2011-12-01 00:00:00', 185, 214, 50000, '-', '-', '-', 1),
('2011-12-01 00:00:00', 185, 403, 100000, '-', '-', '-', 1),
('2011-12-01 00:00:00', 183, 200, 455000, '-', '-', '-', 13),
('2011-12-01 00:00:00', 183, 215, 325000, '-', '-', '-', 5),
('2011-12-01 00:00:00', 183, 183, 400000, '-', '-', '-', 4),
('2011-12-01 00:00:00', 183, 214, 50000, '-', '-', '-', 1),
('2011-12-01 00:00:00', 182, 197, 160000, '-', '-', '-', 4),
('2011-12-01 00:00:00', 182, 200, 140000, '-', '-', '-', 4),
('2011-12-01 00:00:00', 182, 214, 200000, '-', '-', '-', 4),
('2011-12-01 00:00:00', 182, 183, 400000, '-', '-', '-', 4),
('2011-12-01 00:00:00', 182, 215, 65000, '-', '-', '-', 1),
('2011-12-01 00:00:00', 219, 181, 3045000, '-', '-', '-', 87),
('2011-12-01 00:00:00', 212, 215, 65000, '-', '-', '-', 1),
('2011-12-01 00:00:00', 207, 200, 70000, '-', '-', '-', 2),
('2011-12-01 00:00:00', 181, 404, 1326000, '-', '-', '-', 26),
('2011-12-01 00:00:00', 227, 201, 100000, '-', '-', '-', 2),
('2011-12-01 00:00:00', 205, 406, 150000, '-', '-', '-', 3),
('2011-12-01 00:00:00', 214, 214, 200000, '-', '-', '-', 4),
('2011-12-01 00:00:00', 214, 183, 400000, '-', '-', '-', 4),
('2011-12-01 00:00:00', 214, 215, 65000, '-', '-', '-', 1),
('2011-12-01 00:00:00', 208, 213, 100000, '-', '-', '-', 1),
('2011-12-01 00:00:00', 221, 201, 50000, '-', '-', '-', 1),
('2011-12-01 00:00:00', 180, 407, 1700000, '-', '-', '-', 170),
('2011-12-01 00:00:00', 180, 408, 1725000, '-', '-', '-', 115),
('2011-12-01 00:00:00', 180, 409, 90000, '-', '-', '-', 18),
('2011-12-01 00:00:00', 180, 197, 120000, '-', '-', '-', 3),
('2011-12-01 00:00:00', 178, 407, 1570000, '-', '-', '-', 157),
('2011-12-01 00:00:00', 179, 407, 1470000, '-', '-', '-', 147),
('2011-12-01 00:00:00', 179, 408, 1785000, '-', '-', '-', 119),
('2011-12-01 00:00:00', 179, 409, 5000, '-', '-', '-', 1),
('2011-12-01 00:00:00', 216, 181, 3780000, '-', '-', '-', 108),
('2011-12-01 00:00:00', 216, 197, 1200000, '-', '-', '-', 30),
('2011-12-01 00:00:00', 216, 407, 260000, '-', '-', '-', 26),
('2011-12-01 00:00:00', 216, 409, 10000, '-', '-', '-', 2),
('2011-12-01 00:00:00', 206, 407, 940000, '-', '-', '-', 94),
('2011-12-01 00:00:00', 206, 409, 25000, '-', '-', '-', 5);

-- --------------------------------------------------------

--
-- Table structure for table `rekap_presensi`
--

CREATE TABLE IF NOT EXISTS `rekap_presensi` (
  `id` varchar(10) NOT NULL DEFAULT '',
  `shift` enum('Pagi','Siang','Malam','Midle Pagi1','Midle Pagi2','Midle Siang1','Midle Siang2','Midle Siang3','Midle Malam1','Midle Malam2') NOT NULL,
  `jam_datang` datetime NOT NULL DEFAULT '0000-00-00 00:00:00',
  `jam_pulang` datetime DEFAULT NULL,
  `status` enum('Tepat Waktu','Terlambat') NOT NULL,
  `keterlambatan` varchar(20) NOT NULL,
  `durasi` varchar(20) DEFAULT NULL,
  `keterangan` varchar(100) NOT NULL,
  `photo` varchar(500) NOT NULL,
  PRIMARY KEY (`id`,`jam_datang`),
  KEY `id` (`id`)
) ENGINE=MyISAM DEFAULT CHARSET=latin1;

--
-- Dumping data for table `rekap_presensi`
--

INSERT INTO `rekap_presensi` (`id`, `shift`, `jam_datang`, `jam_pulang`, `status`, `keterlambatan`, `durasi`, `keterangan`, `photo`) VALUES
('59', 'Pagi', '2012-11-02 07:54:49', '2012-11-02 07:55:01', 'Terlambat', '00:54:49', '00:00:12', '', 'http://localhost/presensi/20121102075444.jpg'),
('72', 'Pagi', '2012-11-02 08:42:29', '2012-11-02 08:42:33', 'Terlambat', '01:42:29', '00:00:04', 'w2e233434', 'http://localhost/presensi/20121102084227.jpg');

-- --------------------------------------------------------

--
-- Table structure for table `sesion`
--

CREATE TABLE IF NOT EXISTS `sesion` (
  `user` varchar(25) NOT NULL
) ENGINE=MyISAM DEFAULT CHARSET=latin1;

--
-- Dumping data for table `sesion`
--

INSERT INTO `sesion` (`user`) VALUES
('ADMIN');

-- --------------------------------------------------------

--
-- Table structure for table `set_akte`
--

CREATE TABLE IF NOT EXISTS `set_akte` (
  `tahun` year(4) NOT NULL,
  `bulan` tinyint(4) NOT NULL,
  `pendapatan_akte` double NOT NULL,
  `persen_rs` double NOT NULL,
  `bagian_rs` double NOT NULL,
  `persen_kry` double NOT NULL,
  `bagian_kry` double NOT NULL,
  PRIMARY KEY (`tahun`,`bulan`)
) ENGINE=MyISAM DEFAULT CHARSET=latin1;

--
-- Dumping data for table `set_akte`
--

INSERT INTO `set_akte` (`tahun`, `bulan`, `pendapatan_akte`, `persen_rs`, `bagian_rs`, `persen_kry`, `bagian_kry`) VALUES
(2011, 5, 2000000, 50, 1000000, 50, 1000000),
(2011, 6, 500000, 50, 250000, 50, 250000),
(2011, 8, 1510000, 50, 755000, 50, 755000),
(2011, 9, 1905000, 50, 952500, 50, 952500),
(2011, 10, 1970000, 50, 985000, 50, 985000),
(2011, 11, 1630000, 50, 815000, 50, 815000),
(2011, 12, 1960000, 50, 980000, 50, 980000),
(2012, 1, 2565000, 50, 1282500, 50, 1282500),
(2012, 2, 2215000, 50, 1107500, 50, 1107500),
(2012, 3, 2620000, 50, 1310000, 50, 1310000),
(2012, 4, 2700000, 50, 1350000, 50, 1350000),
(2012, 5, 2130000, 50, 1065000, 50, 1065000),
(2012, 6, 2185000, 50, 1092500, 50, 1092500),
(2012, 8, 1000000, 20, 200000, 80, 800000);

-- --------------------------------------------------------

--
-- Table structure for table `set_hadir`
--

CREATE TABLE IF NOT EXISTS `set_hadir` (
  `tnj` double NOT NULL,
  PRIMARY KEY (`tnj`)
) ENGINE=MyISAM DEFAULT CHARSET=latin1;

--
-- Dumping data for table `set_hadir`
--

INSERT INTO `set_hadir` (`tnj`) VALUES
(20000);

-- --------------------------------------------------------

--
-- Table structure for table `set_hari_libur`
--

CREATE TABLE IF NOT EXISTS `set_hari_libur` (
  `tanggal` date NOT NULL,
  `ktg` varchar(40) NOT NULL,
  PRIMARY KEY (`tanggal`)
) ENGINE=MyISAM DEFAULT CHARSET=latin1;

--
-- Dumping data for table `set_hari_libur`
--

INSERT INTO `set_hari_libur` (`tanggal`, `ktg`) VALUES
('2011-06-01', '-'),
('2011-06-05', '2'),
('2011-08-17', 'Hari Kemerdekaan'),
('2011-08-30', 'Lebaran'),
('2011-08-31', 'Lebaran'),
('0000-00-00', '-'),
('2012-01-23', 'Tahun baru imlak'),
('2011-03-23', 'hari raya nyepi'),
('2012-03-23', 'hari raya nyepi'),
('2013-04-06', 'paskah'),
('2012-04-06', 'paskah'),
('2012-05-17', 'kenaikan Isa');

-- --------------------------------------------------------

--
-- Table structure for table `set_insentif`
--

CREATE TABLE IF NOT EXISTS `set_insentif` (
  `tahun` year(4) NOT NULL,
  `bulan` tinyint(4) NOT NULL,
  `pendapatan` double NOT NULL,
  `persen` double NOT NULL,
  `total_insentif` double NOT NULL,
  PRIMARY KEY (`tahun`,`bulan`)
) ENGINE=MyISAM DEFAULT CHARSET=latin1;

--
-- Dumping data for table `set_insentif`
--

INSERT INTO `set_insentif` (`tahun`, `bulan`, `pendapatan`, `persen`, `total_insentif`) VALUES
(2011, 5, 1307028525, 2.75, 35943284.4375),
(2011, 6, 1200000000, 2.75, 33000000),
(2011, 7, 1530341587, 2.75, 42084393.6425),
(2011, 8, 1468170825, 2.75, 40374697.6875),
(2011, 9, 1581934261, 2.75, 43503192.1775),
(2011, 10, 1564790310, 2.75, 43031733.525),
(2011, 11, 1576415349, 2.75, 43351422.0975),
(2011, 12, 1727486022, 2.75, 47505865.605),
(2012, 1, 1851677859, 2.75, 50921141.1225),
(2012, 2, 1732380605, 2.75, 47640466.6375),
(2012, 3, 1823431385, 2.75, 50144363.0875),
(2012, 4, 1756922541, 2.75, 48315369.8775),
(2012, 5, 1773716140, 2.75, 48777193.85),
(2012, 6, 1688674846, 2.75, 46438558.265);

-- --------------------------------------------------------

--
-- Table structure for table `set_jgmlm`
--

CREATE TABLE IF NOT EXISTS `set_jgmlm` (
  `tnj` double NOT NULL,
  PRIMARY KEY (`tnj`)
) ENGINE=MyISAM DEFAULT CHARSET=latin1;

--
-- Dumping data for table `set_jgmlm`
--

INSERT INTO `set_jgmlm` (`tnj`) VALUES
(8500);

-- --------------------------------------------------------

--
-- Table structure for table `set_jgtambah`
--

CREATE TABLE IF NOT EXISTS `set_jgtambah` (
  `tnj` double NOT NULL,
  `pendidikan` varchar(80) NOT NULL,
  PRIMARY KEY (`pendidikan`)
) ENGINE=MyISAM DEFAULT CHARSET=latin1;

--
-- Dumping data for table `set_jgtambah`
--

INSERT INTO `set_jgtambah` (`tnj`, `pendidikan`) VALUES
(20000, 'D1 (Rekam Medis)'),
(20000, 'S1 Non Medis (administrativ/skretariatan)'),
(25000, 'D3 Medis (bidan, perawat, laboran)'),
(20000, 'D3 Non Medis (accounting, keuangan)'),
(20000, 'D3 Non Medis (administrativ/RM/skretariatan)'),
(20000, 'D3 Non Medis Fungsi Pelayanan'),
(20000, 'Eyang Ninuk'),
(20000, 'S1 Non Medis (accounting, keuangan)'),
(20000, 'S1 Non Medis Part Time'),
(20000, 'S1 Non Medis (fungsi koordinator)'),
(20000, 'S1 Non Medis Pocokan'),
(20000, 'SLTP (Agus)'),
(20000, 'SLTP Non Medis Part Time'),
(20000, 'SMA'),
(20000, 'SMA Non Medis Part Time'),
(20000, 'SMA Pocokan'),
(20000, 'SMP'),
(20000, 'SMU (Pipit)'),
(25000, 'D1 Paramedis'),
(25000, 'D3 Medis Part Time'),
(25000, 'S1 Direktur'),
(25000, 'S1 Medis Profesi(bidan, perawat, laboran)'),
(25000, 'S1 Profesi Apt (pendamping)'),
(25000, 'S1 Profesi Apt (pengelola)'),
(25000, 'Tenaga Non Pendidikan Farmasi (S1)'),
(25000, 'S1 Medis Profesi (bidan, perawat, laboran)'),
(20000, 'pardiyono'),
(20000, 'nanang budi'),
(15000, 'ribut'),
(20000, 'pak Giman'),
(20000, 'SMP Part Time'),
(22500, 'D1 Medis Pocokan'),
(25000, 'D3 Medis Orientasi'),
(25000, 'D3 Medis Pocokan'),
(25000, 'SMA Medis'),
(20000, 'bu Ety'),
(22500, 'D1 Medis Orientasi'),
(25000, 'D3 Farmasi'),
(20000, 'primanto'),
(20000, 'Sarjana S2 / SP'),
(20000, 'SMA Non Medis Orientasi'),
(25000, 'SMF'),
(20000, 'SMA Medis Part Time'),
(25000, 'SMA Medis Pocokan'),
(22500, 'D1 Paramedis Part Time'),
(25000, 'SMF Orientasi'),
(20000, 'D3 Non Medis Fungsi Pelayanan Pocokan'),
(25000, 'SMF Partime'),
(20000, 'SMP Pocokan');

-- --------------------------------------------------------

--
-- Table structure for table `set_lemburhb`
--

CREATE TABLE IF NOT EXISTS `set_lemburhb` (
  `tnj` double NOT NULL,
  PRIMARY KEY (`tnj`)
) ENGINE=MyISAM DEFAULT CHARSET=latin1;

--
-- Dumping data for table `set_lemburhb`
--

INSERT INTO `set_lemburhb` (`tnj`) VALUES
(5000);

-- --------------------------------------------------------

--
-- Table structure for table `set_lemburhr`
--

CREATE TABLE IF NOT EXISTS `set_lemburhr` (
  `tnj` double NOT NULL,
  PRIMARY KEY (`tnj`)
) ENGINE=MyISAM DEFAULT CHARSET=latin1;

--
-- Dumping data for table `set_lemburhr`
--

INSERT INTO `set_lemburhr` (`tnj`) VALUES
(50000);

-- --------------------------------------------------------

--
-- Table structure for table `set_resume`
--

CREATE TABLE IF NOT EXISTS `set_resume` (
  `tahun` year(4) NOT NULL,
  `bulan` tinyint(4) NOT NULL,
  `pendapatan_resume` double NOT NULL,
  `persen_rs` double NOT NULL,
  `bagian_rs` double NOT NULL,
  `persen_kry` double NOT NULL,
  `bagian_kry` double NOT NULL,
  PRIMARY KEY (`tahun`,`bulan`)
) ENGINE=MyISAM DEFAULT CHARSET=latin1;

--
-- Dumping data for table `set_resume`
--

INSERT INTO `set_resume` (`tahun`, `bulan`, `pendapatan_resume`, `persen_rs`, `bagian_rs`, `persen_kry`, `bagian_kry`) VALUES
(2011, 5, 580000, 25, 145000, 75, 435000),
(2011, 6, 500000, 25, 125000, 75, 375000),
(2011, 7, 500000, 20, 100000, 80, 400000),
(2011, 8, 545000, 20, 109000, 80, 436000),
(2011, 9, 550000, 20, 110000, 80, 440000),
(2011, 10, 365000, 20, 73000, 80, 292000),
(2011, 11, 370000, 20, 74000, 80, 296000),
(2011, 12, 625000, 20, 125000, 80, 500000),
(2012, 1, 405000, 20, 81000, 80, 324000),
(2012, 2, 465000, 20, 93000, 80, 372000),
(2012, 3, 360000, 20, 72000, 80, 288000),
(2012, 4, 400000, 20, 80000, 80, 320000),
(2012, 5, 490000, 20, 98000, 80, 392000),
(2012, 6, 500000, 20, 100000, 80, 400000),
(2012, 8, 1000000, 20, 200000, 80, 800000);

-- --------------------------------------------------------

--
-- Table structure for table `set_tahun`
--

CREATE TABLE IF NOT EXISTS `set_tahun` (
  `tahun` year(4) NOT NULL,
  `bulan` tinyint(2) NOT NULL,
  `jmlhr` int(11) NOT NULL,
  `jmllbr` int(11) NOT NULL,
  `normal` int(11) NOT NULL,
  PRIMARY KEY (`tahun`,`bulan`)
) ENGINE=MyISAM DEFAULT CHARSET=latin1;

--
-- Dumping data for table `set_tahun`
--

INSERT INTO `set_tahun` (`tahun`, `bulan`, `jmlhr`, `jmllbr`, `normal`) VALUES
(2012, 8, 31, 4, 27);

-- --------------------------------------------------------

--
-- Table structure for table `set_tuslah`
--

CREATE TABLE IF NOT EXISTS `set_tuslah` (
  `tahun` year(4) NOT NULL,
  `bulan` tinyint(4) NOT NULL,
  `pendapatan_tuslah` double NOT NULL,
  `persen_rs` double NOT NULL,
  `bagian_rs` double NOT NULL,
  `persen_kry` double NOT NULL,
  `bagian_kry` double NOT NULL,
  PRIMARY KEY (`tahun`,`bulan`)
) ENGINE=MyISAM DEFAULT CHARSET=latin1;

--
-- Dumping data for table `set_tuslah`
--

INSERT INTO `set_tuslah` (`tahun`, `bulan`, `pendapatan_tuslah`, `persen_rs`, `bagian_rs`, `persen_kry`, `bagian_kry`) VALUES
(2011, 5, 555000, 0, 0, 0, 0),
(2011, 8, 2642500, 0, 0, 0, 0),
(2011, 9, 2889000, 0, 0, 0, 0),
(2011, 10, 3043800, 0, 0, 0, 0),
(2011, 11, 3073500, 0, 0, 0, 0),
(2011, 12, 3318000, 0, 0, 0, 0),
(2012, 1, 3470600, 0, 0, 0, 0),
(2012, 2, 3337500, 0, 0, 0, 0),
(2012, 3, 3888500, 0, 0, 0, 0),
(2012, 4, 3407500, 0, 0, 0, 0),
(2012, 5, 3519000, 0, 0, 0, 0),
(2012, 6, 3294000, 0, 0, 100, 3294000),
(2012, 8, 1000000, 30, 300000, 70, 700000);

-- --------------------------------------------------------

--
-- Table structure for table `set_warung`
--

CREATE TABLE IF NOT EXISTS `set_warung` (
  `tahun` year(4) NOT NULL,
  `bulan` tinyint(4) NOT NULL,
  `pendapatan_warung` double NOT NULL,
  `persen_rs` double NOT NULL,
  `bagian_rs` double NOT NULL,
  `persen_kry` double NOT NULL,
  `bagian_kry` double NOT NULL,
  PRIMARY KEY (`tahun`,`bulan`)
) ENGINE=MyISAM DEFAULT CHARSET=latin1;

--
-- Dumping data for table `set_warung`
--

INSERT INTO `set_warung` (`tahun`, `bulan`, `pendapatan_warung`, `persen_rs`, `bagian_rs`, `persen_kry`, `bagian_kry`) VALUES
(2011, 7, 2000000, 50, 1000000, 50, 1000000),
(2011, 8, 897794, 50, 448897, 50, 448897),
(2011, 9, 615088, 50, 307544, 50, 307544),
(2011, 10, 1267141, 50, 633570.5, 50, 633570.5),
(2011, 11, 1846960, 60, 1108176, 40, 738784),
(2011, 12, 1923552, 60, 1154131.2, 40, 769420.8),
(2012, 2, 4252348, 60, 2551408.8, 40, 1700939.2),
(2012, 3, 1982161, 60, 1189296.6, 40, 792864.4),
(2012, 4, 2130900, 60, 1278540, 40, 852360),
(2012, 5, 2856629, 60, 1713977.4, 40, 1142651.6),
(2012, 6, 2984314, 77, 2297921.78, 23, 686392.22);

-- --------------------------------------------------------

--
-- Table structure for table `stts_kerja`
--

CREATE TABLE IF NOT EXISTS `stts_kerja` (
  `stts` char(3) NOT NULL,
  `ktg` varchar(20) NOT NULL,
  `indek` tinyint(4) NOT NULL,
  PRIMARY KEY (`stts`)
) ENGINE=MyISAM DEFAULT CHARSET=latin1;

--
-- Dumping data for table `stts_kerja`
--

INSERT INTO `stts_kerja` (`stts`, `ktg`, `indek`) VALUES
('-', '-', 0),
('FT', 'Kontrak, Full Time', 3),
('Poc', 'Pocokan', 0),
('PT', 'Part Time', 1),
('T', 'Tetap', 5),
('Or', 'Orientasi', 0),
('KV', 'Kontrak Evaluasi', 3),
('CK', 'Calon Kontrak', 2),
('CT', 'Calon Pegawai Tetap', 4);

-- --------------------------------------------------------

--
-- Table structure for table `stts_wp`
--

CREATE TABLE IF NOT EXISTS `stts_wp` (
  `stts` char(5) NOT NULL,
  `ktg` varchar(50) NOT NULL,
  PRIMARY KEY (`stts`)
) ENGINE=MyISAM DEFAULT CHARSET=latin1;

--
-- Dumping data for table `stts_wp`
--

INSERT INTO `stts_wp` (`stts`, `ktg`) VALUES
('-', '-'),
('K/0', 'WP Kawin'),
('K/1', 'Tambahan WP Kawin dg. 1 anak'),
('K/2', 'Tambahan WP Kawin dg. 2 anak'),
('K/3', 'Tambahan WP Kawin dg. 3 anak'),
('TK/0', 'WP Tidak Kawin'),
('TK/1', 'WP Tidak  Kawin dg. 1 Tanggungan'),
('TK/2', 'WP Tidak  Kawin dg. 2 Tanggungan'),
('TK/3', 'WP Tidak  Kawin dg. 3 Tanggungan');

-- --------------------------------------------------------

--
-- Table structure for table `tambahjaga`
--

CREATE TABLE IF NOT EXISTS `tambahjaga` (
  `tgl` date NOT NULL,
  `id` int(11) NOT NULL,
  `jml` int(11) NOT NULL,
  PRIMARY KEY (`tgl`,`id`),
  KEY `id` (`id`)
) ENGINE=MyISAM DEFAULT CHARSET=latin1;

--
-- Dumping data for table `tambahjaga`
--

INSERT INTO `tambahjaga` (`tgl`, `id`, `jml`) VALUES
('2011-07-01', 19, 0),
('2011-07-01', 4, 2),
('2011-08-01', 92, 2),
('2011-08-01', 100, 1),
('2011-08-01', 109, 1),
('2011-08-01', 108, 2),
('2011-08-01', 107, 1),
('2011-08-01', 116, 2),
('2011-08-01', 132, 21),
('2011-08-01', 139, 25),
('2011-08-01', 66, 23),
('2011-08-01', 80, 1),
('2011-08-01', 129, 1),
('2011-08-01', 125, 18),
('2011-08-01', 65, 1),
('2011-08-01', 5, 1),
('2011-08-01', 6, 1),
('2011-08-01', 7, 2),
('2011-08-01', 11, 3),
('2011-08-01', 12, 2),
('2011-08-01', 15, 3),
('2011-08-01', 16, 1),
('2011-08-01', 19, 10),
('2011-08-01', 21, 12),
('2011-08-01', 22, 1),
('2011-08-01', 23, 6),
('2011-08-01', 32, 27),
('2011-09-01', 58, 1),
('2011-09-01', 21, 11),
('2011-09-01', 4, 1),
('2011-09-01', 23, 9),
('2011-09-01', 1, 1),
('2011-09-01', 110, 2),
('2011-09-01', 131, 1),
('2011-09-01', 133, 15),
('2011-09-01', 70, 2),
('2011-09-01', 16, 1),
('2011-09-01', 38, 1),
('2011-09-01', 6, 1),
('2011-09-01', 78, 1),
('2011-09-01', 138, 15),
('2011-09-01', 71, 2),
('2011-09-01', 80, 1),
('2011-09-01', 42, 4),
('2011-09-01', 47, 2),
('2011-09-01', 125, 20),
('2011-09-01', 126, 4),
('2011-09-01', 129, 2),
('2011-09-01', 65, 2),
('2011-09-01', 132, 24),
('2011-09-01', 139, 24),
('2011-09-01', 190, 1),
('2011-09-01', 191, 1),
('2011-09-01', 192, 15),
('2011-09-01', 19, 9),
('2011-09-01', 34, 5),
('2011-09-01', 62, 9),
('2011-09-01', 124, 1),
('2011-09-01', 76, 2),
('2011-09-01', 77, 2),
('2011-09-01', 30, 2),
('2011-09-01', 85, 2),
('2011-09-01', 83, 3),
('2011-09-01', 8, 16),
('2011-09-01', 189, 25),
('2011-09-01', 74, 27),
('2011-09-01', 15, 3),
('2011-09-01', 32, 27),
('2011-09-01', 73, 27),
('2011-09-01', 120, 27),
('2011-09-01', 14, 1),
('2011-09-01', 25, 1),
('2011-09-01', 57, 1),
('2011-09-01', 188, 19),
('2011-09-01', 45, 1),
('2011-09-01', 22, 1),
('2011-09-01', 109, 1),
('2011-09-01', 107, 1),
('2011-09-01', 11, 2),
('2011-09-01', 48, 2),
('2011-09-01', 35, 20),
('2011-09-01', 98, 6),
('2011-09-01', 66, 22),
('2011-09-01', 119, 26),
('2012-05-01', 58, 2),
('2011-10-01', 2, 1),
('2011-11-01', 8, 1),
('2011-10-01', 188, 18),
('2011-11-01', 48, 1),
('2011-10-01', 15, 3),
('2011-10-01', 32, 27),
('2011-10-01', 73, 27),
('2011-10-01', 74, 27),
('2011-10-01', 120, 27),
('2011-10-01', 1, 1),
('2011-10-01', 22, 1),
('2011-10-01', 36, 1),
('2011-10-01', 4, 2),
('2011-10-01', 45, 1),
('2011-10-01', 107, 1),
('2011-10-01', 109, 1),
('2011-10-01', 116, 1),
('2011-10-01', 11, 1),
('2011-10-01', 6, 1),
('2011-10-01', 48, 3),
('2011-10-01', 7, 1),
('2011-10-01', 35, 20),
('2011-10-01', 193, 12),
('2011-10-01', 194, 11),
('2011-10-01', 49, 1),
('2011-10-01', 46, 1),
('2011-10-01', 67, 2),
('2011-10-01', 69, 1),
('2011-10-01', 21, 14),
('2011-10-01', 50, 1),
('2011-10-01', 33, 1),
('2011-10-01', 63, 1),
('2011-10-01', 29, 1),
('2011-10-01', 23, 11),
('2011-10-01', 110, 1),
('2011-10-01', 118, 2),
('2011-10-01', 127, 2),
('2011-10-01', 131, 1),
('2011-10-01', 130, 2),
('2011-10-01', 135, 1),
('2011-10-01', 14, 2),
('2011-10-01', 51, 1),
('2011-10-01', 25, 2),
('2011-10-01', 57, 2),
('2011-10-01', 60, 1),
('2011-10-01', 70, 1),
('2011-10-01', 38, 1),
('2011-10-01', 138, 1),
('2011-10-01', 71, 4),
('2011-10-01', 80, 2),
('2011-10-01', 42, 4),
('2011-10-01', 47, 5),
('2011-10-01', 66, 24),
('2011-10-01', 125, 21),
('2011-10-01', 126, 1),
('2011-10-01', 129, 3),
('2011-10-01', 65, 2),
('2011-10-01', 132, 23),
('2011-10-01', 139, 26),
('2011-10-01', 190, 1),
('2011-10-01', 191, 1),
('2011-10-01', 76, 2),
('2011-10-01', 77, 2),
('2011-10-01', 30, 2),
('2011-10-01', 85, 4),
('2011-10-01', 83, 4),
('2011-10-01', 198, 27),
('2011-10-01', 192, 23),
('2011-10-01', 19, 9),
('2011-10-01', 34, 6),
('2011-10-01', 62, 12),
('2011-10-01', 196, 22),
('2011-10-01', 119, 27),
('2011-10-01', 8, 7),
('2011-11-01', 14, 1),
('2011-11-01', 79, 3),
('2011-11-01', 81, 2),
('2011-11-01', 15, 3),
('2011-11-01', 32, 27),
('2011-11-01', 73, 24),
('2011-11-01', 74, 27),
('2011-11-01', 120, 27),
('2011-11-01', 45, 2),
('2011-11-01', 22, 2),
('2011-11-01', 36, 1),
('2011-11-01', 92, 2),
('2011-11-01', 107, 1),
('2011-11-01', 108, 1),
('2011-11-01', 116, 1),
('2011-11-01', 11, 2),
('2011-11-01', 35, 20),
('2011-11-01', 119, 26),
('2011-11-01', 49, 1),
('2011-11-01', 58, 1),
('2011-11-01', 67, 1),
('2011-11-01', 69, 1),
('2011-11-01', 59, 1),
('2011-11-01', 21, 12),
('2011-11-01', 68, 2),
('2011-11-01', 50, 1),
('2011-11-01', 23, 11),
('2011-11-01', 60, 2),
('2011-11-01', 1, 1),
('2011-11-01', 110, 1),
('2011-11-01', 130, 1),
('2011-11-01', 135, 1),
('2011-11-01', 70, 1),
('2011-11-01', 16, 1),
('2011-11-01', 38, 1),
('2011-11-01', 6, 1),
('2011-11-01', 138, 23),
('2011-11-01', 71, 5),
('2011-11-01', 80, 3),
('2011-11-01', 42, 4),
('2011-11-01', 47, 4),
('2011-11-01', 66, 23),
('2011-11-01', 125, 23),
('2011-11-01', 129, 3),
('2011-11-01', 65, 2),
('2011-11-01', 139, 25),
('2011-11-01', 198, 5),
('2011-11-01', 202, 26),
('2011-11-01', 76, 3),
('2011-11-01', 77, 3),
('2011-11-01', 30, 2),
('2011-11-01', 85, 3),
('2011-11-01', 83, 3),
('2011-11-01', 192, 12),
('2011-11-01', 19, 9),
('2011-11-01', 34, 5),
('2011-11-01', 62, 10),
('2011-11-01', 194, 16),
('2011-11-01', 193, 14),
('2011-11-01', 196, 22),
('2011-12-01', 139, 17),
('2011-12-01', 193, 17),
('2011-12-01', 14, 1),
('2011-12-01', 25, 1),
('2011-12-01', 57, 1),
('2011-12-01', 136, 1),
('2011-12-01', 86, 1),
('2011-12-01', 15, 3),
('2011-12-01', 32, 27),
('2011-12-01', 73, 27),
('2011-12-01', 74, 27),
('2011-12-01', 120, 26),
('2011-12-01', 45, 1),
('2011-12-01', 36, 1),
('2011-12-01', 22, 1),
('2011-12-01', 100, 1),
('2011-12-01', 109, 1),
('2011-12-01', 11, 2),
('2011-12-01', 48, 1),
('2011-12-01', 35, 21),
('2011-12-01', 31, 1),
('2011-12-01', 63, 1),
('2011-12-01', 52, 1),
('2011-12-01', 18, 2),
('2011-12-01', 58, 2),
('2011-12-01', 72, 2),
('2011-12-01', 21, 16),
('2011-12-01', 68, 2),
('2011-12-01', 4, 2),
('2011-12-01', 23, 14),
('2011-12-01', 60, 4),
('2011-12-01', 1, 1),
('2011-12-01', 110, 4),
('2011-12-01', 118, 2),
('2011-12-01', 131, 1),
('2011-12-01', 130, 2),
('2011-12-01', 135, 3),
('2011-12-01', 137, 1),
('2011-12-01', 70, 1),
('2011-12-01', 16, 1),
('2011-12-01', 38, 1),
('2011-12-01', 6, 1),
('2011-12-01', 138, 1),
('2011-12-01', 114, 2),
('2011-12-01', 71, 5),
('2011-12-01', 80, 4),
('2011-12-01', 42, 5),
('2011-12-01', 47, 6),
('2011-12-01', 66, 23),
('2011-12-01', 125, 22),
('2011-12-01', 129, 4),
('2011-12-01', 65, 4),
('2011-12-01', 190, 2),
('2011-12-01', 198, 7),
('2011-12-01', 204, 1),
('2011-12-01', 202, 3),
('2011-12-01', 192, 22),
('2011-12-01', 223, 9),
('2011-12-01', 19, 10),
('2011-12-01', 34, 4),
('2011-12-01', 62, 12),
('2011-12-01', 77, 4),
('2011-12-01', 30, 2),
('2011-12-01', 83, 4),
('2011-12-01', 85, 5),
('2011-12-01', 54, 1),
('2011-12-01', 76, 3),
('2011-12-01', 196, 22),
('2011-12-01', 194, 15),
('2011-12-01', 119, 27),
('2012-01-01', 228, 13),
('2012-01-01', 14, 1),
('2012-01-01', 25, 1),
('2012-01-01', 57, 1),
('2012-01-01', 136, 1),
('2012-01-01', 20, 1),
('2012-01-01', 52, 2),
('2012-01-01', 18, 2),
('2012-01-01', 49, 2),
('2012-01-01', 61, 1),
('2012-01-01', 58, 1),
('2012-01-01', 27, 1),
('2012-01-01', 67, 1),
('2012-01-01', 72, 1),
('2012-01-01', 69, 1),
('2012-01-01', 21, 13),
('2012-01-01', 68, 2),
('2012-01-01', 50, 1),
('2012-01-01', 76, 2),
('2012-01-01', 77, 1),
('2012-01-01', 15, 4),
('2012-01-01', 4, 1),
('2012-01-01', 32, 24),
('2012-01-01', 23, 14),
('2012-01-01', 73, 28),
('2012-01-01', 74, 28),
('2012-01-01', 120, 28),
('2012-01-01', 60, 2),
('2012-01-01', 45, 2),
('2012-01-01', 22, 2),
('2012-01-01', 1, 1),
('2012-01-01', 36, 1),
('2012-01-01', 92, 2),
('2012-01-01', 83, 2),
('2012-01-01', 100, 2),
('2012-01-01', 118, 1),
('2012-01-01', 130, 2),
('2012-01-01', 135, 1),
('2012-01-01', 137, 2),
('2012-01-01', 70, 1),
('2012-01-01', 16, 1),
('2012-01-01', 38, 1),
('2012-01-01', 6, 1),
('2012-01-01', 109, 1),
('2012-01-01', 138, 1),
('2012-01-01', 107, 1),
('2012-01-01', 114, 2),
('2012-01-01', 108, 2),
('2012-01-01', 71, 2),
('2012-01-01', 80, 3),
('2012-01-01', 42, 3),
('2012-01-01', 116, 1),
('2012-01-01', 11, 2),
('2012-01-01', 48, 3),
('2012-01-01', 35, 19),
('2012-01-01', 129, 5),
('2012-01-01', 65, 3),
('2012-01-01', 190, 1),
('2012-01-01', 191, 3),
('2012-01-01', 198, 3),
('2012-01-01', 229, 7),
('2012-01-01', 204, 2),
('2012-01-01', 202, 4),
('2012-01-01', 223, 25),
('2012-01-01', 192, 22),
('2012-01-01', 224, 15),
('2012-01-01', 29, 2),
('2012-01-01', 13, 1),
('2012-01-01', 19, 9),
('2012-01-01', 34, 5),
('2012-01-01', 54, 1),
('2012-01-01', 62, 11),
('2012-01-01', 125, 22),
('2012-01-01', 193, 10),
('2012-01-01', 194, 17),
('2012-01-01', 196, 1),
('2012-01-01', 119, 27),
('2012-02-01', 234, 10),
('2012-02-01', 235, 10),
('2012-02-01', 236, 10),
('2012-02-01', 237, 11),
('2012-02-01', 119, 25),
('2012-02-01', 228, 1),
('2012-02-01', 223, 2),
('2012-02-01', 21, 14),
('2012-02-01', 23, 7),
('2012-02-01', 113, 1),
('2012-02-01', 70, 1),
('2012-02-01', 6, 1),
('2012-02-01', 71, 3),
('2012-02-01', 80, 3),
('2012-02-01', 42, 3),
('2012-02-01', 125, 21),
('2012-02-01', 129, 3),
('2012-02-01', 65, 2),
('2012-02-01', 198, 3),
('2012-02-01', 202, 3),
('2012-02-01', 193, 25),
('2012-02-01', 132, 23),
('2012-02-01', 19, 7),
('2012-02-01', 34, 5),
('2012-02-01', 62, 9),
('2012-01-01', 9, 23),
('2012-02-01', 15, 2),
('2012-02-01', 32, 26),
('2012-02-01', 73, 26),
('2012-02-01', 74, 26),
('2012-02-01', 120, 26),
('2012-02-01', 45, 1),
('2012-02-01', 36, 1),
('2012-02-01', 92, 1),
('2012-02-01', 107, 1),
('2012-02-01', 48, 1),
('2012-02-01', 35, 20),
('2012-02-01', 85, 2),
('2012-02-01', 83, 1),
('2012-02-01', 194, 25),
('2012-02-01', 2, 1),
('2012-02-01', 192, 22),
('2012-02-01', 245, 25),
('2011-03-01', 239, 13),
('2012-02-01', 224, 3),
('2012-03-01', 239, 1),
('2012-03-01', 14, 1),
('2012-03-01', 25, 1),
('2012-03-01', 57, 1),
('2012-03-01', 136, 1),
('2012-03-01', 15, 4),
('2012-03-01', 32, 28),
('2012-03-01', 73, 28),
('2012-03-01', 74, 28),
('2012-03-01', 120, 28),
('2012-03-01', 45, 2),
('2012-03-01', 22, 2),
('2012-03-01', 36, 1),
('2012-03-01', 100, 1),
('2012-03-01', 109, 1),
('2012-03-01', 107, 1),
('2012-03-01', 81, 1),
('2012-03-01', 11, 2),
('2012-03-01', 48, 1),
('2012-03-01', 35, 20),
('2012-03-01', 63, 1),
('2012-03-01', 33, 1),
('2012-03-01', 18, 1),
('2012-03-01', 61, 2),
('2012-03-01', 58, 1),
('2012-03-01', 46, 12),
('2012-03-01', 67, 1),
('2012-03-01', 69, 1),
('2012-03-01', 21, 14),
('2012-03-01', 68, 1),
('2012-03-01', 50, 2),
('2012-03-01', 4, 1),
('2012-03-01', 23, 11),
('2012-03-01', 113, 2),
('2012-03-01', 118, 2),
('2012-03-01', 131, 1),
('2012-03-01', 135, 1),
('2012-03-01', 137, 1),
('2012-03-01', 70, 1),
('2012-03-01', 16, 1),
('2012-03-01', 38, 1),
('2012-03-01', 6, 1),
('2012-03-01', 7, 1),
('2012-03-01', 138, 1),
('2012-03-01', 71, 2),
('2012-03-01', 80, 2),
('2012-03-01', 42, 2),
('2012-03-01', 126, 2),
('2012-03-01', 129, 2),
('2012-03-01', 132, 23),
('2012-03-01', 190, 1),
('2012-03-01', 191, 1),
('2012-03-01', 198, 2),
('2012-03-01', 204, 3),
('2012-03-01', 202, 3),
('2012-03-01', 224, 1),
('2012-03-01', 234, 2),
('2012-03-01', 192, 22),
('2012-03-01', 72, 1),
('2012-03-01', 59, 1),
('2012-03-01', 51, 1),
('2012-03-01', 29, 1),
('2012-03-01', 65, 2),
('2012-03-01', 77, 3),
('2012-03-01', 30, 1),
('2012-03-01', 85, 3),
('2012-03-01', 83, 1),
('2012-03-01', 19, 10),
('2012-03-01', 34, 5),
('2012-03-01', 62, 12),
('2012-03-01', 119, 27),
('2012-03-01', 193, 26),
('2012-03-01', 196, 2),
('2012-03-01', 194, 26),
('2012-03-01', 245, 25),
('2012-03-01', 246, 17),
('2012-03-01', 236, 1),
('2012-03-01', 238, 2),
('2012-03-01', 235, 1),
('2012-04-01', 224, 14),
('2012-04-01', 235, 1),
('2012-04-01', 72, 1),
('2012-04-01', 21, 13),
('2012-04-01', 4, 2),
('2012-04-01', 23, 10),
('2012-04-01', 60, 1),
('2012-04-01', 1, 1),
('2012-04-01', 118, 1),
('2012-04-01', 70, 1),
('2012-04-01', 16, 1),
('2012-04-01', 6, 1),
('2012-04-01', 138, 1),
('2012-04-01', 132, 22),
('2012-04-01', 190, 1),
('2012-04-01', 204, 1),
('2012-04-01', 202, 2),
('2012-04-01', 192, 22),
('2012-04-01', 193, 24),
('2012-04-01', 19, 9),
('2012-04-01', 34, 5),
('2012-04-01', 62, 10),
('2012-04-01', 65, 1),
('2012-04-01', 48, 3),
('2012-04-01', 14, 1),
('2012-04-01', 15, 3),
('2012-04-01', 32, 27),
('2012-04-01', 73, 27),
('2012-04-01', 74, 27),
('2012-04-01', 120, 27),
('2012-04-01', 92, 2),
('2012-04-01', 100, 1),
('2012-04-01', 109, 1),
('2012-04-01', 107, 2),
('2012-04-01', 108, 1),
('2012-04-01', 81, 1),
('2012-04-01', 11, 1),
('2012-04-01', 35, 19),
('2012-04-01', 76, 4),
('2012-04-01', 83, 1),
('2012-04-01', 85, 2),
('2012-04-01', 245, 23),
('2012-04-01', 22, 3),
('2012-04-01', 45, 2),
('2012-04-01', 228, 5),
('2012-04-01', 119, 25),
('2012-04-01', 98, 14),
('2012-04-01', 251, 9),
('2012-04-01', 194, 24),
('2012-04-01', 253, 12),
('2012-05-01', 236, 9),
('2012-05-01', 234, 9),
('2012-05-01', 14, 1),
('2012-05-01', 25, 1),
('2012-05-01', 57, 1),
('2012-05-01', 136, 1),
('2012-05-01', 76, 2),
('2012-05-01', 77, 2),
('2012-05-01', 85, 3),
('2012-05-01', 83, 2),
('2012-05-01', 228, 2),
('2012-05-01', 15, 2),
('2012-05-01', 32, 24),
('2012-05-01', 73, 24),
('2012-05-01', 74, 21),
('2012-05-01', 120, 24),
('2012-05-01', 119, 28),
('2012-05-01', 45, 2),
('2012-05-01', 22, 1),
('2012-05-01', 109, 2),
('2012-05-01', 107, 1),
('2012-05-01', 108, 1),
('2012-05-01', 81, 2),
('2012-05-01', 11, 1),
('2012-05-01', 48, 2),
('2012-05-01', 35, 21),
('2012-05-01', 52, 1),
('2012-05-01', 49, 2),
('2012-05-01', 251, 25),
('2012-05-01', 61, 1),
('2012-05-01', 63, 1),
('2012-05-01', 46, 2),
('2012-05-01', 72, 1),
('2012-05-01', 69, 1),
('2012-05-01', 21, 13),
('2012-05-01', 68, 2),
('2012-05-01', 50, 1),
('2012-05-01', 51, 1),
('2012-05-01', 29, 1),
('2012-05-01', 4, 1),
('2012-05-01', 23, 15),
('2012-05-01', 1, 2),
('2012-05-01', 113, 2),
('2012-05-01', 110, 2),
('2012-05-01', 131, 1),
('2012-05-01', 130, 2),
('2012-05-01', 137, 1),
('2012-05-01', 70, 1),
('2012-05-01', 16, 1),
('2012-05-01', 6, 1),
('2012-05-01', 7, 1),
('2012-05-01', 138, 1),
('2012-05-01', 71, 2),
('2012-05-01', 80, 2),
('2012-05-01', 42, 2),
('2012-05-01', 47, 2),
('2012-05-01', 126, 1),
('2012-05-01', 129, 2),
('2012-05-01', 132, 25),
('2012-05-01', 190, 1),
('2012-05-01', 191, 2),
('2012-05-01', 198, 2),
('2012-05-01', 204, 3),
('2012-05-01', 202, 2),
('2012-05-01', 224, 1),
('2012-05-01', 192, 23),
('2012-05-01', 19, 10),
('2012-05-01', 34, 6),
('2012-05-01', 62, 11),
('2012-05-01', 255, 12),
('2012-05-01', 254, 11),
('2012-05-01', 235, 10),
('2012-05-01', 256, 18),
('2012-05-01', 193, 12),
('2012-05-01', 194, 14),
('2012-05-01', 249, 1),
('2012-05-01', 141, 1),
('2012-05-01', 253, 1),
('2012-06-01', 257, 1),
('2012-06-01', 239, 1),
('2012-06-01', 58, 1),
('2012-06-01', 46, 1),
('2012-06-01', 21, 14),
('2012-06-01', 68, 1),
('2012-06-01', 51, 1),
('2012-06-01', 23, 10),
('2012-06-01', 60, 2),
('2012-06-01', 191, 2),
('2012-06-01', 204, 1),
('2012-06-01', 113, 1),
('2012-06-01', 224, 1),
('2012-06-01', 118, 1),
('2012-06-01', 138, 1),
('2012-06-01', 130, 2),
('2012-06-01', 235, 3),
('2012-06-01', 236, 2),
('2012-06-01', 234, 1),
('2012-06-01', 80, 2),
('2012-06-01', 129, 2),
('2012-06-01', 132, 25),
('2012-06-01', 202, 1),
('2012-06-01', 192, 22),
('2012-06-01', 19, 8),
('2012-06-01', 34, 6),
('2012-06-01', 62, 10),
('2012-06-01', 14, 1),
('2012-06-01', 32, 25),
('2012-06-01', 73, 24),
('2012-06-01', 74, 21),
('2012-06-01', 120, 23),
('2012-06-01', 40, 2),
('2012-06-01', 39, 3),
('2012-06-01', 12, 2),
('2012-06-01', 119, 28),
('2012-06-01', 92, 1),
('2012-06-01', 108, 1),
('2012-06-01', 81, 1),
('2012-06-01', 11, 1),
('2012-06-01', 76, 1),
('2012-06-01', 48, 2),
('2012-06-01', 77, 4),
('2012-06-01', 30, 3),
('2012-06-01', 35, 20),
('2012-06-01', 85, 3),
('2012-06-01', 83, 3),
('2012-06-01', 228, 3),
('2012-06-01', 254, 27),
('2012-06-01', 256, 3),
('2012-06-01', 258, 1),
('2012-06-01', 196, 2),
('2012-06-01', 194, 9),
('2012-06-01', 193, 17),
('2012-06-01', 141, 1),
('2012-06-01', 249, 1),
('2012-06-01', 197, 1);

-- --------------------------------------------------------

--
-- Table structure for table `temporary_presensi`
--

CREATE TABLE IF NOT EXISTS `temporary_presensi` (
  `id` int(11) NOT NULL,
  `shift` enum('Pagi','Siang','Malam','Midle Pagi1','Midle Pagi2','Midle Siang1','Midle Siang2','Midle Siang3','Midle Malam1','Midle Malam2') NOT NULL,
  `jam_datang` datetime DEFAULT NULL,
  `jam_pulang` datetime DEFAULT NULL,
  `status` enum('Tepat Waktu','Terlambat') NOT NULL,
  `keterlambatan` varchar(20) NOT NULL,
  `durasi` varchar(20) DEFAULT NULL,
  `photo` varchar(500) NOT NULL,
  PRIMARY KEY (`id`)
) ENGINE=MyISAM DEFAULT CHARSET=latin1;

--
-- Dumping data for table `temporary_presensi`
--

INSERT INTO `temporary_presensi` (`id`, `shift`, `jam_datang`, `jam_pulang`, `status`, `keterlambatan`, `durasi`, `photo`) VALUES
(59, 'Pagi', '2012-11-02 11:03:27', NULL, 'Terlambat', '04:03:27', '', ''),
(74, 'Pagi', '2012-11-02 08:11:30', NULL, 'Terlambat', '01:11:30', '', 'http://localhost/presensi/20121102081128.jpg');

-- --------------------------------------------------------

--
-- Table structure for table `tindakan`
--

CREATE TABLE IF NOT EXISTS `tindakan` (
  `tgl` datetime NOT NULL,
  `id` int(11) NOT NULL,
  `tnd` int(11) NOT NULL,
  `jm` double NOT NULL,
  `nm_pasien` varchar(30) NOT NULL,
  `kamar` varchar(20) NOT NULL,
  `diagnosa` varchar(50) NOT NULL,
  `jmlh` int(11) NOT NULL,
  PRIMARY KEY (`tgl`,`id`,`tnd`,`nm_pasien`),
  KEY `id` (`id`),
  KEY `tnd` (`tnd`)
) ENGINE=MyISAM DEFAULT CHARSET=latin1;

--
-- Dumping data for table `tindakan`
--

INSERT INTO `tindakan` (`tgl`, `id`, `tnd`, `jm`, `nm_pasien`, `kamar`, `diagnosa`, `jmlh`) VALUES
('0000-00-00 00:00:00', 122, 41, 100000, '-', '-', '-', 2),
('2011-07-01 00:00:00', 123, 91, 40000, '-', '-', '-', 4),
('2011-07-02 00:00:00', 122, 41, 100000, '-', '-', '-', 2),
('2011-07-04 00:00:00', 122, 91, 330000, '-', '-', '-', 33),
('2011-07-01 00:00:00', 4, 18, 200000, '-', '-', '-', 1),
('0000-00-00 00:00:00', 4, 20, 225000, '-', '-', '-', 3),
('2011-07-02 00:00:00', 4, 20, 225000, '-', '-', '-', 3),
('2011-07-03 00:00:00', 4, 92, 3720000, '-', '-', '-', 93),
('2011-07-01 00:00:00', 1, 92, 4080000, '-', '-', '-', 102),
('2011-07-01 00:00:00', 6, 1, 70000, '-', '-', '-', 14),
('0000-00-00 00:00:00', 6, 10, 15000, '-', '-', '-', 1),
('2011-07-02 00:00:00', 6, 10, 15000, '-', '-', '-', 1),
('2011-07-01 00:00:00', 7, 1, 60000, '-', '-', '-', 12),
('2011-07-02 00:00:00', 7, 10, 15000, '-', '-', '-', 1),
('2011-07-03 00:00:00', 7, 93, 10000, '-', '-', '-', 1),
('2011-07-01 00:00:00', 13, 28, 112500, '-', '-', '-', 15),
('2011-08-01 00:00:00', 1, 23, 450000, '-', '-', '-', 6),
('2011-08-01 00:00:00', 1, 92, 3360000, '-', '-', '-', 84),
('2011-08-01 00:00:00', 4, 18, 200000, '-', '-', '-', 1),
('2011-08-01 00:00:00', 4, 20, 75000, '-', '-', '-', 1),
('2011-08-01 00:00:00', 4, 92, 3200000, '-', '-', '-', 80),
('2011-08-01 00:00:00', 6, 1, 110000, '-', '-', '-', 22),
('2011-08-01 00:00:00', 7, 1, 70000, '-', '-', '-', 14),
('2011-08-01 00:00:00', 7, 10, 30000, '-', '-', '-', 2),
('2011-08-01 00:00:00', 13, 28, 37500, '-', '-', '-', 5),
('2011-07-01 00:00:00', 9, 108, 25000, '-', '-', '-', 1),
('2011-09-01 00:00:00', 52, 81, 55000, '-', '-', '-', 11),
('2011-09-01 00:00:00', 61, 81, 15000, '-', '-', '-', 3),
('2011-09-01 00:00:00', 27, 81, 10000, '-', '-', '-', 2),
('2011-09-01 00:00:00', 46, 81, 15000, '-', '-', '-', 3),
('2011-09-01 00:00:00', 10, 81, 5000, '-', '-', '-', 1),
('2011-09-01 00:00:00', 28, 7, 2500, '-', '-', '-', 1),
('2011-09-01 00:00:00', 21, 81, 5000, '-', '-', '-', 1),
('2011-09-01 00:00:00', 68, 81, 30000, '-', '-', '-', 6),
('2011-09-01 00:00:00', 51, 81, 5000, '-', '-', '-', 1),
('2011-09-01 00:00:00', 51, 7, 2500, '-', '-', '-', 1),
('2011-09-01 00:00:00', 4, 81, 5000, '-', '-', '-', 1),
('2011-09-01 00:00:00', 113, 81, 20000, '-', '-', '-', 4),
('2011-09-01 00:00:00', 127, 81, 5000, '-', '-', '-', 1),
('2011-09-01 00:00:00', 127, 7, 2500, '-', '-', '-', 1),
('2011-09-01 00:00:00', 130, 82, 5000, '-', '-', '-', 1),
('2011-09-01 00:00:00', 70, 1, 65000, '-', '-', '-', 13),
('2011-09-01 00:00:00', 70, 10, 15000, '-', '-', '-', 1),
('2011-09-01 00:00:00', 16, 1, 30000, '-', '-', '-', 6),
('2011-09-01 00:00:00', 16, 10, 75000, '-', '-', '-', 5),
('2011-09-01 00:00:00', 38, 1, 100000, '-', '-', '-', 20),
('2011-09-01 00:00:00', 38, 10, 60000, '-', '-', '-', 4),
('2011-09-01 00:00:00', 6, 1, 85000, '-', '-', '-', 17),
('2011-09-01 00:00:00', 6, 10, 120000, '-', '-', '-', 8),
('2011-09-01 00:00:00', 90, 1, 70000, '-', '-', '-', 14),
('2011-09-01 00:00:00', 90, 93, 10000, '-', '-', '-', 1),
('2011-09-01 00:00:00', 7, 1, 50000, '-', '-', '-', 10),
('2011-09-01 00:00:00', 7, 10, 30000, '-', '-', '-', 2),
('2011-09-01 00:00:00', 7, 93, 10000, '-', '-', '-', 1),
('2011-09-01 00:00:00', 78, 1, 80000, '-', '-', '-', 16),
('2011-09-01 00:00:00', 78, 10, 30000, '-', '-', '-', 2),
('2011-09-01 00:00:00', 21, 107, 732000, '-', '-', '-', 183),
('2011-09-01 00:00:00', 21, 106, 230000, '-', '-', '-', 23),
('2011-09-01 00:00:00', 94, 1, 75000, '-', '-', '-', 15),
('2011-09-01 00:00:00', 138, 1, 10000, '-', '-', '-', 2),
('2011-09-01 00:00:00', 71, 15, 12000, '-', '-', '-', 4),
('2011-09-01 00:00:00', 80, 7, 7500, '-', '-', '-', 3),
('2011-09-01 00:00:00', 80, 81, 5000, '-', '-', '-', 1),
('2011-09-01 00:00:00', 42, 15, 15000, '-', '-', '-', 5),
('2011-09-01 00:00:00', 47, 15, 24000, '-', '-', '-', 8),
('2011-09-01 00:00:00', 66, 7, 12500, '-', '-', '-', 5),
('2011-09-01 00:00:00', 66, 81, 5000, '-', '-', '-', 1),
('2011-09-01 00:00:00', 126, 15, 21000, '-', '-', '-', 7),
('2011-09-01 00:00:00', 65, 7, 7500, '-', '-', '-', 3),
('2011-09-01 00:00:00', 192, 1, 15000, '-', '-', '-', 3),
('2011-09-01 00:00:00', 10, 21, 50000, '-', '-', '-', 1),
('2011-09-01 00:00:00', 29, 21, 50000, '-', '-', '-', 1),
('2011-09-01 00:00:00', 10, 20, 75000, '-', '-', '-', 1),
('2011-09-01 00:00:00', 10, 19, 300000, '-', '-', '-', 2),
('2011-09-01 00:00:00', 4, 20, 75000, '-', '-', '-', 1),
('2011-09-01 00:00:00', 27, 19, 150000, '-', '-', '-', 1),
('2011-09-01 00:00:00', 18, 18, 200000, '-', '-', '-', 1),
('2011-09-01 00:00:00', 29, 106, 190000, '-', '-', '-', 19),
('2011-09-01 00:00:00', 16, 106, 160000, '-', '-', '-', 16),
('2011-09-01 00:00:00', 46, 106, 220000, '-', '-', '-', 22),
('2011-09-01 00:00:00', 52, 106, 120000, '-', '-', '-', 12),
('2011-09-01 00:00:00', 127, 106, 230000, '-', '-', '-', 23),
('2011-09-01 00:00:00', 13, 28, 60000, '-', '-', '-', 8),
('2011-09-01 00:00:00', 34, 29, 30000, '-', '-', '-', 2),
('2011-09-01 00:00:00', 34, 30, 300000, '-', '-', '-', 2),
('2011-09-01 00:00:00', 54, 28, 52500, '-', '-', '-', 7),
('2011-09-01 00:00:00', 124, 28, 45000, '-', '-', '-', 6),
('2011-09-01 00:00:00', 11, 109, 80000, '-', '-', '-', 16),
('2011-09-01 00:00:00', 48, 109, 80000, '-', '-', '-', 16),
('2011-09-01 00:00:00', 35, 109, 30000, '-', '-', '-', 6),
('2012-05-01 00:00:00', 7, 1, 55000, '-', '-', '-', 11),
('2011-09-01 00:00:00', 1, 111, 3390000, '-', '-', '-', 113),
('2011-09-01 00:00:00', 1, 23, 1050000, '-', '-', '-', 14),
('2011-09-01 00:00:00', 4, 92, 4560000, '-', '-', '-', 114),
('2011-09-01 00:00:00', 21, 92, 560000, '-', '-', '-', 14),
('2011-09-01 00:00:00', 18, 92, 160000, '-', '-', '-', 4),
('2011-09-01 00:00:00', 2, 112, 207000, '-', '-', '-', 138),
('2011-10-01 00:00:00', 149, 40, 62500, 'By Ny Suyanti Indriyanti', 'Srikandi 3', 'BBLC, SMK, CB, lahir spontan', 1),
('2011-10-01 00:00:00', 149, 118, 50000, '-', '-', '-', 1),
('2011-10-01 00:00:00', 193, 136, 12000, '-', '-', '-', 3),
('2011-10-01 00:00:00', 193, 145, 15000, '-', '-', '-', 5),
('2011-10-01 00:00:00', 149, 95, 60000, '-', '-', '-', 4),
('2011-10-01 00:00:00', 141, 51, 87500, 'By Ny Heny Ika Widiastuti', 'Kunthi 2', 'SC a.i KPD BBLC, CB, SMK, asfiksi', 1),
('2011-10-01 00:00:00', 141, 52, 75000, 'By Ny Samsiah', 'Bima', 'SC a.i KPD BBLC, CB, SMK', 1),
('2011-10-01 00:00:00', 141, 118, 100000, '-', '-', '-', 2),
('2011-10-01 00:00:00', 141, 95, 30000, '-', '-', '-', 2),
('2011-10-01 00:00:00', 154, 42, 37500, 'By Ny Emi Dwi Lestari', 'Arjuna', 'BBLC, CB, spontan, SMK', 1),
('2011-10-02 00:00:00', 154, 42, 37500, 'By Ny Desy Akirana', 'Abimanyu', 'BBLC, CB, spontan SMK', 1),
('2011-10-01 00:00:00', 154, 41, 50000, 'By Ny Caroline', 'Kunthi 2', 'BBL, CB, spontan SMK', 1),
('2011-10-03 00:00:00', 154, 42, 37500, 'By Ny Ismi Nurmaulidiah', 'IGD', 'BBLC, CB, spt, SMK', 1),
('2011-10-04 00:00:00', 154, 42, 37500, 'By Ny Suci Sukmawati', 'IGD', 'BBLC, CB, spt, SMK', 1),
('2011-10-01 00:00:00', 154, 118, 50000, '-', '-', '-', 1),
('2011-10-02 00:00:00', 154, 118, 50000, '-', '-', '-', 1),
('2011-10-03 00:00:00', 154, 118, 50000, '-', '-', '-', 1),
('2011-10-04 00:00:00', 154, 118, 50000, '-', '-', '-', 1),
('2011-10-01 00:00:00', 154, 95, 15000, '-', '-', '-', 1),
('2011-10-02 00:00:00', 154, 95, 15000, '-', '-', '-', 1),
('2011-10-03 00:00:00', 154, 95, 15000, '-', '-', '-', 1),
('2011-10-04 00:00:00', 154, 95, 15000, '-', '-', '-', 1),
('2011-10-05 00:00:00', 154, 95, 15000, '-', '-', '-', 1),
('2011-10-06 00:00:00', 154, 95, 15000, '-', '-', '-', 1),
('2011-10-07 00:00:00', 154, 95, 15000, '-', '-', '-', 1),
('2011-10-08 00:00:00', 154, 95, 15000, '-', '-', '-', 1),
('2011-10-09 00:00:00', 154, 95, 15000, '-', '-', '-', 1),
('2011-10-10 00:00:00', 154, 95, 15000, '-', '-', '-', 1),
('2011-10-11 00:00:00', 154, 95, 15000, '-', '-', '-', 1),
('2011-10-12 00:00:00', 154, 95, 15000, '-', '-', '-', 1),
('2011-10-13 00:00:00', 154, 95, 15000, '-', '-', '-', 1),
('2011-10-14 00:00:00', 154, 95, 15000, '-', '-', '-', 1),
('2011-10-15 00:00:00', 154, 95, 15000, '-', '-', '-', 1),
('2011-10-16 00:00:00', 154, 95, 15000, '-', '-', '-', 1),
('2011-10-17 00:00:00', 154, 95, 15000, '-', '-', '-', 1),
('2011-10-18 00:00:00', 154, 95, 15000, '-', '-', '-', 1),
('2011-10-19 00:00:00', 154, 95, 15000, '-', '-', '-', 1),
('2011-10-20 00:00:00', 154, 95, 15000, '-', '-', '-', 1),
('2011-10-21 00:00:00', 154, 95, 15000, '-', '-', '-', 1),
('2011-10-01 00:00:00', 150, 40, 62500, 'By Ny drg Indah Ningrum', 'Arimbi 2', 'BBLC, CB. SMK', 1),
('2011-10-02 00:00:00', 150, 40, 62500, 'By Ny Suci Tri Wahyuni', 'Srikandi 3', 'BBLC, CB, SMK', 1),
('2011-10-03 00:00:00', 150, 40, 62500, 'By Ny Yessy Supandi', 'Srikandi 3', 'BBLC,CB,SMKS Spntan', 1),
('2011-10-01 00:00:00', 150, 118, 50000, '-', '-', '-', 1),
('2011-10-02 00:00:00', 150, 118, 50000, '-', '-', '-', 1),
('2011-10-01 00:00:00', 150, 95, 15000, '-', '-', '-', 1),
('2011-10-02 00:00:00', 150, 95, 15000, '-', '-', '-', 1),
('2011-10-03 00:00:00', 150, 95, 15000, '-', '-', '-', 1),
('2011-10-04 00:00:00', 150, 95, 15000, '-', '-', '-', 1),
('2011-10-05 00:00:00', 150, 95, 15000, '-', '-', '-', 1),
('2011-10-06 00:00:00', 150, 95, 15000, '-', '-', '-', 1),
('2011-10-01 00:00:00', 146, 42, 37500, 'By Ny Murwanti', 'Bima', 'BBLC, CB, SMK, spontan', 1),
('2011-10-02 00:00:00', 146, 42, 37500, 'By Ny Irawati', 'Arjuna', 'BBLC, CB, SMK, spontan', 1),
('2011-10-01 00:00:00', 146, 40, 62500, 'By Ny Pravina Widiyawati', 'Sembodro 2', 'BBLC, CB, SMK, spontan', 1),
('2011-10-01 00:00:00', 146, 118, 50000, '-', '-', '-', 1),
('2011-10-02 00:00:00', 146, 118, 50000, '-', '-', '-', 1),
('2011-10-01 00:00:00', 146, 95, 15000, '-', '-', '-', 1),
('2011-10-02 00:00:00', 146, 95, 15000, '-', '-', '-', 1),
('2011-10-03 00:00:00', 146, 95, 15000, '-', '-', '-', 1),
('2011-10-04 00:00:00', 146, 95, 15000, '-', '-', '-', 1),
('2011-10-05 00:00:00', 146, 95, 15000, '-', '-', '-', 1),
('2011-10-01 00:00:00', 152, 41, 50000, 'By Ny Lisa Oktavianti', 'Nakula', 'BBLC, CB, SMK, spontan', 1),
('2011-10-01 00:00:00', 152, 62, 5000, 'Nn Bekti', 'RJ', 'Dysmenorhea', 1),
('2011-10-01 00:00:00', 152, 113, 7500, 'An Marisya', 'RJ', 'Bronchitis, tonsilitis akut', 1),
('2011-10-01 00:00:00', 152, 42, 37500, 'By Ny Saryanti', 'Bima', 'CB SMK spontan', 1),
('2011-10-01 00:00:00', 152, 118, 50000, '-', '-', '-', 1),
('2011-10-02 00:00:00', 152, 118, 50000, '-', '-', '-', 1),
('2011-10-03 00:00:00', 152, 118, 50000, '-', '-', '-', 1),
('2011-10-04 00:00:00', 152, 118, 50000, '-', '-', '-', 1),
('2011-10-01 00:00:00', 152, 95, 15000, '-', '-', '-', 1),
('2011-10-02 00:00:00', 152, 95, 15000, '-', '-', '-', 1),
('2011-10-03 00:00:00', 152, 95, 15000, '-', '-', '-', 1),
('2011-10-04 00:00:00', 152, 95, 15000, '-', '-', '-', 1),
('2011-10-05 00:00:00', 152, 95, 15000, '-', '-', '-', 1),
('2011-10-06 00:00:00', 152, 95, 15000, '-', '-', '-', 1),
('2011-10-07 00:00:00', 152, 95, 15000, '-', '-', '-', 1),
('2011-10-08 00:00:00', 152, 95, 15000, '-', '-', '-', 1),
('2011-10-09 00:00:00', 152, 95, 15000, '-', '-', '-', 1),
('2011-10-10 00:00:00', 152, 95, 15000, '-', '-', '-', 1),
('2011-10-11 00:00:00', 152, 95, 15000, '-', '-', '-', 1),
('2011-10-12 00:00:00', 152, 95, 15000, '-', '-', '-', 1),
('2011-10-13 00:00:00', 152, 95, 15000, '-', '-', '-', 1),
('2011-10-14 00:00:00', 152, 95, 15000, '-', '-', '-', 1),
('2011-10-15 00:00:00', 152, 95, 15000, '-', '-', '-', 1),
('2011-10-16 00:00:00', 152, 95, 15000, '-', '-', '-', 1),
('2011-10-17 00:00:00', 152, 95, 15000, '-', '-', '-', 1),
('2011-10-18 00:00:00', 152, 95, 15000, '-', '-', '-', 1),
('2011-10-19 00:00:00', 152, 95, 15000, '-', '-', '-', 1),
('2011-10-20 00:00:00', 152, 95, 15000, '-', '-', '-', 1),
('2011-10-21 00:00:00', 152, 95, 15000, '-', '-', '-', 1),
('2011-10-22 00:00:00', 152, 95, 15000, '-', '-', '-', 1),
('2011-10-23 00:00:00', 152, 95, 15000, '-', '-', '-', 1),
('2011-10-24 00:00:00', 152, 95, 15000, '-', '-', '-', 1),
('2011-10-25 00:00:00', 152, 95, 15000, '-', '-', '-', 1),
('2011-10-26 00:00:00', 152, 95, 15000, '-', '-', '-', 1),
('2011-10-01 00:00:00', 155, 41, 50000, 'By Ny Fera Ferdiana', 'Wisnu', 'BBLR', 1),
('2011-10-01 00:00:00', 155, 44, 87500, 'By Ny Nur Indah Sutanti', 'Bodronoyo', 'BBLC, CB, SMK, spontan', 1),
('2011-10-01 00:00:00', 155, 40, 62500, 'By Ny Agustina Setiawati', 'Srikandi', 'BBLC, CB, SMK, spontan', 1),
('2011-10-01 00:00:00', 155, 118, 50000, '-', '-', '-', 1),
('2011-10-02 00:00:00', 155, 118, 50000, '-', '-', '-', 1),
('2011-10-01 00:00:00', 155, 95, 15000, '-', '-', '-', 1),
('2011-10-02 00:00:00', 155, 95, 15000, '-', '-', '-', 1),
('2011-10-03 00:00:00', 155, 95, 15000, '-', '-', '-', 1),
('2011-10-04 00:00:00', 155, 95, 15000, '-', '-', '-', 1),
('2011-10-05 00:00:00', 155, 95, 15000, '-', '-', '-', 1),
('2011-10-06 00:00:00', 155, 95, 15000, '-', '-', '-', 1),
('2011-10-07 00:00:00', 155, 95, 15000, '-', '-', '-', 1),
('2011-10-08 00:00:00', 155, 95, 15000, '-', '-', '-', 1),
('2011-10-09 00:00:00', 155, 95, 15000, '-', '-', '-', 1),
('2011-10-10 00:00:00', 155, 95, 15000, '-', '-', '-', 1),
('2011-10-11 00:00:00', 155, 95, 15000, '-', '-', '-', 1),
('2011-10-12 00:00:00', 155, 95, 15000, '-', '-', '-', 1),
('2011-10-13 00:00:00', 155, 95, 15000, '-', '-', '-', 1),
('2011-10-14 00:00:00', 155, 95, 15000, '-', '-', '-', 1),
('2011-10-01 00:00:00', 153, 55, 125000, 'By Ny Danik Parsini', 'Arjuna', 'BBLC, CB, SMK, SC', 1),
('2011-10-01 00:00:00', 153, 118, 50000, '-', '-', '-', 1),
('2011-10-02 00:00:00', 153, 118, 50000, '-', '-', '-', 1),
('2011-10-01 00:00:00', 153, 95, 15000, '-', '-', '-', 1),
('2011-10-02 00:00:00', 153, 95, 15000, '-', '-', '-', 1),
('2011-10-03 00:00:00', 153, 95, 15000, '-', '-', '-', 1),
('2011-10-04 00:00:00', 153, 95, 15000, '-', '-', '-', 1),
('2011-10-05 00:00:00', 153, 95, 15000, '-', '-', '-', 1),
('2011-10-06 00:00:00', 153, 95, 15000, '-', '-', '-', 1),
('2011-10-07 00:00:00', 153, 95, 15000, '-', '-', '-', 1),
('2011-10-08 00:00:00', 153, 95, 15000, '-', '-', '-', 1),
('2011-10-09 00:00:00', 153, 95, 15000, '-', '-', '-', 1),
('2011-10-10 00:00:00', 153, 95, 15000, '-', '-', '-', 1),
('2011-10-11 00:00:00', 153, 95, 15000, '-', '-', '--', 1),
('2011-10-12 00:00:00', 153, 95, 15000, '-', '-', '-', 1),
('2011-10-13 00:00:00', 153, 95, 15000, '-', '-', '-', 1),
('2011-10-14 00:00:00', 153, 95, 15000, '-', '-', '-', 1),
('2011-10-01 00:00:00', 197, 42, 37500, 'By Ny Dwi Herawati', 'Bima', 'BBLC, CB, SMK, spontan', 1),
('2011-10-02 00:00:00', 197, 42, 37500, 'By Ny Nur Frinasari', 'Bima', 'CB,BBLC,SMK,Spontan', 1),
('2011-10-03 00:00:00', 197, 42, 37500, 'By Ny Biritinah Kartini', 'Arjuna', 'BBLC,CB,SMK Spontan', 1),
('2011-10-01 00:00:00', 197, 41, 50000, 'By Ny Erlani Nurbaiti', 'Nakula', 'BBLC, SMK,CB,Spontan', 1),
('2011-10-02 00:00:00', 197, 41, 50000, 'By Ny Sri Purwanti', 'Kunthi 2', 'BBLC, CB, SMK, spontan asfiksia', 1),
('2011-10-01 00:00:00', 197, 40, 62500, 'By Ny Anitawati', 'Arimbi 3', 'BBLC, CB, SMK, spontan', 1),
('2011-10-02 00:00:00', 197, 40, 62500, 'By Ny Yurika Reninditha', 'Srikandi 1', 'BBLC, CB, SMK, spontan', 1),
('2011-10-03 00:00:00', 197, 40, 62500, 'By Ny Nurlina', 'Srikandi 1', 'BBLC, CB, SMK, spontan', 1),
('2011-10-04 00:00:00', 197, 52, 75000, 'By Ny Ari Priyatini Anggorowat', 'Bima', 'BBLC, CB, SMK, SC', 1),
('2011-10-01 00:00:00', 197, 50, 100000, 'By Ny Heffy Nuryana', 'Arimbi 3', 'BBLC, SMK, SC', 1),
('2011-10-04 00:00:00', 197, 42, 37500, 'By Ny Nofita Kusuma Wati', 'Arjuna', 'BBLC, CB, SMK, spontan', 1),
('2011-10-04 00:00:00', 197, 40, 62500, 'By Ny Siti Umi Hani', 'Srikandi 1', 'BBLC, CB, SMK, spontan', 1),
('2011-10-01 00:00:00', 197, 118, 50000, '-', '-', '-', 1),
('2011-10-02 00:00:00', 197, 118, 50000, '-', '-', '-', 1),
('2011-10-03 00:00:00', 197, 118, 50000, '-', '-', '-', 1),
('2011-10-04 00:00:00', 197, 118, 50000, '-', '-', '-', 1),
('2011-10-05 00:00:00', 197, 118, 50000, '-', '-', '-', 1),
('2011-10-06 00:00:00', 197, 118, 50000, '-', '-', '-', 1),
('2011-10-01 00:00:00', 197, 95, 15000, '-', '-', '-', 1),
('2011-10-02 00:00:00', 197, 95, 15000, '-', '-', '-', 1),
('2011-10-03 00:00:00', 197, 95, 15000, '-', '-', '-', 1),
('2011-10-04 00:00:00', 197, 95, 15000, '-', '-', '-', 1),
('2011-10-05 00:00:00', 197, 95, 15000, '-', '-', '-', 1),
('2011-10-06 00:00:00', 197, 95, 15000, '-', '-', '-', 1),
('2011-10-07 00:00:00', 197, 95, 15000, '-', '-', '-', 1),
('2011-10-08 00:00:00', 197, 95, 15000, '-', '-', '-', 1),
('2011-10-09 00:00:00', 197, 95, 15000, '-', '-', '-', 1),
('2011-10-10 00:00:00', 197, 95, 15000, '-', '-', '-', 1),
('2011-10-11 00:00:00', 197, 95, 15000, '-', '-', '-', 1),
('2011-10-12 00:00:00', 197, 95, 15000, '-', '-', '-', 1),
('2011-10-13 00:00:00', 197, 95, 15000, '-', '-', '-', 1),
('2011-10-14 00:00:00', 197, 95, 15000, '-', '-', '-', 1),
('2011-10-15 00:00:00', 197, 95, 15000, '-', '-', '-', 1),
('2011-10-16 00:00:00', 197, 95, 15000, '-', '-', '-', 1),
('2011-10-17 00:00:00', 197, 95, 15000, '-', '-', '-', 1),
('2011-10-18 00:00:00', 197, 95, 15000, '-', '-', '-', 1),
('2011-10-19 00:00:00', 197, 95, 15000, '-', '-', '-', 1),
('2011-10-20 00:00:00', 197, 95, 15000, '-', '-', '-', 1),
('2011-10-21 00:00:00', 197, 95, 15000, '-', '-', '-', 1),
('2011-10-22 00:00:00', 197, 95, 15000, '-', '-', '-', 1),
('2011-10-23 00:00:00', 197, 95, 15000, '-', '-', '-', 1),
('2011-10-24 00:00:00', 197, 95, 15000, '-', '-', '-', 1),
('2011-10-01 00:00:00', 61, 7, 2500, '-', '-', '-', 1),
('2011-10-01 00:00:00', 27, 81, 5000, '-', '-', '-', 1),
('2011-10-01 00:00:00', 21, 81, 5000, '-', '-', '-', 1),
('2011-10-01 00:00:00', 4, 7, 2500, '-', '-', '-', 1),
('2011-10-01 00:00:00', 4, 8, 3000, '-', '-', '-', 1),
('2011-10-01 00:00:00', 113, 7, 2500, '-', '-', '-', 1),
('2011-10-01 00:00:00', 70, 1, 55000, '-', '-', '-', 11),
('2011-10-01 00:00:00', 70, 10, 45000, '-', '-', '-', 3),
('2011-10-01 00:00:00', 70, 93, 10000, '-', '-', '-', 1),
('2011-10-01 00:00:00', 16, 1, 75000, '-', '-', '-', 15),
('2011-10-01 00:00:00', 16, 10, 60000, '-', '-', '-', 4),
('2011-10-01 00:00:00', 16, 93, 10000, '-', '-', '-', 1),
('2011-10-01 00:00:00', 38, 1, 65000, '-', '-', '-', 13),
('2011-10-01 00:00:00', 38, 10, 75000, '-', '-', '-', 5),
('2011-10-01 00:00:00', 6, 1, 60000, '-', '-', '-', 12),
('2011-10-01 00:00:00', 6, 10, 45000, '-', '-', '-', 3),
('2011-10-01 00:00:00', 90, 1, 40000, '-', '-', '-', 8),
('2011-10-01 00:00:00', 7, 1, 75000, '-', '-', '-', 15),
('2011-10-01 00:00:00', 7, 10, 120000, '-', '-', '-', 8),
('2011-10-01 00:00:00', 7, 93, 20000, '-', '-', '-', 2),
('2011-10-01 00:00:00', 78, 1, 85000, '-', '-', '-', 17),
('2011-10-01 00:00:00', 78, 10, 45000, '-', '-', '-', 3),
('2011-10-01 00:00:00', 78, 93, 10000, '-', '-', '-', 1),
('2011-10-01 00:00:00', 94, 1, 85000, '-', '-', '-', 17),
('2011-10-01 00:00:00', 94, 10, 45000, '-', '-', '-', 3),
('2011-10-01 00:00:00', 94, 93, 10000, '-', '-', '-', 1),
('2011-10-01 00:00:00', 71, 15, 18000, '-', '-', '-', 6),
('2011-10-01 00:00:00', 42, 15, 21000, '-', '-', '-', 7),
('2011-10-01 00:00:00', 47, 15, 18000, '-', '-', '-', 6),
('2011-10-01 00:00:00', 192, 1, 45000, '-', '-', '-', 9),
('2011-10-01 00:00:00', 4, 21, 50000, '-', '-', '-', 1),
('2011-10-01 00:00:00', 4, 20, 75000, '-', '-', '-', 1),
('2011-10-01 00:00:00', 29, 19, 150000, '-', '-', '-', 1),
('2011-10-01 00:00:00', 29, 20, 150000, '-', '-', '-', 2),
('2011-10-01 00:00:00', 29, 18, 200000, '-', '-', '-', 1),
('2011-10-01 00:00:00', 21, 20, 75000, '-', '-', '-', 1),
('2011-10-01 00:00:00', 20, 21, 100000, '-', '-', '-', 2),
('2011-10-01 00:00:00', 21, 21, 150000, '-', '-', '-', 3),
('2011-10-01 00:00:00', 21, 107, 984000, '-', '-', '-', 246),
('2011-10-01 00:00:00', 46, 21, 50000, '-', '-', '-', 1),
('2011-10-01 00:00:00', 67, 21, 50000, '-', '-', '-', 1),
('2011-10-01 00:00:00', 4, 92, 4280000, '-', '-', '-', 107),
('2011-10-01 00:00:00', 21, 92, 600000, '-', '-', '-', 15),
('2011-10-01 00:00:00', 18, 92, 120000, '-', '-', '-', 3),
('2011-10-01 00:00:00', 20, 92, 40000, '-', '-', '-', 1),
('2011-10-01 00:00:00', 1, 23, 675000, '-', '-', '-', 9),
('2011-10-01 00:00:00', 1, 111, 3330000, '-', '-', '-', 111),
('2011-10-01 00:00:00', 29, 106, 410000, '-', '-', '-', 41),
('2011-10-01 00:00:00', 46, 106, 300000, '-', '-', '-', 30),
('2011-10-01 00:00:00', 52, 106, 320000, '-', '-', '-', 32),
('2011-10-01 00:00:00', 16, 106, 180000, '-', '-', '-', 18),
('2011-10-01 00:00:00', 21, 106, 70000, '-', '-', '-', 7),
('2011-10-01 00:00:00', 127, 106, 50000, '-', '-', '-', 5),
('2011-10-01 00:00:00', 13, 28, 30000, '-', '-', '-', 4),
('2011-10-01 00:00:00', 19, 28, 7500, '-', '-', '-', 1),
('2011-10-01 00:00:00', 34, 29, 105000, '-', '-', '-', 7),
('2011-10-01 00:00:00', 34, 30, 1500000, '-', '-', '-', 10),
('2011-10-01 00:00:00', 54, 28, 52500, '-', '-', '-', 7),
('2011-10-01 00:00:00', 124, 28, 37500, '-', '-', '-', 5),
('2011-10-01 00:00:00', 193, 143, 20000, '-', '-', '-', 1),
('2011-10-01 00:00:00', 193, 128, 20000, '-', '-', '-', 4),
('2011-10-01 00:00:00', 193, 149, 2000, '-', '-', '-', 1),
('2011-10-01 00:00:00', 193, 129, 6000, '-', '-', '-', 1),
('2011-10-01 00:00:00', 193, 137, 5000, '-', '-', '-', 1),
('2011-10-01 00:00:00', 193, 135, 6000, '-', '-', '-', 2),
('2011-10-01 00:00:00', 193, 142, 9000, '-', '-', '-', 3),
('2011-10-01 00:00:00', 193, 150, 2000, '-', '-', '-', 1),
('2011-10-01 00:00:00', 193, 127, 6000, '-', '-', '-', 2),
('2011-10-01 00:00:00', 193, 130, 3000, '-', '-', '-', 1),
('2011-10-01 00:00:00', 193, 140, 2000, '-', '-', '-', 1),
('2011-10-01 00:00:00', 194, 145, 12000, '-', '-', '-', 4),
('2011-10-01 00:00:00', 194, 136, 8000, '-', '-', '-', 2),
('2011-10-01 00:00:00', 194, 143, 40000, '-', '-', '-', 2),
('2011-10-01 00:00:00', 194, 128, 15000, '-', '-', '-', 3),
('2011-10-01 00:00:00', 194, 129, 6000, '-', '-', '-', 1),
('2011-10-01 00:00:00', 194, 137, 5000, '-', '-', '-', 1),
('2011-10-01 00:00:00', 194, 135, 3000, '-', '-', '-', 1),
('2011-10-01 00:00:00', 194, 127, 3000, '-', '-', '-', 1),
('2011-10-01 00:00:00', 194, 139, 6000, '-', '-', '-', 2),
('2011-10-01 00:00:00', 194, 140, 2000, '-', '-', '-', 1),
('2011-10-01 00:00:00', 194, 132, 2000, '-', '-', '-', 2),
('2011-10-01 00:00:00', 196, 140, 2000, '-', '-', '-', 1),
('2011-10-01 00:00:00', 196, 145, 6000, '-', '-', '-', 2),
('2011-10-01 00:00:00', 196, 136, 4000, '-', '-', '-', 1),
('2011-10-01 00:00:00', 196, 128, 30000, '-', '-', '-', 6),
('2011-10-01 00:00:00', 196, 129, 6000, '-', '-', '-', 1),
('2011-10-01 00:00:00', 196, 137, 5000, '-', '-', '-', 1),
('2011-10-01 00:00:00', 196, 135, 6000, '-', '-', '-', 2),
('2011-10-01 00:00:00', 196, 127, 6000, '-', '-', '-', 2),
('2011-10-01 00:00:00', 196, 139, 3000, '-', '-', '-', 1),
('2011-10-01 00:00:00', 196, 130, 3000, '-', '-', '-', 1),
('2011-10-01 00:00:00', 196, 132, 1000, '-', '-', '-', 1),
('2011-10-01 00:00:00', 196, 148, 2000, '-', '-', '-', 1),
('2011-10-01 00:00:00', 196, 134, 4000, '-', '-', '-', 2),
('2011-10-01 00:00:00', 196, 144, 3000, '-', '-', '-', 1),
('2011-10-01 00:00:00', 196, 138, 20000, '-', '-', '-', 2),
('2011-10-01 00:00:00', 196, 133, 2000, '-', '-', '-', 2),
('2011-10-01 00:00:00', 196, 141, 2000, '-', '-', '-', 1),
('2011-10-01 00:00:00', 196, 126, 1000, '-', '-', '-', 1),
('2011-10-01 00:00:00', 199, 94, 360000, '-', '-', '-', 36),
('2011-10-01 00:00:00', 199, 118, 300000, '-', '-', '-', 6),
('2011-10-01 00:00:00', 199, 95, 150000, '-', '-', '-', 10),
('2011-10-01 00:00:00', 199, 125, 60000, '-', '-', '-', 12),
('2011-10-01 00:00:00', 199, 63, 20000, '-', '-', '-', 2),
('2011-10-01 00:00:00', 199, 62, 5000, '-', '-', '-', 1),
('2011-10-01 00:00:00', 199, 78, 10000, '-', '-', '-', 4),
('2011-10-01 00:00:00', 199, 68, 15000, '-', '-', '-', 1),
('2011-10-01 00:00:00', 199, 41, 100000, '-', '-', '-', 2),
('2011-10-01 00:00:00', 199, 40, 62500, '-', '-', '-', 1),
('2011-10-01 00:00:00', 199, 42, 37500, '-', '-', '-', 1),
('2011-10-01 00:00:00', 199, 98, 10000, '-', '-', '-', 1),
('2011-10-01 00:00:00', 199, 120, 10000, '-', '-', '-', 1),
('2011-10-01 00:00:00', 199, 119, 8750, '-', '-', '-', 1),
('2011-10-01 00:00:00', 199, 155, 5000, '-', '-', '-', 1),
('2011-10-01 00:00:00', 200, 103, 5000, '-', '-', '-', 1),
('2011-10-01 00:00:00', 200, 125, 5000, '-', '-', '-', 1),
('2011-10-01 00:00:00', 199, 101, 20000, '-', '-', '-', 1),
('2011-10-01 00:00:00', 65, 7, 2500, '-', '-', '-', 1),
('2011-10-01 00:00:00', 159, 23, 75000, '-', '-', '-', 1),
('2011-10-01 00:00:00', 159, 22, 3900000, '-', '-', '-', 39),
('2011-10-01 00:00:00', 160, 22, 7500000, '-', '-', '-', 75),
('2011-10-01 00:00:00', 160, 23, 150000, '-', '-', '-', 2),
('2011-10-01 00:00:00', 160, 92, 40000, '-', '-', '-', 1),
('2011-10-01 00:00:00', 162, 22, 900000, '-', '-', '-', 9),
('2011-10-01 00:00:00', 162, 23, 7950000, '-', '-', '-', 106),
('2011-10-01 00:00:00', 162, 92, 40000, '-', '-', '-', 1),
('2011-10-01 00:00:00', 166, 22, 600000, '-', '-', '-', 6),
('2011-10-01 00:00:00', 169, 23, 675000, '-', '-', '-', 9),
('2011-10-01 00:00:00', 169, 92, 640000, '-', '-', '-', 16),
('2011-10-01 00:00:00', 164, 24, 2100000, '-', '-', '-', 21),
('2011-10-01 00:00:00', 167, 24, 3900000, '-', '-', '-', 39),
('2011-10-01 00:00:00', 170, 24, 2500000, '-', '-', '-', 25),
('2011-10-01 00:00:00', 172, 24, 700000, '-', '-', '-', 7),
('2011-10-01 00:00:00', 201, 24, 3300000, '-', '-', '-', 33),
('2011-10-01 00:00:00', 164, 27, 700000, '-', '-', '-', 7),
('2011-10-01 00:00:00', 167, 27, 100000, '-', '-', '-', 1),
('2011-10-01 19:16:17', 186, 191, 1200000, 'lily tania', 'sembodro 1/I', '-', 1),
('2011-11-01 00:00:00', 4, 18, 200000, '-', '-', '-', 1),
('2011-11-01 00:00:00', 21, 19, 150000, '-', '-', '-', 1),
('2011-11-01 00:00:00', 46, 19, 150000, '-', '-', '-', 1),
('2011-11-01 00:00:00', 29, 19, 150000, '-', '-', '-', 1),
('2011-11-01 00:00:00', 29, 20, 75000, '-', '-', '-', 1),
('2011-11-01 00:00:00', 20, 18, 200000, '-', '-', '-', 1),
('2011-11-01 00:00:00', 28, 20, 75000, '-', '-', '-', 1),
('2011-11-01 00:00:00', 27, 20, 75000, '-', '-', '-', 1),
('2011-11-01 00:00:00', 10, 18, 200000, '-', '-', '-', 1),
('2011-11-01 00:00:00', 29, 21, 150000, '-', '-', '-', 3),
('2011-11-01 00:00:00', 18, 21, 50000, '-', '-', '-', 1),
('2011-11-01 00:00:00', 46, 21, 100000, '-', '-', '-', 2),
('2011-11-01 00:00:00', 20, 21, 50000, '-', '-', '-', 1),
('2011-11-01 00:00:00', 21, 7, 2500, '-', '-', '-', 1),
('2011-11-01 00:00:00', 21, 107, 720000, '-', '-', '-', 180),
('2011-11-01 00:00:00', 68, 8, 3000, '-', '-', '-', 1),
('2011-11-01 00:00:00', 29, 81, 5000, '-', '-', '-', 1),
('2011-11-01 00:00:00', 29, 7, 2500, '-', '-', '-', 1),
('2011-11-01 00:00:00', 110, 7, 10000, '-', '-', '-', 4),
('2011-11-01 00:00:00', 70, 1, 70000, '-', '-', '-', 14),
('2011-11-01 00:00:00', 70, 10, 60000, '-', '-', '-', 4),
('2011-11-01 00:00:00', 70, 93, 10000, '-', '-', '-', 1),
('2011-11-01 00:00:00', 16, 1, 25000, '-', '-', '-', 5),
('2011-11-01 00:00:00', 16, 10, 75000, '-', '-', '-', 5),
('2011-11-01 00:00:00', 16, 93, 10000, '-', '-', '-', 1),
('2011-11-01 00:00:00', 38, 1, 45000, '-', '-', '-', 9),
('2011-11-01 00:00:00', 38, 10, 45000, '-', '-', '-', 3),
('2011-11-01 00:00:00', 38, 93, 10000, '-', '-', '-', 1),
('2011-11-01 00:00:00', 6, 1, 80000, '-', '-', '-', 16),
('2011-11-01 00:00:00', 6, 10, 15000, '-', '-', '-', 1),
('2011-11-01 00:00:00', 90, 1, 45000, '-', '-', '-', 9),
('2011-11-01 00:00:00', 7, 1, 85000, '-', '-', '-', 17),
('2011-11-01 00:00:00', 7, 10, 30000, '-', '-', '-', 2),
('2011-11-01 00:00:00', 7, 93, 10000, '-', '-', '-', 1),
('2011-11-01 00:00:00', 78, 1, 70000, '-', '-', '-', 14),
('2011-11-01 00:00:00', 94, 1, 55000, '-', '-', '-', 11),
('2011-11-01 00:00:00', 114, 7, 5000, '-', '-', '-', 2),
('2011-11-01 00:00:00', 71, 15, 12000, '-', '-', '-', 4),
('2011-11-01 00:00:00', 80, 7, 17500, '-', '-', '-', 7),
('2011-11-01 00:00:00', 42, 15, 21000, '-', '-', '-', 7),
('2011-11-01 00:00:00', 47, 15, 18000, '-', '-', '-', 6),
('2011-11-01 00:00:00', 66, 7, 7500, '-', '-', '-', 3),
('2011-11-01 00:00:00', 66, 81, 5000, '-', '-', '-', 1),
('2011-11-01 00:00:00', 129, 7, 42500, '-', '-', '-', 17),
('2011-11-01 00:00:00', 129, 15, 3000, '-', '-', '-', 1),
('2011-11-01 00:00:00', 129, 81, 20000, '-', '-', '-', 4),
('2011-11-01 00:00:00', 65, 7, 5000, '-', '-', '-', 2),
('2011-11-01 00:00:00', 192, 1, 15000, '-', '-', '-', 3),
('2011-11-01 00:00:00', 46, 106, 170000, '-', '-', '-', 17),
('2011-11-01 00:00:00', 16, 106, 300000, '-', '-', '-', 30),
('2011-11-01 00:00:00', 38, 106, 220000, '-', '-', '-', 22),
('2011-11-01 00:00:00', 27, 106, 180000, '-', '-', '-', 18),
('2011-11-01 00:00:00', 52, 106, 220000, '-', '-', '-', 22),
('2011-11-01 00:00:00', 21, 106, 140000, '-', '-', '-', 14),
('2011-11-01 00:00:00', 29, 106, 110000, '-', '-', '-', 11),
('2011-11-01 00:00:00', 149, 42, 75000, '-', '-', '-', 2),
('2011-11-01 00:00:00', 149, 118, 50000, '-', '-', '-', 1),
('2011-11-01 00:00:00', 149, 95, 90000, '-', '-', '-', 6),
('2011-11-01 00:00:00', 141, 40, 187500, '-', '-', '-', 3),
('2011-11-01 00:00:00', 141, 47, 37500, '-', '-', '-', 1),
('2011-11-01 00:00:00', 141, 45, 62500, '-', '-', '-', 1),
('2011-11-01 00:00:00', 141, 41, 50000, '-', '-', '-', 1),
('2011-11-01 00:00:00', 141, 118, 200000, '-', '-', '-', 4),
('2011-11-01 00:00:00', 141, 95, 195000, '-', '-', '-', 13),
('2011-11-01 00:00:00', 154, 40, 312500, '-', '-', '-', 5),
('2011-11-01 00:00:00', 154, 42, 37500, '-', '-', '-', 1),
('2011-11-01 00:00:00', 154, 41, 100000, '-', '-', '-', 2),
('2011-11-01 00:00:00', 154, 44, 87500, '-', '-', '-', 1),
('2011-11-01 00:00:00', 150, 44, 175000, '-', '-', '-', 2),
('2011-11-01 00:00:00', 150, 40, 125000, '-', '-', '-', 2),
('2011-11-01 00:00:00', 150, 41, 100000, '-', '-', '-', 2),
('2011-11-01 00:00:00', 150, 42, 112500, '-', '-', '-', 3),
('2011-11-01 00:00:00', 150, 55, 125000, '-', '-', '-', 1),
('2011-11-01 00:00:00', 146, 40, 125000, '-', '-', '-', 2),
('2011-11-01 00:00:00', 146, 95, 75000, '-', '-', '-', 5),
('2011-11-01 00:00:00', 146, 118, 100000, '-', '-', '-', 2),
('2011-11-01 00:00:00', 150, 118, 250000, '-', '-', '-', 5),
('2011-11-01 00:00:00', 150, 95, 375000, '-', '-', '-', 25),
('2011-11-01 00:00:00', 154, 118, 300000, '-', '-', '-', 6),
('2011-11-01 00:00:00', 154, 95, 645000, '-', '-', '-', 43),
('2011-11-01 00:00:00', 197, 47, 37500, '-', '-', '-', 1),
('2011-11-01 00:00:00', 197, 46, 100000, '-', '-', '-', 2),
('2011-11-01 00:00:00', 197, 42, 150000, '-', '-', '-', 4),
('2011-11-01 00:00:00', 197, 113, 22500, '-', '-', '-', 3),
('2011-11-01 00:00:00', 197, 41, 50000, '-', '-', '-', 1),
('2011-11-01 00:00:00', 197, 40, 125000, '-', '-', '-', 2),
('2011-11-01 00:00:00', 197, 50, 100000, '-', '-', '-', 1),
('2011-11-01 00:00:00', 197, 118, 400000, '-', '-', '-', 8),
('2011-11-01 00:00:00', 197, 95, 300000, '-', '-', '-', 20),
('2011-11-01 00:00:00', 152, 63, 10000, '-', '-', '-', 1),
('2011-11-01 00:00:00', 152, 40, 125000, '-', '-', '-', 2),
('2011-11-01 00:00:00', 152, 44, 87500, '-', '-', '-', 1),
('2011-11-01 00:00:00', 152, 216, 6000, '-', '-', '-', 1),
('2011-11-01 00:00:00', 152, 98, 10000, '-', '-', '-', 1),
('2011-11-01 00:00:00', 152, 118, 200000, '-', '-', '-', 4),
('2011-11-01 00:00:00', 152, 95, 390000, '-', '-', '-', 26),
('2011-11-01 00:00:00', 153, 118, 250000, '-', '-', '-', 5),
('2011-11-01 00:00:00', 153, 95, 480000, '-', '-', '-', 32),
('2011-11-01 00:00:00', 153, 68, 15000, '-', '-', '-', 1),
('2011-11-01 00:00:00', 153, 47, 37500, '-', '-', '-', 1),
('2011-11-01 00:00:00', 153, 40, 62500, '-', '-', '-', 1),
('2011-11-01 00:00:00', 153, 50, 100000, '-', '-', '-', 1),
('2011-11-01 00:00:00', 153, 55, 375000, '-', '-', '-', 3),
('2011-11-01 00:00:00', 153, 52, 150000, '-', '-', '-', 2),
('2011-11-01 00:00:00', 199, 124, 13000, '-', '-', '-', 2),
('2011-11-01 00:00:00', 199, 125, 25000, '-', '-', '-', 5),
('2011-11-01 00:00:00', 199, 103, 15000, '-', '-', '-', 3),
('2011-11-01 00:00:00', 199, 104, 10000, '-', '-', '-', 1),
('2011-11-01 00:00:00', 199, 217, 5000, '-', '-', '-', 2),
('2011-11-01 00:00:00', 199, 78, 7500, '-', '-', '-', 3),
('2011-11-01 00:00:00', 199, 68, 30000, '-', '-', '-', 2),
('2011-11-01 00:00:00', 199, 218, 15000, '-', '-', '-', 3),
('2011-11-01 00:00:00', 199, 94, 360000, '-', '-', '-', 36),
('2011-11-01 00:00:00', 200, 101, 20000, '-', '-', '-', 1),
('2011-11-01 00:00:00', 200, 94, 30000, '-', '-', '-', 3),
('2011-11-01 00:00:00', 13, 28, 37500, '-', '-', '-', 5),
('2011-11-01 00:00:00', 19, 28, 7500, '-', '-', '-', 1),
('2011-11-01 00:00:00', 34, 28, 15000, '-', '-', '-', 2),
('2011-11-01 00:00:00', 34, 29, 45000, '-', '-', '-', 3),
('2011-11-01 00:00:00', 34, 30, 450000, '-', '-', '-', 3),
('2011-11-01 00:00:00', 54, 28, 75000, '-', '-', '-', 10),
('2011-11-01 00:00:00', 62, 28, 7500, '-', '-', '-', 1),
('2011-11-01 00:00:00', 124, 28, 82500, '-', '-', '-', 11),
('2011-11-01 00:00:00', 159, 22, 4800000, '-', '-', '-', 48),
('2011-11-01 00:00:00', 160, 22, 5500000, '-', '-', '-', 55),
('2011-11-01 00:00:00', 160, 23, 75000, '-', '-', '-', 1),
('2011-11-01 00:00:00', 162, 22, 1300000, '-', '-', '-', 13),
('2011-11-01 00:00:00', 162, 23, 7800000, '-', '-', '-', 104),
('2011-11-01 00:00:00', 162, 92, 80000, '-', '-', '-', 2),
('2011-11-01 00:00:00', 1, 23, 825000, '-', '-', '-', 11),
('2011-11-01 00:00:00', 1, 111, 2910000, '-', '-', '-', 97),
('2011-11-01 00:00:00', 169, 23, 600000, '-', '-', '-', 8),
('2011-11-01 00:00:00', 169, 92, 840000, '-', '-', '-', 21),
('2011-11-01 00:00:00', 166, 22, 1200000, '-', '-', '-', 12),
('2011-11-01 00:00:00', 166, 23, 150000, '-', '-', '-', 2),
('2011-11-01 00:00:00', 4, 23, 75000, '-', '-', '-', 1),
('2011-11-01 00:00:00', 4, 92, 4200000, '-', '-', '-', 105),
('2011-11-01 00:00:00', 203, 23, 75000, '-', '-', '-', 1),
('2011-11-01 00:00:00', 18, 92, 920000, '-', '-', '-', 23),
('2011-11-01 00:00:00', 21, 92, 320000, '-', '-', '-', 8),
('2011-11-01 00:00:00', 167, 24, 4400000, '-', '-', '-', 44),
('2011-11-01 00:00:00', 170, 24, 3500000, '-', '-', '-', 35),
('2011-11-01 00:00:00', 172, 24, 600000, '-', '-', '-', 6),
('2011-11-01 00:00:00', 201, 24, 3800000, '-', '-', '-', 38),
('2011-11-01 00:00:00', 199, 42, 37500, '-', '-', '-', 1),
('2011-12-01 00:00:00', 178, 190, 50000, 'Ivanna', 'I', '-', 2),
('2011-12-01 00:00:00', 183, 190, 50000, 'Ivanna', '-', '-', 2),
('2011-12-01 00:00:00', 183, 231, 600000, 'Ivanna', 'I', '-', 1),
('2011-12-02 00:00:00', 178, 188, 35000, 'Rina Sandra Puspita', 'III', '-', 2),
('2011-12-01 00:00:00', 185, 221, 300000, 'Rini Perwitasari', 'II', '-', 1),
('2011-12-01 00:00:00', 185, 172, 250000, 'Rina Sandra Puspita', 'III', '-', 1),
('2011-12-01 00:00:00', 185, 188, 35000, 'Rina Sandra Puspita', '-', '-', 2),
('2011-12-01 00:00:00', 185, 184, 20000, 'Rina Sandra Puspita', '-', '-', 1),
('2011-12-02 00:00:00', 182, 180, 350000, 'Dedeh Winingsih', 'II', '-', 1),
('2011-12-02 00:00:00', 182, 189, 20000, 'Dedeh Winingsih', '-', '-', 1),
('2011-12-01 00:00:00', 182, 195, 90000, 'Suryandari Istiqomah', 'vip', '-', 3),
('2011-12-01 00:00:00', 205, 232, 50000, 'Suryandari Istiqomah', 'vip', '-', 1),
('2011-12-01 00:00:00', 205, 236, 20000, 'Suryandari Istiqomah', '-', '-', 1),
('2011-12-01 00:00:00', 206, 188, 70000, 'An Quin Noya', 'III', '-', 4),
('2011-12-01 00:00:00', 186, 238, 600000, 'Ida Nyoman', 'I', '-', 1),
('2011-12-01 00:00:00', 186, 190, 50000, 'Ida Nyoman', '-', '-', 2),
('2011-12-02 00:00:00', 207, 172, 250000, 'Yunita Kurniawati', 'III', '-', 1),
('2011-12-01 00:00:00', 178, 188, 17500, 'Yunita K', 'III', '-', 1),
('2011-12-02 00:00:00', 182, 171, 500000, 'Hendria Saputri', 'I', '-', 1),
('2011-12-01 00:00:00', 182, 190, 75000, 'Hendria Saputri', '-', '-', 3),
('2011-12-02 00:00:00', 178, 190, 25000, 'Hendria Saputri', 'I', '-', 1),
('2011-12-01 00:00:00', 185, 171, 500000, 'Tutik Purwanti', 'I', '-', 1),
('2011-12-01 00:00:00', 208, 188, 35000, 'Winarti', '-', '-', 2),
('2011-12-03 00:00:00', 178, 190, 50000, 'Tutik Purwanti', 'I', '-', 2),
('2011-12-02 00:00:00', 182, 176, 0, 'Tasa Laurika', 'vip', '-', 0),
('2011-12-02 00:00:00', 182, 195, 0, 'Tasa Laurika', '-', '-', 0),
('2011-12-03 00:00:00', 178, 195, 30000, 'Tasa Laurika', 'vip', '-', 1),
('2011-12-01 00:00:00', 208, 178, 800000, 'Winarti', 'III', '-', 1),
('2011-12-02 00:00:00', 208, 159, 10000, 'Winarti', '-', '-', 1),
('2011-12-01 00:00:00', 210, 157, 400000, 'Winarti', 'III', '-', 1),
('2011-12-01 00:00:00', 180, 188, 35000, 'Winarti', 'III', '-', 2),
('2011-12-02 00:00:00', 207, 257, 800000, 'Rosalia Risangga', 'ODC', '-', 1),
('2011-12-02 00:00:00', 211, 258, 400000, 'Rosalia Risangga', 'ODC', '-', 1),
('2011-12-02 00:00:00', 179, 247, 150000, 'Rosalia Risangga', 'ODC', '-', 1),
('2011-12-02 00:00:00', 212, 171, 500000, 'Yuana any', 'I', '-', 1),
('2011-12-03 00:00:00', 212, 190, 25000, 'Yuana any', '-', '-', 1),
('2011-12-02 00:00:00', 179, 190, 75000, 'Yuana any', 'I', '-', 3),
('2011-12-03 00:00:00', 185, 188, 35000, 'Margaretha Sri W', 'III', '-', 2),
('2011-12-03 00:00:00', 185, 184, 20000, 'Margaretha Sri W', '-', '-', 1),
('2011-12-03 00:00:00', 184, 180, 350000, 'Sutarmi', 'II', '-', 1),
('2011-12-04 00:00:00', 184, 221, 300000, 'Ani Ruhayani', 'ODC', '-', 1),
('2011-12-04 00:00:00', 213, 165, 200000, 'Ani Ruhayani', 'ODC', '-', 1),
('2011-12-04 00:00:00', 183, 260, 500000, 'Rini Susilowati', 'I', '-', 1),
('2011-12-04 00:00:00', 184, 189, 20000, 'Mutiqotul Ummah', 'II', '-', 1),
('2011-12-04 00:00:00', 185, 169, 300000, 'Susana Tri Lestari', 'III', '-', 1),
('2011-12-04 00:00:00', 185, 184, 20000, 'Susana Tri Lestari', '-', '-', 1),
('2011-12-03 00:00:00', 206, 190, 50000, 'Bintang Kayla', 'I', '-', 2),
('2011-12-04 00:00:00', 186, 172, 250000, 'Zilda Puspitasari', 'III', '-', 1),
('2011-12-05 00:00:00', 186, 188, 17500, 'Zilda Puspitasari', '-', '-', 1),
('2011-12-05 00:00:00', 178, 188, 17500, 'Zilda Puspitasari', 'III', '-', 1),
('2011-12-04 00:00:00', 182, 180, 350000, 'Murti Ningsih', 'II', '-', 1),
('2011-12-04 00:00:00', 214, 184, 20000, 'Murti Ningsih', 'II', '-', 1),
('2011-12-02 00:00:00', 207, 275, 1800000, 'Esti Barokah', 'I', '-', 1),
('2011-12-02 00:00:00', 211, 281, 700000, 'Esti Barokah', 'I', '-', 1),
('2011-12-02 00:00:00', 182, 284, 1100000, 'Dewi Irawati P', 'II', '-', 1),
('2011-12-01 00:00:00', 182, 189, 100000, 'Dewi Irawati P', '-', '-', 5),
('2011-12-02 00:00:00', 179, 249, 250000, 'Dewi Irawati P', 'II', '-', 1),
('2011-12-03 00:00:00', 179, 189, 40000, 'Dewi Irawati P', '-', '-', 2),
('2011-12-02 00:00:00', 215, 163, 600000, 'Dewi Irawati P', 'II', '-', 1),
('2011-12-02 00:00:00', 214, 192, 1000000, 'Leni Hidayati', 'II', '-', 1),
('2011-12-02 00:00:00', 214, 189, 60000, 'Leni Hidayati', '-', '-', 3),
('2011-12-02 00:00:00', 179, 243, 175000, 'Leni Hidayati', 'II', '-', 1),
('2011-12-03 00:00:00', 179, 189, 40000, 'Leni Hidayati', 'II', '-', 2),
('2011-12-02 00:00:00', 211, 168, 500000, 'Leni Hidayati', 'II', '-', 1),
('2011-12-01 00:00:00', 179, 190, 275000, 'By Ratnawati', 'I', '-', 11),
('2011-12-05 00:00:00', 182, 171, 500000, 'Shoumiyatun', 'I', '-', 1),
('2011-12-05 00:00:00', 182, 190, 50000, 'Shoumiyatun', '-', '-', 2),
('2011-12-05 00:00:00', 178, 190, 25000, 'Shoumiyatun', 'I', '-', 1),
('2011-12-07 00:00:00', 178, 166, 15000, 'Shoumiyatun', '-', '-', 1),
('2011-12-04 00:00:00', 183, 171, 500000, 'Emyliana', 'I', '-', 1),
('2011-12-04 00:00:00', 183, 190, 75000, 'Emyliana', '-', '-', 3),
('2011-12-04 00:00:00', 178, 190, 25000, 'Emyliana', 'I', '-', 1),
('2011-12-03 00:00:00', 184, 178, 800000, 'Lina', 'III', '-', 1),
('2011-12-03 00:00:00', 184, 188, 35000, 'Lina', '-', '-', 2),
('2011-12-03 00:00:00', 179, 242, 150000, 'Lina', 'III', '-', 1),
('2011-12-03 00:00:00', 179, 188, 35000, 'Lina', '-', '-', 2),
('2011-12-03 00:00:00', 213, 157, 400000, 'Lina', 'III', '-', 1),
('2011-12-05 00:00:00', 183, 172, 250000, 'Ambar Mardianingsih', 'III', '-', 1),
('2011-12-06 00:00:00', 183, 188, 17500, 'Ambar Mardianingsih', '-', '-', 1),
('2011-12-06 00:00:00', 178, 188, 17500, 'Ambar Mardianingsih', 'III', '-', 1),
('2011-12-07 00:00:00', 178, 233, 10000, 'Ambar Mardianingsih', '-', '-', 1),
('2011-12-03 00:00:00', 185, 206, 1300000, 'Haryanti', 'I', '-', 1),
('2011-12-03 00:00:00', 185, 190, 75000, 'Haryanti', '-', '-', 3),
('2011-12-03 00:00:00', 179, 249, 250000, 'Haryanti', 'I', '-', 1),
('2011-12-05 00:00:00', 179, 190, 50000, 'Haryanti', 'I', '-', 2),
('2011-12-03 00:00:00', 210, 162, 700000, 'Haryanti', 'I', '-', 1),
('2011-12-05 00:00:00', 214, 188, 17500, 'Tutur Sriharni', 'III', '-', 1),
('2011-12-03 00:00:00', 214, 190, 75000, 'Monica rosyada', '-', '-', 3),
('2011-12-06 00:00:00', 185, 173, 350000, 'Dewi Puspitasari', 'II', '-', 1),
('2011-12-07 00:00:00', 185, 189, 20000, 'Dewi Puspitasari', 'II', '-', 1),
('2011-12-07 00:00:00', 178, 189, 20000, 'Dewi Puspitasari', 'II', '-', 1),
('2011-12-04 00:00:00', 183, 194, 0, 'Evi diana', '-', '-', 0),
('2011-12-04 00:00:00', 183, 195, 0, 'Evi Diana', 'vip', '-', 0),
('2011-12-04 00:00:00', 216, 249, 250000, 'Evi Diana', 'vip', '-', 1),
('2011-12-04 00:00:00', 216, 195, 90000, 'Evi Diana', 'vip', '-', 3),
('2011-12-04 00:00:00', 213, 156, 800000, 'Evi Diana', 'vip', '-', 1),
('2011-12-05 00:00:00', 182, 172, 250000, 'Rina Rahma', 'III', '-', 1),
('2011-12-05 00:00:00', 182, 188, 17500, 'Rina Rahma', '-', '-', 1),
('2011-12-07 00:00:00', 178, 188, 35000, 'Rina Rahma', 'III', '-', 2),
('2011-12-04 00:00:00', 183, 285, 1600000, 'Lidya Sitanggang', 'vvip', '-', 1),
('2011-12-04 00:00:00', 183, 222, 140000, 'Lidya Sitanggang', 'vvip', '-', 4),
('2011-12-04 00:00:00', 216, 254, 175000, 'Lidya Sitanggang', 'vvip', '-', 1),
('2011-12-05 00:00:00', 216, 222, 70000, 'Lidya Sitanggang', 'vvip', '-', 2),
('2011-12-04 00:00:00', 213, 229, 800000, 'Lidya Sitanggang', 'vvip', '-', 1),
('2011-12-06 00:00:00', 182, 172, 250000, 'Lia Aulia', 'III', '-', 1),
('2011-12-07 00:00:00', 178, 188, 17500, 'Lia Aulia', 'III', '-', 1),
('2011-12-06 00:00:00', 183, 171, 500000, 'Fransisca Arta', 'I', '-', 1),
('2011-12-06 00:00:00', 183, 190, 50000, 'Fransisca Arta', 'I', '-', 2),
('2011-12-06 00:00:00', 178, 190, 50000, 'Fransisca Arta', 'I', '-', 2),
('2011-12-06 00:00:00', 212, 257, 800000, 'Anastasya Ika', 'ODC', '-', 1),
('2011-12-06 00:00:00', 178, 159, 10000, 'Anastasya Ika', '-', '-', 1),
('2011-12-06 00:00:00', 215, 258, 400000, 'Anastasya Ika', 'ODC', '-', 1),
('2011-12-07 00:00:00', 212, 180, 350000, 'Dharis Anita', 'II', '-', 1),
('2011-12-07 00:00:00', 213, 165, 200000, 'Dharis Anita', 'II', '-', 1),
('2011-12-05 00:00:00', 212, 173, 350000, 'Tri Apririyanti', 'II', '-', 1),
('2011-12-06 00:00:00', 178, 189, 20000, 'Tri Apririyanti', 'II', '-', 1),
('2011-12-05 00:00:00', 183, 191, 1200000, 'Indah Susanti', '-', '-', 1),
('2011-12-06 00:00:00', 217, 272, 1300000, 'Sri Utari', 'ODC', '-', 1),
('2011-12-06 00:00:00', 210, 278, 500000, 'Sri Utari', 'ODC', '-', 1),
('2011-12-05 00:00:00', 205, 232, 50000, 'Rubiyem', 'III', '-', 1),
('2011-12-08 00:00:00', 218, 188, 17500, 'Agnes Parera', '-', '-', 1),
('2011-12-05 00:00:00', 186, 194, 1400000, 'Shinta Vajar', 'vip', '-', 1),
('2011-12-05 00:00:00', 186, 195, 60000, '-', '-', '-', 2),
('2011-12-05 00:00:00', 178, 245, 225000, 'Shinta Vajar', 'vip', '-', 1),
('2011-12-06 00:00:00', 183, 190, 75000, 'Indah Susanti', '-', '-', 3),
('2011-12-05 00:00:00', 211, 167, 700000, 'Shinta Vajar', 'vip', '-', 1),
('2011-12-06 00:00:00', 186, 195, 30000, 'Shinta Vajar', '-', '-', 1),
('2011-12-07 00:00:00', 185, 195, 30000, 'Shinta Vajar', '-', '-', 1),
('2011-12-06 00:00:00', 178, 195, 90000, 'Shinta Vajar', '-', '-', 3),
('2011-12-01 00:00:00', 183, 211, 300000, 'Yeni Indriastuti', '-', '-', 1),
('2011-12-01 00:00:00', 183, 179, 12500, 'Yeni Indriastuti', '-', '-', 1),
('2011-12-01 00:00:00', 183, 189, 40000, 'Yeni Indriastuti', '-', '-', 2),
('2011-12-01 00:00:00', 178, 189, 40000, 'Yeni Indriastuti', '-', '-', 2),
('2011-12-01 00:00:00', 178, 190, 75000, 'Ida Nyoman', '-', '-', 3),
('2011-12-01 00:00:00', 207, 188, 35000, 'Yunita Kurniawati', '-', '-', 2),
('2011-12-01 00:00:00', 185, 190, 50000, 'Tutik Purwanti', '-', '-', 2),
('2011-12-18 00:00:00', 210, 165, 200000, 'Deasy Fakhrurofi', '-', '-', 1),
('2011-12-02 00:00:00', 185, 188, 35000, 'Susana Tri Lestari', '-', '-', 2),
('2011-12-04 00:00:00', 214, 189, 20000, 'Murti Ningsih', '-', '-', 1),
('2011-12-01 00:00:00', 207, 190, 100000, 'Esti Barokah', '-', '-', 4),
('2011-12-04 00:00:00', 182, 190, 0, 'Lusia Nia', '-', '-', 0),
('2011-12-07 00:00:00', 182, 188, 17500, 'Lia Aulia', '-', '-', 1),
('2011-12-03 00:00:00', 214, 184, 20000, 'Monica rosyada', '-', '-', 1),
('2011-12-05 00:00:00', 214, 291, 1300000, 'Ely Rahmawati', '-', '-', 1),
('2011-12-05 00:00:00', 211, 298, 600000, 'Ely Rahmawati', '-', '-', 1),
('2011-12-05 00:00:00', 214, 190, 75000, 'Ely Rahmawati', '-', '-', 3),
('2011-12-06 00:00:00', 183, 239, 300000, 'Elyarti', '-', '-', 1),
('2011-12-07 00:00:00', 183, 188, 35000, 'Elyarti', '-', '-', 2),
('2011-12-06 00:00:00', 180, 313, 75000, 'Elyarti', '-', '-', 1),
('2011-12-07 00:00:00', 180, 188, 17500, 'Elyarti', '-', '-', 1),
('2011-12-05 00:00:00', 182, 178, 800000, 'Marini', '-', '-', 1),
('2011-12-06 00:00:00', 182, 188, 52500, 'Marini', '-', '-', 3),
('2011-12-05 00:00:00', 180, 242, 150000, 'Marini', '-', '-', 1),
('2011-12-06 00:00:00', 180, 188, 35000, 'Marini', '-', '-', 2),
('2011-12-05 00:00:00', 211, 157, 400000, 'Marini', '-', '-', 1),
('2011-12-08 00:00:00', 185, 169, 300000, 'Saminem', '-', '-', 1),
('2011-12-07 00:00:00', 214, 212, 200000, 'Astri Noviani', '-', '-', 1),
('2011-12-08 00:00:00', 178, 188, 17500, 'Astri Noviani', '-', '-', 1),
('2011-12-05 00:00:00', 178, 244, 200000, 'Indah Susanti', '-', '-', 1),
('2011-12-06 00:00:00', 178, 190, 75000, 'Indah Susanti', '-', '-', 3),
('2011-12-05 00:00:00', 211, 164, 600000, 'Indah Susanti', '-', '-', 1),
('2011-12-07 00:00:00', 185, 172, 250000, 'Esti Andayani', '-', '-', 1),
('2011-12-08 00:00:00', 185, 188, 17500, 'Esti Andayani', '-', '-', 1),
('2011-12-08 00:00:00', 178, 188, 17500, 'Esti Andayani', '-', '-', 1),
('2011-12-07 00:00:00', 182, 172, 250000, 'Komariah', '-', '-', 1),
('2011-12-08 00:00:00', 182, 188, 17500, 'Komariah', '-', '-', 1),
('2011-12-08 00:00:00', 178, 188, 17500, 'Komariah', '-', '-', 1),
('2011-12-06 00:00:00', 186, 191, 1200000, 'Retno srikandi', '-', '-', 1),
('2011-12-06 00:00:00', 186, 190, 75000, 'Retno srikandi', '-', '-', 3),
('2011-12-06 00:00:00', 178, 190, 100000, 'Retno srikandi', '-', '-', 4),
('2011-12-06 00:00:00', 215, 164, 600000, 'Retno srikandi', '-', '-', 1),
('2011-12-06 00:00:00', 185, 284, 1100000, 'Rina Harianti', '-', '-', 1),
('2011-12-07 00:00:00', 185, 189, 40000, 'Rina Harianti', '-', '-', 2),
('2011-12-06 00:00:00', 180, 249, 250000, 'Rina Harianti', '-', '-', 1),
('2011-12-07 00:00:00', 180, 189, 40000, 'Rina Harianti', '-', '-', 2),
('2011-12-06 00:00:00', 213, 163, 600000, 'Rina Harianti', '-', '-', 1),
('2011-12-08 00:00:00', 214, 169, 300000, 'Rahmawati Fitriatun', '-', '-', 1),
('2011-12-08 00:00:00', 214, 188, 17500, 'Rahmawati Fitriatun', '-', '-', 1),
('2011-12-08 00:00:00', 214, 184, 20000, 'Rahmawati Fitriatun', '-', '-', 1),
('2011-12-08 00:00:00', 182, 190, 125000, 'Dinny Wirawan', '-', '-', 5),
('2011-12-08 00:00:00', 208, 221, 300000, 'Wasiah prabaningtyas', '-', '-', 1),
('2011-12-08 00:00:00', 215, 165, 200000, 'Wasiah prabaningtyas', '-', '-', 1),
('2011-12-06 00:00:00', 218, 303, 600000, 'Agnes Parera', '-', '-', 1),
('2011-12-06 00:00:00', 210, 305, 300000, 'Agnes Parera', '-', '-', 1),
('2011-12-08 00:00:00', 212, 188, 17500, 'Lusi Mira Andini', '-', '-', 1),
('2011-12-08 00:00:00', 207, 188, 17500, 'Saliyem', '-', '-', 1),
('2011-12-09 00:00:00', 178, 188, 35000, 'Saliyem', '-', '-', 2),
('2011-12-07 00:00:00', 212, 189, 40000, 'Endang Indriyani', '-', '-', 2),
('2011-12-06 00:00:00', 182, 194, 1400000, 'Erika Setya', '-', '-', 1),
('2011-12-08 00:00:00', 182, 195, 60000, 'Erika Setya', '-', '-', 2),
('2011-12-07 00:00:00', 178, 195, 120000, 'Erika Setya', '-', '-', 4),
('2011-12-08 00:00:00', 182, 176, 0, 'Vivin Ratri', '-', '-', 0),
('2011-12-08 00:00:00', 182, 195, 0, 'Vivin Ratri', '-', '-', 0),
('2011-12-09 00:00:00', 178, 195, 60000, 'Vivin Ratri', '-', '-', 2),
('2011-12-08 00:00:00', 182, 173, 0, 'dr Elisabet Mewea', '-', '-', 0),
('2011-12-08 00:00:00', 182, 189, 0, 'dr Elisabet Mewea', '-', '-', 0),
('2011-12-09 00:00:00', 178, 189, 40000, 'dr Elisabet Mewea', '-', '-', 2),
('2011-12-09 00:00:00', 184, 188, 17500, 'Susilowati', '-', '-', 1),
('2011-12-09 00:00:00', 184, 184, 20000, 'Susilowati', '-', '-', 1),
('2011-12-09 00:00:00', 185, 189, 20000, 'Khusniyatun Basyiroh', '-', '-', 1),
('2011-12-09 00:00:00', 178, 189, 20000, 'Khusniyatun Basyiroh', '-', '-', 1),
('2011-12-07 00:00:00', 185, 187, 450000, 'Listyaningsih', '-', '-', 1),
('2011-12-08 00:00:00', 185, 189, 20000, 'Listyaningsih', '-', '-', 1),
('2011-12-07 00:00:00', 179, 314, 100000, 'Listyaningsih', '-', '-', 1),
('2011-12-08 00:00:00', 179, 189, 40000, 'Listyaningsih', '-', '-', 2),
('2011-12-09 00:00:00', 185, 169, 300000, 'Zulaikha Dewi', '-', '-', 1),
('2011-12-08 00:00:00', 182, 172, 250000, 'Nofi', '-', '-', 1),
('2011-12-09 00:00:00', 182, 188, 35000, 'Nofi', '-', '-', 2),
('2011-12-09 00:00:00', 178, 188, 35000, 'Nofi', '-', '-', 2),
('2011-12-08 00:00:00', 185, 171, 500000, 'Mayrinda Nor', '-', '-', 1),
('2011-12-08 00:00:00', 185, 190, 50000, 'Mayrinda Nor', '-', '-', 2),
('2011-12-08 00:00:00', 178, 190, 50000, 'Mayrinda Nor', '-', '-', 2),
('2011-12-08 00:00:00', 214, 169, 300000, 'Tutut Sri Harni', '-', '-', 1),
('2011-12-07 00:00:00', 214, 188, 52500, 'Tutut Sri Harni', '-', '-', 3),
('2011-12-09 00:00:00', 185, 318, 150000, 'Ana Dwi', '-', '-', 1),
('2011-12-01 00:00:00', 180, 188, 332500, 'By Andri Purwandari', '-', '-', 19),
('2011-12-08 00:00:00', 214, 222, 105000, 'Lintang Fitria', '-', '-', 3),
('2011-12-08 00:00:00', 214, 184, 20000, 'Lintang Fitria', '-', '-', 1),
('2011-12-10 00:00:00', 212, 169, 300000, 'Lusia Sri lestari', '-', '-', 1),
('2011-12-10 00:00:00', 211, 165, 200000, 'Lusia Sri lestari', '-', '-', 1),
('2011-12-07 00:00:00', 183, 177, 900000, 'Chen Chen Sulistyowati', '-', '-', 1),
('2011-12-08 00:00:00', 183, 188, 52500, 'Chen Chen Sulistyowati', '-', '-', 3),
('2011-12-07 00:00:00', 180, 249, 250000, 'Chen Chen Sulistyowati', '-', '-', 1),
('2011-12-07 00:00:00', 213, 160, 500000, 'Chen Chen Sulistyowati', '-', '-', 1),
('2011-12-07 00:00:00', 214, 177, 900000, 'Siyami', '-', '-', 1),
('2011-12-07 00:00:00', 214, 188, 52500, 'Siyami', '-', '-', 3),
('2011-12-07 00:00:00', 180, 249, 250000, 'Siyami', '-', '-', 1),
('2011-12-08 00:00:00', 180, 188, 35000, 'Siyami', '-', '-', 2),
('2011-12-07 00:00:00', 213, 160, 500000, 'Siyami', '-', '-', 1),
('2011-12-07 00:00:00', 183, 206, 1300000, 'Titik Haryati', '-', '-', 1),
('2011-12-08 00:00:00', 183, 190, 75000, 'Titik Haryati', '-', '-', 3),
('2011-12-07 00:00:00', 213, 162, 700000, 'Titik Haryati', '-', '-', 1),
('2011-12-07 00:00:00', 183, 206, 1300000, 'Tatik Nurhidayati', '-', '-', 1),
('2011-12-06 00:00:00', 183, 190, 125000, 'Tatik Nurhidayati', '-', '-', 5),
('2011-12-07 00:00:00', 178, 190, 75000, 'Tatik Nurhidayati', '-', '-', 3),
('2011-12-07 00:00:00', 215, 162, 700000, 'Tatik Nurhidayati', '-', '-', 1),
('2011-12-08 00:00:00', 212, 177, 900000, 'yuni Wartini', '-', '-', 1),
('2011-12-09 00:00:00', 212, 188, 35000, 'yuni Wartini', '-', '-', 2),
('2011-12-07 00:00:00', 180, 249, 250000, 'yuni Wartini', '-', '-', 1),
('2011-12-08 00:00:00', 180, 188, 35000, 'yuni Wartini', '-', '-', 2),
('2011-12-08 00:00:00', 213, 160, 500000, 'yuni Wartini', '-', '-', 1);
INSERT INTO `tindakan` (`tgl`, `id`, `tnd`, `jm`, `nm_pasien`, `kamar`, `diagnosa`, `jmlh`) VALUES
('2011-12-09 00:00:00', 219, 173, 350000, 'Zulaiha Nur Ramilah', '-', '-', 1),
('2011-12-09 00:00:00', 219, 189, 40000, 'Zulaiha Nur Ramilah', '-', '-', 2),
('2011-12-10 00:00:00', 178, 189, 20000, 'Zulaiha Nur Ramilah', '-', '-', 1),
('2011-12-09 00:00:00', 217, 256, 800000, 'Fitri Aningsih', '-', '-', 1),
('2011-12-09 00:00:00', 179, 319, 175000, 'Fitri Aningsih', '-', '-', 1),
('2011-12-09 00:00:00', 211, 157, 400000, 'Fitri Aningsih', '-', '-', 1),
('2011-12-07 00:00:00', 182, 191, 0, 'Nia Arisanti', '-', '-', 0),
('2011-12-07 00:00:00', 182, 190, 0, 'Nia Arisanti', '-', '-', 0),
('2011-12-07 00:00:00', 180, 244, 200000, 'Nia Arisanti', '-', '-', 1),
('2011-12-08 00:00:00', 180, 190, 50000, 'Nia Arisanti', '-', '-', 2),
('2011-12-07 00:00:00', 213, 164, 600000, 'Nia Arisanti', '-', '-', 1),
('2011-12-08 00:00:00', 179, 189, 60000, 'An Afnan', '-', '-', 3),
('2011-12-09 00:00:00', 179, 188, 35000, 'An Zhafran Arnatra', '-', '-', 2),
('2011-12-08 00:00:00', 220, 320, 50000, 'An Zhafran Arnatra', '-', '-', 1),
('2011-12-09 00:00:00', 185, 177, 900000, 'Tri Mulyani', '-', '-', 1),
('2011-12-09 00:00:00', 185, 188, 35000, 'Tri Mulyani', '-', '-', 2),
('2011-12-09 00:00:00', 179, 249, 250000, 'Tri Mulyani', '-', '-', 1),
('2011-12-10 00:00:00', 179, 188, 35000, 'Tri Mulyani', '-', '-', 2),
('2011-12-09 00:00:00', 211, 160, 500000, 'Tri Mulyani', '-', '-', 1),
('2011-12-10 00:00:00', 183, 188, 35000, 'Daning Tri Wahyuni', '-', '-', 2),
('2011-12-09 00:00:00', 183, 239, 300000, 'Daning Tri Wahyuni', '-', '-', 1),
('2011-12-10 00:00:00', 178, 188, 17500, 'Daning Tri Wahyuni', '-', '-', 1),
('2011-12-08 00:00:00', 185, 178, 800000, 'Veronica Yulyan', '-', '-', 1),
('2011-12-09 00:00:00', 185, 188, 52500, 'Veronica Yulyan', '-', '-', 3),
('2011-12-08 00:00:00', 180, 249, 250000, 'Veronica Yulyan', '-', '-', 1),
('2011-12-09 00:00:00', 180, 188, 35000, 'Veronica Yulyan', '-', '-', 2),
('2011-12-08 00:00:00', 210, 157, 400000, 'Veronica Yulyan', '-', '-', 1),
('2011-12-10 00:00:00', 185, 180, 350000, 'Niken Dwi Ismoyowati', '-', '-', 1),
('2011-12-08 00:00:00', 185, 189, 80000, 'Niken Dwi Ismoyowati', '-', '-', 4),
('2011-12-07 00:00:00', 185, 184, 20000, 'Niken Dwi Ismoyowati', '-', '-', 1),
('2011-12-10 00:00:00', 213, 165, 200000, 'Niken Dwi Ismoyowati', '-', '-', 1),
('2011-12-09 00:00:00', 183, 333, 750000, 'Wahyu Rista', '-', '-', 1),
('2011-12-10 00:00:00', 183, 222, 70000, 'Wahyu Rista', '-', '-', 2),
('2011-12-10 00:00:00', 178, 222, 35000, 'Wahyu Rista', '-', '-', 1),
('2011-12-08 00:00:00', 185, 206, 1300000, 'Nurul Dina', '-', '-', 1),
('2011-12-08 00:00:00', 185, 190, 100000, 'Nurul Dina', '-', '-', 4),
('2011-12-08 00:00:00', 180, 249, 250000, 'Nurul Dina', '-', '-', 1),
('2011-12-09 00:00:00', 180, 190, 50000, 'Nurul Dina', '-', '-', 2),
('2011-12-08 00:00:00', 215, 162, 700000, 'Nurul Dina', '-', '-', 1),
('2011-12-10 00:00:00', 183, 321, 350000, 'Purwaningsih', '-', '-', 1),
('2011-12-10 00:00:00', 212, 169, 300000, 'Fatina Wulan', '-', '-', 1),
('2011-12-08 00:00:00', 219, 192, 1000000, 'Ambarwati', '-', '-', 1),
('2011-12-09 00:00:00', 219, 189, 40000, 'Ambarwati', '-', '-', 2),
('2011-12-08 00:00:00', 180, 249, 250000, 'Ambarwati', '-', '-', 1),
('2011-12-09 00:00:00', 180, 189, 40000, 'Ambarwati', '-', '-', 2),
('2011-12-08 00:00:00', 210, 168, 500000, 'Ambarwati', '-', '-', 1),
('2011-12-11 00:00:00', 207, 189, 20000, 'Sri Hartati', '-', '-', 1),
('2011-12-10 00:00:00', 182, 171, 500000, 'Yenni Syahadatun', '-', '-', 1),
('2011-12-10 00:00:00', 182, 235, 15000, 'Yenni Syahadatun', '-', '-', 1),
('2011-12-11 00:00:00', 182, 190, 25000, 'Yenni Syahadatun', '-', '-', 1),
('2011-12-11 00:00:00', 178, 166, 15000, 'Yenni Syahadatun', '-', '-', 1),
('2011-12-12 00:00:00', 178, 190, 25000, 'Yenni Syahadatun', '-', '-', 1),
('2011-12-09 00:00:00', 219, 191, 1200000, 'Evi Widarusanti', '-', '-', 1),
('2011-12-09 00:00:00', 219, 190, 75000, 'Evi Widarusanti', '-', '-', 3),
('2011-12-09 00:00:00', 179, 244, 200000, 'Evi Widarusanti', '-', '-', 1),
('2011-12-10 00:00:00', 179, 190, 50000, 'Evi Widarusanti', '-', '-', 2),
('2011-12-09 00:00:00', 211, 164, 600000, 'Evi Widarusanti', '-', '-', 1),
('2011-12-08 00:00:00', 183, 177, 900000, 'Sarjiah', '-', '-', 1),
('2011-12-08 00:00:00', 183, 188, 87500, 'Sarjiah', '-', '-', 5),
('2011-12-10 00:00:00', 205, 232, 100000, 'Sarjiah', '-', '-', 2),
('2011-12-08 00:00:00', 205, 233, 10000, 'Sarjiah', '-', '-', 1),
('2011-12-08 00:00:00', 180, 249, 250000, 'Sarjiah', '-', '-', 1),
('2011-12-08 00:00:00', 180, 188, 35000, 'Sarjiah', '-', '-', 2),
('2011-12-08 00:00:00', 210, 160, 500000, 'Sarjiah', '-', '-', 1),
('2011-12-10 00:00:00', 185, 192, 1000000, 'Dianjeng Rahma Soraya', '-', '-', 1),
('2011-12-11 00:00:00', 185, 189, 40000, 'Dianjeng Rahma Soraya', '-', '-', 2),
('2011-12-10 00:00:00', 179, 243, 175000, 'Dianjeng Rahma Soraya', '-', '-', 1),
('2011-12-11 00:00:00', 179, 189, 40000, 'Dianjeng Rahma Soraya', '-', '-', 2),
('2011-12-10 00:00:00', 213, 168, 500000, 'Dianjeng Rahma Soraya', '-', '-', 1),
('2011-12-09 00:00:00', 207, 206, 1300000, 'Ajeng Novita', '-', '-', 1),
('2011-12-08 00:00:00', 207, 190, 100000, 'Ajeng Novita', '-', '-', 4),
('2011-12-09 00:00:00', 179, 244, 200000, 'Ajeng Novita', '-', '-', 1),
('2011-12-10 00:00:00', 179, 190, 50000, 'Ajeng Novita', '-', '-', 2),
('2011-12-09 00:00:00', 211, 164, 600000, 'Ajeng Novita', '-', '-', 1),
('2011-12-10 00:00:00', 212, 239, 300000, 'Umi Puji astuti', '-', '-', 1),
('2011-12-11 00:00:00', 212, 188, 17500, 'Umi Puji astuti', '-', '-', 1),
('2011-12-10 00:00:00', 178, 188, 17500, 'Umi Puji astuti', '-', '-', 1),
('2011-12-10 00:00:00', 182, 171, 500000, 'Tatik Winarti', '-', '-', 1),
('2011-12-09 00:00:00', 182, 190, 50000, 'Tatik Winarti', '-', '-', 2),
('2011-12-10 00:00:00', 179, 190, 25000, 'Tatik Winarti', '-', '-', 1),
('2011-12-08 00:00:00', 180, 188, 70000, 'Chen Chen Sulistyowati', '-', '-', 4),
('2011-12-11 00:00:00', 179, 189, 40000, 'An Aisyah Fatma', '-', '-', 2),
('2011-12-11 00:00:00', 179, 324, 70000, 'An Aisyah Fatma', '-', '-', 2),
('2011-12-10 00:00:00', 185, 227, 1400000, 'Lilik Farida', '-', '-', 1),
('2011-12-11 00:00:00', 185, 195, 90000, 'Lilik Farida', '-', '-', 3),
('2011-12-10 00:00:00', 179, 245, 225000, 'Lilik Farida', '-', '-', 1),
('2011-12-12 00:00:00', 179, 195, 60000, 'Lilik Farida', '-', '-', 2),
('2011-12-10 00:00:00', 210, 328, 800000, 'Lilik Farida', '-', '-', 1),
('2011-12-10 00:00:00', 185, 192, 1000000, 'Wiratna Sujarweni', '-', '-', 1),
('2011-12-11 00:00:00', 185, 168, 1500000, 'Wiratna Sujarweni', '-', '-', 3),
('2011-12-10 00:00:00', 179, 243, 175000, 'Wiratna Sujarweni', '-', '-', 1),
('2011-12-12 00:00:00', 179, 189, 40000, 'Wiratna Sujarweni', '-', '-', 2),
('2011-12-10 00:00:00', 213, 168, 500000, 'Wiratna Sujarweni', '-', '-', 1),
('2011-12-10 00:00:00', 214, 177, 900000, 'Rahmawati', '-', '-', 1),
('2011-12-10 00:00:00', 214, 188, 87500, 'Rahmawati', '-', '-', 5),
('2011-12-10 00:00:00', 179, 249, 250000, 'Rahmawati', '-', '-', 1),
('2011-12-12 00:00:00', 179, 188, 35000, 'Rahmawati', '-', '-', 2),
('2011-12-10 00:00:00', 213, 160, 500000, 'Rahmawati', '-', '-', 1),
('2011-12-12 00:00:00', 217, 171, 500000, 'Wiwin Lina Dewi', '-', '-', 1),
('2011-12-12 00:00:00', 217, 235, 15000, 'Wiwin Lina Dewi', '-', '-', 1),
('2011-12-13 00:00:00', 178, 190, 25000, 'Wiwin Lina Dewi', '-', '-', 1),
('2011-12-10 00:00:00', 182, 191, 1200000, 'Fathia Rosyida', '-', '-', 1),
('2011-12-10 00:00:00', 182, 190, 100000, 'Fathia Rosyida', '-', '-', 4),
('2011-12-10 00:00:00', 179, 244, 200000, 'Fathia Rosyida', '-', '-', 1),
('2011-12-12 00:00:00', 179, 190, 50000, 'Fathia Rosyida', '-', '-', 2),
('2011-12-10 00:00:00', 213, 164, 600000, 'Fathia Rosyida', '-', '-', 1),
('2011-12-11 00:00:00', 219, 333, 750000, 'Eni Sulistyowati', '-', '-', 1),
('2011-12-11 00:00:00', 219, 222, 70000, 'Eni Sulistyowati', '-', '-', 2),
('2011-12-12 00:00:00', 178, 222, 70000, 'Eni Sulistyowati', '-', '-', 2),
('2011-12-11 00:00:00', 182, 171, 500000, 'Via destiny', '-', '-', 1),
('2011-12-11 00:00:00', 182, 190, 50000, 'Via destiny', '-', '-', 2),
('2011-12-12 00:00:00', 178, 190, 50000, 'Via destiny', '-', '-', 2),
('2011-12-12 00:00:00', 185, 173, 350000, 'Rita Zahara', '-', '-', 1),
('2011-12-13 00:00:00', 185, 189, 20000, 'Rita Zahara', '-', '-', 1),
('2011-12-12 00:00:00', 185, 234, 12500, 'Rita Zahara', '-', '-', 1),
('2011-12-13 00:00:00', 178, 189, 20000, 'Rita Zahara', '-', '-', 1),
('2011-12-10 00:00:00', 183, 284, 1100000, 'Ermina Saraswati', '-', '-', 1),
('2011-12-11 00:00:00', 183, 189, 60000, 'Ermina Saraswati', '-', '-', 3),
('2011-12-10 00:00:00', 183, 234, 12500, 'Ermina Saraswati', '-', '-', 1),
('2011-12-10 00:00:00', 179, 249, 250000, 'Ermina Saraswati', '-', '-', 1),
('2011-12-12 00:00:00', 179, 189, 40000, 'Ermina Saraswati', '-', '-', 2),
('2011-12-10 00:00:00', 213, 163, 600000, 'Ermina Saraswati', '-', '-', 1),
('2011-12-10 00:00:00', 186, 182, 1000000, 'Bangkit Kuncari', '-', '-', 1),
('2011-12-10 00:00:00', 186, 233, 10000, 'Bangkit Kuncari', '-', '-', 1),
('2011-12-12 00:00:00', 186, 188, 35000, 'Bangkit Kuncari', '-', '-', 2),
('2011-12-10 00:00:00', 179, 242, 150000, 'Bangkit Kuncari', '-', '-', 1),
('2011-12-12 00:00:00', 179, 188, 35000, 'Bangkit Kuncari', '-', '-', 2),
('2011-12-10 00:00:00', 213, 161, 500000, 'Bangkit Kuncari', '-', '-', 1),
('2011-12-11 00:00:00', 182, 178, 800000, 'Isneningtyas Yulianti', '-', '-', 1),
('2011-12-10 00:00:00', 182, 233, 10000, 'Isneningtyas Yulianti', '-', '-', 1),
('2011-12-11 00:00:00', 182, 188, 52500, 'Isneningtyas Yulianti', '-', '-', 3),
('2011-12-11 00:00:00', 180, 242, 150000, 'Isneningtyas Yulianti', '-', '-', 1),
('2011-12-12 00:00:00', 180, 188, 35000, 'Isneningtyas Yulianti', '-', '-', 2),
('2011-12-11 00:00:00', 210, 157, 400000, 'Isneningtyas Yulianti', '-', '-', 1),
('2011-12-10 00:00:00', 185, 178, 800000, 'Nurgiyanti', '-', '-', 1),
('2011-12-10 00:00:00', 185, 233, 10000, 'Nurgiyanti', '-', '-', 1),
('2011-12-11 00:00:00', 185, 188, 52500, 'Nurgiyanti', '-', '-', 3),
('2011-12-10 00:00:00', 179, 242, 150000, 'Nurgiyanti', '-', '-', 1),
('2011-12-12 00:00:00', 179, 188, 35000, 'Nurgiyanti', '-', '-', 2),
('2011-12-10 00:00:00', 210, 157, 400000, 'Nurgiyanti', '-', '-', 1),
('2011-12-10 00:00:00', 221, 232, 50000, 'Sundari', '-', '-', 1),
('2011-12-12 00:00:00', 183, 188, 35000, 'Nur Pujiyani', '-', '-', 2),
('2011-12-12 00:00:00', 185, 239, 300000, 'Suwar Pujiatun', '-', '-', 1),
('2011-12-13 00:00:00', 185, 188, 17500, 'Suwar Pujiatun', '-', '-', 1),
('2011-12-12 00:00:00', 180, 313, 75000, 'Suwar Pujiatun', '-', '-', 1),
('2011-12-13 00:00:00', 180, 188, 17500, 'Suwar Pujiatun', '-', '-', 1),
('2011-12-11 00:00:00', 212, 256, 800000, 'Anwariyah', '-', '-', 1),
('2011-12-11 00:00:00', 180, 247, 150000, 'Anwariyah', '-', '-', 1),
('2011-12-11 00:00:00', 210, 334, 400000, 'Anwariyah', '-', '-', 1),
('2011-12-12 00:00:00', 183, 184, 20000, 'Woro Pujiastuti', '-', '-', 1),
('2011-12-12 00:00:00', 185, 335, 400000, 'Woro Pujiastuti', '-', '-', 1),
('2011-12-12 00:00:00', 217, 256, 800000, 'Erna Yuniatun', '-', '-', 1),
('2011-12-12 00:00:00', 179, 247, 150000, 'Erna Yuniatun', '-', '-', 1),
('2011-12-12 00:00:00', 211, 334, 400000, 'Erna Yuniatun', '-', '-', 1),
('2011-12-11 00:00:00', 180, 188, 52500, 'An Febri Firman', '-', '-', 3),
('2011-12-11 00:00:00', 180, 323, 70000, 'An Febri Firman', '-', '-', 2),
('2011-12-12 00:00:00', 219, 336, 300000, 'Armina De Puspa', '-', '-', 1),
('2011-12-11 00:00:00', 219, 189, 20000, 'Armina De Puspa', '-', '-', 1),
('2011-12-11 00:00:00', 214, 206, 1300000, 'Sri Purwaningsih', '-', '-', 1),
('2011-12-11 00:00:00', 214, 190, 100000, 'Sri Purwaningsih', '-', '-', 4),
('2011-12-11 00:00:00', 180, 249, 250000, 'Sri Purwaningsih', '-', '-', 1),
('2011-12-12 00:00:00', 180, 190, 75000, 'Sri Purwaningsih', '-', '-', 3),
('2011-12-11 00:00:00', 210, 162, 700000, 'Sri Purwaningsih', '-', '-', 1),
('2011-12-11 00:00:00', 183, 178, 800000, 'Sri ambar', '-', '-', 1),
('2011-12-12 00:00:00', 183, 188, 52500, 'Sri ambar', '-', '-', 3),
('2011-12-11 00:00:00', 180, 242, 150000, 'Sri ambar', '-', '-', 1),
('2011-12-12 00:00:00', 180, 188, 52500, 'Sri ambar', '-', '-', 3),
('2011-12-11 00:00:00', 210, 334, 400000, 'Sri ambar', '-', '-', 1),
('2011-12-12 00:00:00', 183, 171, 500000, 'Mery Marvilina', '-', '-', 1),
('2011-12-13 00:00:00', 183, 190, 50000, 'Mery Marvilina', '-', '-', 2),
('2011-12-14 00:00:00', 178, 190, 50000, 'Mery Marvilina', '-', '-', 2),
('2011-12-13 00:00:00', 214, 171, 500000, 'Novika Purwindah', '-', '-', 1),
('2011-12-13 00:00:00', 214, 190, 75000, 'Novika Purwindah', '-', '-', 3),
('2011-12-14 00:00:00', 178, 190, 25000, 'Novika Purwindah', '-', '-', 1),
('2011-12-11 00:00:00', 208, 186, 1400000, 'Siti Nurjanah', '-', '-', 1),
('2011-12-12 00:00:00', 208, 190, 75000, 'Siti Nurjanah', '-', '-', 3),
('2011-12-11 00:00:00', 180, 244, 200000, 'Siti Nurjanah', '-', '-', 1),
('2011-12-12 00:00:00', 180, 190, 75000, 'Siti Nurjanah', '-', '-', 3),
('2011-12-11 00:00:00', 210, 330, 700000, 'Siti Nurjanah', '-', '-', 1),
('2011-12-12 00:00:00', 184, 189, 60000, 'Noviani Dwi Astuti', '-', '-', 3),
('2011-12-12 00:00:00', 184, 184, 60000, 'Noviani Dwi Astuti', '-', '-', 3),
('2011-12-12 00:00:00', 208, 184, 20000, 'Noviani Dwi Astuti', '-', '-', 1),
('2011-12-12 00:00:00', 185, 186, 1400000, 'Ennit Wulandari', '-', '-', 1),
('2011-12-13 00:00:00', 185, 190, 75000, 'Ennit Wulandari', '-', '-', 3),
('2011-12-12 00:00:00', 178, 190, 100000, 'Ennit Wulandari', '-', '-', 4),
('2011-12-12 00:00:00', 211, 330, 700000, 'Ennit Wulandari', '-', '-', 1),
('2011-12-13 00:00:00', 185, 172, 250000, 'Atik Suryanti', '-', '-', 1),
('2011-12-13 00:00:00', 185, 188, 35000, 'Atik Suryanti', '-', '-', 2),
('2011-12-14 00:00:00', 178, 188, 17500, 'Atik Suryanti', '-', '-', 1),
('2011-12-13 00:00:00', 185, 173, 350000, 'Novri sartika', '-', '-', 1),
('2011-12-13 00:00:00', 185, 189, 40000, 'Novri sartika', '-', '-', 2),
('2011-12-13 00:00:00', 178, 189, 40000, 'Novri sartika', '-', '-', 2),
('2011-12-14 00:00:00', 214, 169, 300000, 'Yusri Damayati', '-', '-', 1),
('2011-12-14 00:00:00', 214, 188, 52500, 'Yusri Damayati', '-', '-', 3),
('2011-12-14 00:00:00', 213, 165, 200000, 'Yusri Damayati', '-', '-', 1),
('2011-12-11 00:00:00', 212, 178, 800000, 'Galuh Dwi Fajarwati', '-', '-', 1),
('2011-12-11 00:00:00', 212, 188, 52500, 'Galuh Dwi Fajarwati', '-', '-', 3),
('2011-12-11 00:00:00', 180, 242, 150000, 'Galuh Dwi Fajarwati', '-', '-', 1),
('2011-12-12 00:00:00', 180, 188, 52500, 'Galuh Dwi Fajarwati', '-', '-', 3),
('2011-12-11 00:00:00', 210, 157, 400000, 'Galuh Dwi Fajarwati', '-', '-', 1),
('2011-12-12 00:00:00', 212, 341, 800000, 'Istoqomah', '-', '-', 1),
('2011-12-13 00:00:00', 178, 188, 17500, 'Istiqomah', '-', '-', 1),
('2011-12-12 00:00:00', 213, 342, 400000, 'istiqomah', '-', '-', 1),
('2011-12-13 00:00:00', 182, 189, 20000, 'Kristin', '-', '-', 1),
('2011-12-13 00:00:00', 212, 256, 800000, 'Tri Hartini', '-', '-', 1),
('2011-12-14 00:00:00', 178, 188, 17500, 'Tri Hartini', '-', '-', 1),
('2011-12-13 00:00:00', 211, 334, 400000, 'Tri Hartini', '-', '-', 1),
('2011-12-14 00:00:00', 178, 188, 17500, 'Pri Wahyuni', '-', '-', 1),
('2011-12-13 00:00:00', 207, 257, 800000, 'Pri Wahyuni', '-', '-', 1),
('2011-12-13 00:00:00', 215, 334, 400000, 'Pri Wahyuni', '-', '-', 1),
('2011-12-13 00:00:00', 185, 256, 800000, 'Septi Dwi Widayati', '-', '-', 1),
('2011-12-13 00:00:00', 178, 247, 150000, 'Septi Dwi Widayati', '-', '-', 1),
('2011-12-13 00:00:00', 213, 334, 400000, 'Septi Dwi Widayati', '-', '-', 1),
('2011-12-14 00:00:00', 185, 221, 300000, 'Emmy Amalia', '-', '-', 1),
('2011-12-14 00:00:00', 213, 165, 200000, 'Emmy Amalia', '-', '-', 1),
('2011-12-14 00:00:00', 183, 172, 250000, 'Marlita Paliyama', '-', '-', 1),
('2011-12-15 00:00:00', 183, 188, 17500, 'Marlita Paliyama', '-', '-', 1),
('2011-12-14 00:00:00', 178, 188, 35000, 'Marlita Paliyama', '-', '-', 2),
('2011-12-12 00:00:00', 182, 209, 0, 'Melia Nur Pratiwi', '-', '-', 0),
('2011-12-11 00:00:00', 182, 195, 0, 'Melia Nur Pratiwi', '-', '-', 0),
('2011-12-12 00:00:00', 178, 195, 90000, 'Melia Nur Pratiwi', '-', '-', 3),
('2011-12-12 00:00:00', 213, 156, 800000, 'Melia Nur Pratiwi', '-', '-', 1),
('2011-12-12 00:00:00', 182, 333, 0, 'Dian Ratu Kusuma', '-', '-', 0),
('2011-12-13 00:00:00', 182, 222, 0, 'Dian Ratu Kusuma', '-', '-', 0),
('2011-12-14 00:00:00', 178, 222, 70000, 'Dian Ratu Kusuma', '-', '-', 2),
('2011-12-13 00:00:00', 182, 188, 35000, 'Herlina Utari', '-', '-', 2),
('2011-12-14 00:00:00', 214, 173, 350000, 'Fitri Puspitasari', '-', '-', 1),
('2011-12-15 00:00:00', 214, 189, 20000, 'Fitri Puspitasari', '-', '-', 1),
('2011-12-15 00:00:00', 178, 189, 20000, 'Fitri Puspitasari', '-', '-', 1),
('2011-12-13 00:00:00', 182, 195, 0, 'Lusia Nia Kurnianti', '-', '-', 0),
('2011-12-15 00:00:00', 219, 343, 700000, 'Tina Andriany', '-', '-', 1),
('2011-12-15 00:00:00', 219, 222, 70000, 'Tina Andriany', '-', '-', 2),
('2011-12-14 00:00:00', 183, 173, 0, 'Nanik Purwaningsih', '-', '-', 0),
('2011-12-15 00:00:00', 183, 189, 0, 'Nanik Purwaningsih', '-', '-', 0),
('2011-12-15 00:00:00', 178, 189, 40000, 'Nanik Purwaningsih', '-', '-', 2),
('2011-12-15 00:00:00', 219, 176, 650000, 'Anita Wiyani', '-', '-', 1),
('2011-12-15 00:00:00', 186, 195, 60000, 'Anita Wiyani', '-', '-', 2),
('2011-12-15 00:00:00', 178, 195, 60000, 'Anita Wiyani', '-', '-', 2),
('2011-12-14 00:00:00', 219, 182, 1000000, 'Arini Liviandari', '-', '-', 1),
('2011-12-14 00:00:00', 219, 188, 52500, 'Arini Liviandari', '-', '-', 3),
('2011-12-14 00:00:00', 180, 242, 150000, 'arini liviandari', '-', '-', 1),
('2011-12-15 00:00:00', 180, 188, 35000, 'Arini Liviandari', '-', '-', 2),
('2011-12-14 00:00:00', 213, 161, 500000, 'Arini Liviandari', '-', '-', 1),
('2011-12-13 00:00:00', 219, 284, 1100000, 'Pungki Nora Prastanti', '-', '-', 1),
('2011-12-14 00:00:00', 219, 189, 60000, 'Pungki Nora Prastanti', '-', '-', 3),
('2011-12-13 00:00:00', 178, 249, 250000, 'Pungki Nora Prastanti', '-', '-', 1),
('2011-12-14 00:00:00', 178, 189, 60000, 'Pungki Nora Prastanti', '-', '-', 3),
('2011-12-13 00:00:00', 211, 163, 600000, 'Pungki Nora Prastanti', '-', '-', 1),
('2011-12-15 00:00:00', 214, 172, 250000, 'Rina Amalia', '-', '-', 1),
('2011-12-15 00:00:00', 214, 188, 35000, 'Rina Amalia', '-', '-', 2),
('2011-12-16 00:00:00', 178, 188, 17500, 'Rina Amalia', '-', '-', 1),
('2011-12-14 00:00:00', 182, 171, 500000, 'Windawati', '-', '-', 1),
('2011-12-14 00:00:00', 182, 190, 75000, 'Windawati', '-', '-', 3),
('2011-12-15 00:00:00', 178, 190, 50000, 'Windawati', '-', '-', 2),
('2011-12-14 00:00:00', 185, 344, 700000, 'Rika Wahyuni', '-', '-', 1),
('2011-12-15 00:00:00', 185, 190, 50000, 'Rika Wahyuni', '-', '-', 2),
('2011-12-14 00:00:00', 213, 399, 350000, 'Rika Wahyuni', '-', '-', 1),
('2011-12-15 00:00:00', 182, 171, 500000, 'Huriyatin', '-', '-', 1),
('2011-12-15 00:00:00', 182, 190, 50000, 'Huriyatin', '-', '-', 2),
('2011-12-15 00:00:00', 178, 190, 50000, 'Huriyatin', '-', '-', 2),
('2011-12-13 00:00:00', 212, 178, 800000, 'Mitha Diana', '-', '-', 1),
('2011-12-13 00:00:00', 212, 188, 52500, 'Mitha Diana', '-', '-', 3),
('2011-12-14 00:00:00', 178, 188, 52500, 'Mitha Diana', '-', '-', 3),
('2011-12-13 00:00:00', 211, 157, 400000, 'Mitha Diana', '-', '-', 1),
('2011-12-15 00:00:00', 185, 301, 600000, 'Sherly', '-', '-', 1),
('2011-12-15 00:00:00', 213, 165, 200000, 'Sherly', '-', '-', 1),
('2011-12-14 00:00:00', 212, 192, 1000000, 'Rolis Haryunik', '-', '-', 1),
('2011-12-15 00:00:00', 212, 189, 40000, 'Rolis Haryunik', '-', '-', 2),
('2011-12-14 00:00:00', 180, 189, 20000, 'Rolis Haryunik', '-', '-', 1),
('2011-12-14 00:00:00', 215, 168, 500000, 'Rolis Haryunik', '-', '-', 1),
('2011-12-15 00:00:00', 208, 256, 800000, 'Pujiyanti', '-', '-', 1),
('2011-12-15 00:00:00', 180, 247, 150000, 'Pujiyanti', '-', '-', 1),
('2011-12-15 00:00:00', 213, 334, 400000, 'Pujiyanti', '-', '-', 1),
('2011-12-15 00:00:00', 183, 173, 350000, 'Ari setyowati', '-', '-', 1),
('2011-12-16 00:00:00', 183, 189, 40000, 'Ari setyowati', '-', '-', 2),
('2011-12-16 00:00:00', 178, 189, 40000, 'Ari setyowati', '-', '-', 2),
('2011-12-15 00:00:00', 207, 190, 75000, 'Dini Hidayati', '-', '-', 3),
('2011-12-15 00:00:00', 207, 184, 20000, 'Dini Hidayati', '-', '-', 1),
('2011-12-14 00:00:00', 207, 191, 1200000, 'Lutfi Nur Hidayati', '-', '-', 1),
('2011-12-13 00:00:00', 207, 190, 100000, 'Lutfi Nur Hidayati', '-', '-', 4),
('2011-12-14 00:00:00', 180, 244, 200000, 'Lutfi Nur Hidayati', '-', '-', 1),
('2011-12-15 00:00:00', 180, 190, 50000, 'Lutfi Nur Hidayati', '-', '-', 2),
('2011-12-14 00:00:00', 213, 164, 600000, 'Lutfi Nur Hidayati', '-', '-', 1),
('2011-12-17 00:00:00', 186, 193, 400000, 'Suratmi', '-', '-', 1),
('2011-12-17 00:00:00', 180, 188, 17500, 'Felicya Quenby', '-', '-', 1),
('2011-12-17 00:00:00', 180, 323, 35000, 'Felicya Quenby', '-', '-', 1),
('2011-12-16 00:00:00', 182, 188, 35000, 'Faramita Angras', '-', '-', 2),
('2011-12-15 00:00:00', 186, 178, 800000, 'Pipit Wulandari', '-', '-', 1),
('2011-12-16 00:00:00', 186, 188, 52500, 'Pipit Wulandari', '-', '-', 3),
('2011-12-15 00:00:00', 180, 249, 250000, 'Pipit Wulandari', '-', '-', 1),
('2011-12-16 00:00:00', 180, 188, 35000, 'Pipit Wulandari', '-', '-', 2),
('2011-12-15 00:00:00', 213, 157, 400000, 'Pipit Wulandari', '-', '-', 1),
('2011-12-17 00:00:00', 183, 188, 35000, 'Anik retno', '-', '-', 2),
('2011-12-15 00:00:00', 185, 191, 1200000, 'Reny Oktaria', '-', '-', 1),
('2011-12-16 00:00:00', 185, 190, 50000, 'Reny Oktaria', '-', '-', 2),
('2011-12-15 00:00:00', 180, 249, 250000, 'Reny Oktaria', '-', '-', 1),
('2011-12-16 00:00:00', 180, 190, 25000, 'Reny Oktaria', '-', '-', 1),
('2011-12-15 00:00:00', 213, 164, 600000, 'Reny Oktaria', '-', '-', 1),
('2011-12-18 00:00:00', 214, 188, 17500, 'Iis Muryani', '-', '-', 1),
('2011-12-16 00:00:00', 212, 188, 17500, 'Diah Lestari', '-', '-', 1),
('2011-12-17 00:00:00', 212, 233, 10000, 'Diah Lestari', '-', '-', 1),
('2011-12-17 00:00:00', 183, 172, 250000, 'Riyanti', '-', '-', 1),
('2011-12-17 00:00:00', 178, 188, 17500, 'Riyanti', '-', '-', 1),
('2011-12-16 00:00:00', 185, 235, 15000, 'Sri Lestari', '-', '-', 1),
('2011-12-17 00:00:00', 185, 190, 50000, 'Sri Lestari', '-', '-', 2),
('2011-12-16 00:00:00', 214, 195, 60000, 'Anggraini Linda', '-', '-', 2),
('2011-12-18 00:00:00', 207, 174, 600000, 'Deasy Farurofiati', '-', '-', 1),
('2011-12-19 00:00:00', 207, 222, 35000, 'Deasy Farurofiati', '-', '-', 1),
('2011-12-15 00:00:00', 185, 188, 0, 'Tukilah', '-', '-', 0),
('2011-12-17 00:00:00', 212, 256, 800000, 'Yunita Eka', '-', '-', 1),
('2011-12-17 00:00:00', 179, 242, 150000, 'Yunita Eka', '-', '-', 1),
('2011-12-17 00:00:00', 213, 334, 400000, 'Yunita Eka', '-', '-', 1),
('2011-12-15 00:00:00', 214, 178, 800000, 'Ana Meita Ningrum', '-', '-', 1),
('2011-12-15 00:00:00', 214, 188, 70000, 'Ana Meita Ningrum', '-', '-', 4),
('2011-12-15 00:00:00', 180, 249, 250000, 'Ana Meita Ningrum', '-', '-', 1),
('2011-12-16 00:00:00', 180, 188, 35000, 'Ana Meita Ningrum', '-', '-', 2),
('2011-12-15 00:00:00', 213, 157, 400000, 'Ana Meita Ningrum', '-', '-', 1),
('2011-12-17 00:00:00', 183, 173, 350000, 'Sinta Eka', '-', '-', 1),
('2011-12-18 00:00:00', 183, 189, 20000, 'Sinta Eka', '-', '-', 1),
('2011-12-17 00:00:00', 179, 189, 20000, 'Sinta Eka', '-', '-', 1),
('2011-12-18 00:00:00', 217, 256, 800000, 'Erni Dwi', '-', '-', 1),
('2011-12-18 00:00:00', 210, 334, 400000, 'Erni Dwi', '-', '-', 1),
('2011-12-18 00:00:00', 216, 247, 150000, 'Erni Dwi', '-', '-', 1),
('2011-12-16 00:00:00', 185, 178, 800000, 'Muryani', '-', '-', 1),
('2011-12-17 00:00:00', 185, 188, 52500, 'Muryani', '-', '-', 3),
('2011-12-16 00:00:00', 179, 242, 150000, 'Muryani', '-', '-', 1),
('2011-12-17 00:00:00', 179, 188, 35000, 'Muryani', '-', '-', 2),
('2011-12-16 00:00:00', 211, 157, 400000, 'Muryani', '-', '-', 1),
('2011-12-16 00:00:00', 183, 192, 0, 'Agustin Hermawati', '-', '-', 0),
('2011-12-16 00:00:00', 183, 189, 0, 'Agustin Hermawati', '-', '-', 0),
('2011-12-16 00:00:00', 179, 243, 175000, 'Agustin Hermawati', '-', '-', 1),
('2011-12-17 00:00:00', 179, 189, 40000, 'Agustin Hermawati', '-', '-', 2),
('2011-12-16 00:00:00', 211, 168, 500000, 'Agustin Hermawati', '-', '-', 1),
('2011-12-18 00:00:00', 208, 345, 450000, 'Fernanda Kloatubun', '-', '-', 1),
('2011-12-16 00:00:00', 208, 190, 75000, 'Fernanda Kloatubun', '-', '-', 3),
('2011-12-18 00:00:00', 178, 190, 50000, 'Fernanda Kloatubun', '-', '-', 2),
('2011-12-18 00:00:00', 208, 205, 300000, 'Pipin', '-', '-', 1),
('2011-12-19 00:00:00', 208, 189, 20000, 'Pipin', '-', '-', 1),
('2011-12-18 00:00:00', 216, 251, 100000, 'Pipin', '-', '-', 1),
('2011-12-19 00:00:00', 216, 234, 12500, 'Pipin', '-', '-', 1),
('2011-12-20 00:00:00', 216, 189, 20000, 'Pipin', '-', '-', 1),
('2011-12-18 00:00:00', 185, 176, 650000, 'Atik Sudaryati', '-', '-', 1),
('2011-12-18 00:00:00', 185, 195, 60000, 'Atik Sudaryati', '-', '-', 2),
('2011-12-19 00:00:00', 178, 195, 30000, 'Atik Sudaryati', '-', '-', 1),
('2011-12-18 00:00:00', 219, 171, 500000, 'Novita Kusuma', '-', '-', 1),
('2011-12-19 00:00:00', 219, 190, 25000, 'Novita Kusuma', '-', '-', 1),
('2011-12-19 00:00:00', 178, 190, 25000, 'Novita Kusuma', '-', '-', 1),
('2011-12-17 00:00:00', 185, 172, 250000, 'Lani Setiyawati', '-', '-', 1),
('2011-12-18 00:00:00', 185, 188, 17500, 'Lani Setiyawati', '-', '-', 1),
('2011-12-18 00:00:00', 178, 233, 20000, 'Lani Setiyawati', '-', '-', 2),
('2011-12-18 00:00:00', 214, 171, 500000, 'Lintang Fitriasari', '-', '-', 1),
('2011-12-18 00:00:00', 214, 190, 50000, 'Lintang Fitriasari', '-', '-', 2),
('2011-12-19 00:00:00', 178, 190, 25000, 'Lintang Fitriasari', '-', '-', 1),
('2011-12-17 00:00:00', 185, 177, 900000, 'Nurul Hasanah', '-', '-', 1),
('2011-12-18 00:00:00', 185, 188, 35000, 'Nurul Hasanah', '-', '-', 2),
('2011-12-17 00:00:00', 179, 249, 250000, 'Nurul Hasanah', '-', '-', 1),
('2011-12-18 00:00:00', 179, 188, 35000, 'Nurul Hasanah', '-', '-', 2),
('2011-12-17 00:00:00', 213, 160, 500000, 'Nurul Hasanah', '-', '-', 1),
('2011-12-17 00:00:00', 214, 191, 1200000, 'Susi Untari', '-', '-', 1),
('2011-12-16 00:00:00', 214, 190, 75000, 'Susi Untari', '-', '-', 3),
('2011-12-17 00:00:00', 179, 244, 200000, 'Susi Untari', '-', '-', 1),
('2011-12-19 00:00:00', 179, 190, 25000, 'Susi Untari', '-', '-', 1),
('2011-12-17 00:00:00', 213, 164, 600000, 'Susi Untari', '-', '-', 1),
('2011-12-17 00:00:00', 214, 346, 1000000, 'Wiwin Lisnawati', '-', '-', 1),
('2011-12-17 00:00:00', 214, 188, 52500, 'Wiwin Lisnawati', '-', '-', 3),
('2011-12-17 00:00:00', 179, 242, 150000, 'Wiwin Lisnawati', '-', '-', 1),
('2011-12-17 00:00:00', 213, 348, 500000, 'Wiwin Lisnawati', '-', '-', 1),
('2011-12-17 00:00:00', 183, 188, 52500, 'Harini', '-', '-', 3),
('2011-12-19 00:00:00', 183, 184, 20000, 'Harini', '-', '-', 1),
('2011-12-19 00:00:00', 183, 188, 17500, 'Zelika Putri', '-', '-', 1),
('2011-12-19 00:00:00', 183, 184, 20000, 'Zelika Putri', '-', '-', 1),
('2011-12-19 00:00:00', 183, 180, 350000, 'Rosmanita', '-', '-', 1),
('2011-12-19 00:00:00', 183, 189, 20000, 'Rosmanita', '-', '-', 1),
('2011-12-19 00:00:00', 183, 196, 25000, 'Rosmanita', '-', '-', 1),
('2011-12-19 00:00:00', 211, 165, 200000, 'Rosmanita', '-', '-', 1),
('2011-12-19 00:00:00', 183, 173, 350000, 'Sulistyorini', '-', '-', 1),
('2011-12-20 00:00:00', 183, 189, 20000, 'Sulistyorini', '-', '-', 1),
('2011-12-19 00:00:00', 179, 189, 40000, 'Sulistyorini', '-', '-', 2),
('2011-12-17 00:00:00', 185, 191, 1200000, 'Yun Setiawati', '-', '-', 1),
('2011-12-18 00:00:00', 185, 190, 75000, 'Yun Setiawati', '-', '-', 3),
('2011-12-17 00:00:00', 179, 244, 200000, 'Yun Setiawati', '-', '-', 1),
('2011-12-18 00:00:00', 179, 190, 50000, 'Yun Setiawati', '-', '-', 2),
('2011-12-17 00:00:00', 213, 164, 600000, 'Yun Setiawati', '-', '-', 1),
('2011-12-18 00:00:00', 182, 176, 650000, 'Silvia kusumaningrum', '-', '-', 1),
('2011-12-19 00:00:00', 182, 195, 90000, 'Silvia kusumaningrum', '-', '-', 3),
('2011-12-18 00:00:00', 182, 184, 20000, 'Silvia kusumaningrum', '-', '-', 1),
('2011-12-20 00:00:00', 178, 195, 60000, 'Silvia kusumaningrum', '-', '-', 2),
('2011-12-19 00:00:00', 182, 171, 0, 'Septi Ambarwati', '-', '-', 0),
('2011-12-19 00:00:00', 182, 190, 0, 'Septi Ambarwati', '-', '-', 0),
('2011-12-20 00:00:00', 178, 190, 25000, 'Septi Ambarwati', '-', '-', 1),
('2011-12-19 00:00:00', 216, 190, 50000, 'An Bily', '-', '-', 2),
('2011-12-18 00:00:00', 216, 325, 100000, 'An Bily', '-', '-', 2),
('2011-12-15 00:00:00', 179, 188, 52500, 'An raditya', '-', '-', 3),
('2011-12-20 00:00:00', 207, 169, 300000, 'Dwi Indah', '-', '-', 1),
('2011-12-20 00:00:00', 207, 188, 35000, 'Dwi Indah', '-', '-', 2),
('2011-12-20 00:00:00', 213, 165, 200000, 'Dwi Indah', '-', '-', 1),
('2011-12-20 00:00:00', 183, 173, 350000, 'Tista Yudhariani', '-', '-', 1),
('2011-12-21 00:00:00', 183, 189, 20000, 'Tista Yudhariani', '-', '-', 1),
('2011-12-20 00:00:00', 178, 189, 40000, 'Tista Yudhariani', '-', '-', 2),
('2011-12-18 00:00:00', 182, 191, 1200000, 'Atik Bariyatun', '-', '-', 1),
('2011-12-19 00:00:00', 182, 190, 50000, 'Atik Bariyatun', '-', '-', 2),
('2011-12-19 00:00:00', 182, 184, 20000, 'Atik Bariyatun', '-', '-', 1),
('2011-12-18 00:00:00', 216, 244, 200000, 'Atik Bariyatun', '-', '-', 1),
('2011-12-19 00:00:00', 216, 190, 50000, 'Atik Bariyatun', '-', '-', 2),
('2011-12-01 00:00:00', 181, 405, 300000, 'Susiati', '-', '-', 1),
('2011-12-20 00:00:00', 183, 172, 250000, 'Megawani harahap', '-', '-', 1),
('2011-12-21 00:00:00', 183, 188, 17500, 'Megawani harahap', '-', '-', 1),
('2011-12-21 00:00:00', 178, 188, 17500, 'Megawani harahap', '-', '-', 1),
('2011-12-20 00:00:00', 183, 172, 250000, 'Helen Maria', '-', '-', 1),
('2011-12-20 00:00:00', 183, 188, 35000, 'Helen Maria', '-', '-', 2),
('2011-12-21 00:00:00', 178, 188, 17500, 'Helen Maria', '-', '-', 1),
('2011-12-19 00:00:00', 214, 345, 450000, 'Fitri Sri', '-', '-', 1),
('2011-12-19 00:00:00', 214, 190, 50000, 'Fitri Sri', '-', '-', 2),
('2011-12-20 00:00:00', 178, 190, 50000, 'Fitri Sri', '-', '-', 2),
('2011-12-20 00:00:00', 208, 239, 300000, 'Dwi Wahyuningsih', '-', '-', 1),
('2011-12-21 00:00:00', 208, 188, 17500, 'Dwi Wahyuningsih', '-', '-', 1),
('2011-12-20 00:00:00', 178, 188, 35000, 'Dwi Wahyuningsih', '-', '-', 2),
('2011-12-20 00:00:00', 208, 188, 17500, 'Hesti setya', '-', '-', 1),
('2011-12-20 00:00:00', 180, 188, 35000, 'An Alvina', '-', '-', 2),
('2011-12-20 00:00:00', 180, 323, 70000, 'An Alvina', '-', '-', 2),
('2011-12-18 00:00:00', 182, 191, 1200000, 'Yeni Krisnawati', '-', '-', 1),
('2011-12-15 00:00:00', 182, 190, 175000, 'Yeni Krisnawati', '-', '-', 7),
('2011-12-18 00:00:00', 210, 164, 600000, 'Yeni Krisnawati', '-', '-', 1),
('2011-12-18 00:00:00', 216, 190, 100000, 'Yeni Krisnawati', '-', '-', 4),
('2011-12-18 00:00:00', 207, 190, 125000, 'Ajeng Candra', '-', '-', 5),
('2011-12-18 00:00:00', 207, 184, 20000, 'Ajeng Candra', '-', '-', 1),
('2011-12-21 00:00:00', 207, 196, 25000, 'Ajeng Candra', '-', '-', 1),
('2011-12-19 00:00:00', 183, 206, 0, 'dr Candra Safitri', '-', '-', 0),
('2011-12-20 00:00:00', 183, 190, 0, 'dr Candra Safitri', '-', '-', 0),
('2011-12-19 00:00:00', 179, 249, 250000, 'dr Candra Safitri', '-', '-', 1),
('2011-12-20 00:00:00', 179, 190, 75000, 'dr Candra Safitri', '-', '-', 3),
('2011-12-22 00:00:00', 212, 173, 350000, 'Sri Sumiarsih', '-', '-', 1),
('2011-12-22 00:00:00', 212, 189, 20000, 'Sri Sumiarsih', '-', '-', 1),
('2011-12-21 00:00:00', 178, 190, 25000, 'Sri Sumiarsih', '-', '-', 1),
('2011-12-21 00:00:00', 182, 171, 500000, 'Dyah setyorini', '-', '-', 1),
('2011-12-21 00:00:00', 182, 190, 25000, 'Dyah setyorini', '-', '-', 1),
('2011-12-22 00:00:00', 178, 190, 25000, 'Dyah setyorini', '-', '-', 1),
('2011-12-21 00:00:00', 183, 172, 250000, 'Gladies', '-', '-', 1),
('2011-12-22 00:00:00', 183, 188, 17500, 'Gladies', '-', '-', 1),
('2011-12-22 00:00:00', 178, 188, 17500, 'Gladies', '-', '-', 1),
('2011-12-21 00:00:00', 185, 172, 250000, 'Sri Wahyuni', '-', '-', 1),
('2011-12-22 00:00:00', 185, 188, 17500, 'Sri Wahyuni', '-', '-', 1),
('2011-12-22 00:00:00', 178, 188, 17500, 'Sri Wahyuni', '-', '-', 1),
('2011-12-19 00:00:00', 186, 350, 1800000, 'Arianti', '-', '-', 1),
('2011-12-20 00:00:00', 186, 222, 105000, 'Arianti', '-', '-', 3),
('2011-12-19 00:00:00', 211, 351, 900000, 'Arianti', '-', '-', 1),
('2011-12-19 00:00:00', 179, 222, 245000, 'Arianti', '-', '-', 7),
('2011-12-19 00:00:00', 183, 178, 800000, 'Siti Jahroh', '-', '-', 1),
('2011-12-20 00:00:00', 183, 188, 52500, 'Siti Jahroh', '-', '-', 3),
('2011-12-19 00:00:00', 179, 242, 150000, 'Siti Jahroh', '-', '-', 1),
('2011-12-20 00:00:00', 179, 188, 52500, 'Siti Jahroh', '-', '-', 3),
('2011-12-19 00:00:00', 211, 157, 400000, 'Siti Jahroh', '-', '-', 1),
('2011-12-19 00:00:00', 182, 192, 1000000, 'Aziza Rusmaladewi', '-', '-', 1),
('2011-12-20 00:00:00', 182, 189, 60000, 'Aziza Rusmaladewi', '-', '-', 3),
('2011-12-20 00:00:00', 178, 189, 60000, 'Aziza Rusmaladewi', '-', '-', 3),
('2011-12-19 00:00:00', 211, 168, 500000, 'Aziza Rusmaladewi', '-', '-', 1),
('2011-12-21 00:00:00', 207, 257, 800000, 'Ervina arumingtyas', '-', '-', 1),
('2011-12-21 00:00:00', 213, 258, 400000, 'Ervina arumingtyas', '-', '-', 1),
('2011-12-20 00:00:00', 217, 272, 1300000, 'Maimunah', '-', '-', 1),
('2011-12-20 00:00:00', 213, 278, 500000, 'Maimunah', '-', '-', 1),
('2011-12-20 00:00:00', 183, 209, 1500000, 'Sri muryanti', '-', '-', 1),
('2011-12-20 00:00:00', 183, 195, 90000, 'Sri muryanti', '-', '-', 3),
('2011-12-20 00:00:00', 178, 195, 90000, 'Sri muryanti', '-', '-', 3),
('2011-12-20 00:00:00', 210, 167, 700000, 'Sri muryanti', '-', '-', 1),
('2011-12-21 00:00:00', 217, 256, 800000, 'Leni Ambarwati', '-', '-', 1),
('2011-12-21 00:00:00', 180, 247, 150000, 'Leni Ambarwati', '-', '-', 1),
('2011-12-21 00:00:00', 213, 334, 400000, 'Leni Ambarwati', '-', '-', 1),
('2011-12-19 00:00:00', 214, 189, 80000, 'Tri Handayani', '-', '-', 4),
('2011-12-21 00:00:00', 182, 190, 0, 'dr Anggia Rinjani', '-', '-', 0),
('2011-12-22 00:00:00', 214, 171, 500000, 'Damayanti Suprobo', '-', '-', 1),
('2011-12-21 00:00:00', 214, 190, 50000, 'Damayanti Suprobo', '-', '-', 2),
('2011-12-23 00:00:00', 178, 190, 25000, 'Damayanti Suprobo', '-', '-', 1),
('2011-12-22 00:00:00', 185, 172, 250000, 'Josefa Paula', '-', '-', 1),
('2011-12-22 00:00:00', 185, 188, 17500, 'Josefa Paula', '-', '-', 1),
('2011-12-22 00:00:00', 178, 188, 35000, 'Josefa Paula', '-', '-', 2),
('2011-12-23 00:00:00', 185, 172, 250000, 'Latifa Fitriyanti', '-', '-', 1),
('2011-12-23 00:00:00', 178, 188, 17500, 'Latifa Fitriyanti', '-', '-', 1),
('2011-12-21 00:00:00', 221, 234, 12500, 'Sundari', '-', '-', 1),
('2011-12-22 00:00:00', 221, 232, 50000, 'Sundari', '-', '-', 1),
('2011-12-20 00:00:00', 212, 192, 1000000, 'Sri Wantutik', '-', '-', 1),
('2011-12-22 00:00:00', 212, 189, 20000, 'Sri Wantutik', '-', '-', 1),
('2011-12-21 00:00:00', 178, 189, 60000, 'Sri Wantutik', '-', '-', 3),
('2011-12-20 00:00:00', 213, 168, 500000, 'Sri Wantutik', '-', '-', 1),
('2011-12-20 00:00:00', 212, 178, 800000, 'Etik Supriyati', '-', '-', 1),
('2011-12-22 00:00:00', 212, 188, 17500, 'Etik Supriyati', '-', '-', 1),
('2011-12-21 00:00:00', 178, 188, 52500, 'Etik Supriyati', '-', '-', 3),
('2011-12-20 00:00:00', 213, 157, 400000, 'Etik Supriyati', '-', '-', 1),
('2011-12-21 00:00:00', 186, 256, 800000, 'Sri Sutarmi', '-', '-', 1),
('2011-12-21 00:00:00', 180, 247, 150000, 'Sri Sutarmi', '-', '-', 1),
('2011-12-21 00:00:00', 213, 334, 400000, 'Sri Sutarmi', '-', '-', 1),
('2011-12-23 00:00:00', 217, 256, 800000, 'Lusianawati', '-', '-', 1),
('2011-12-23 00:00:00', 180, 247, 150000, 'Lusianawati', '-', '-', 1),
('2011-12-23 00:00:00', 210, 334, 400000, 'Lusianawati', '-', '-', 1),
('2011-12-20 00:00:00', 208, 289, 900000, 'Wartini', '-', '-', 1),
('2011-12-19 00:00:00', 208, 188, 70000, 'Wartini', '-', '-', 4),
('2011-12-20 00:00:00', 210, 296, 400000, 'Wartini', '-', '-', 1),
('2011-12-22 00:00:00', 206, 323, 35000, 'An Umi Sunniyah', '-', '-', 1),
('2011-12-21 00:00:00', 207, 188, 70000, 'Ika Permatasari', '-', '-', 4),
('2011-12-21 00:00:00', 207, 188, 70000, 'Rapsiah Fatrafi', '-', '-', 4),
('2011-12-23 00:00:00', 185, 171, 500000, 'Nuke Nurtasiyah', '-', '-', 1),
('2011-12-23 00:00:00', 185, 190, 50000, 'Nuke Nurtasiyah', '-', '-', 2),
('2011-12-23 00:00:00', 178, 190, 50000, 'Nuke Nurtasiyah', '-', '-', 2),
('2011-12-23 00:00:00', 182, 188, 35000, 'Sri Budi Mintarsih', '-', '-', 2),
('2011-12-23 00:00:00', 179, 188, 35000, 'Sri Budi Mintarsih', '-', '-', 2),
('2011-12-22 00:00:00', 214, 172, 250000, 'Mursidah', '-', '-', 1),
('2011-12-21 00:00:00', 214, 188, 70000, 'Mursidah', '-', '-', 4),
('2011-12-23 00:00:00', 178, 188, 35000, 'Mursidah', '-', '-', 2),
('2011-12-23 00:00:00', 183, 173, 350000, 'Adek Unita', '-', '-', 1),
('2011-12-23 00:00:00', 183, 189, 40000, 'Adek Unita', '-', '-', 2),
('2011-12-24 00:00:00', 178, 189, 20000, 'Adek Unita', '-', '-', 1),
('2011-12-23 00:00:00', 183, 180, 350000, 'Febri delvi', '-', '-', 1),
('2011-12-23 00:00:00', 183, 189, 20000, 'Febri delvi', '-', '-', 1),
('2011-12-23 00:00:00', 211, 165, 200000, 'Febri delvi', '-', '-', 1),
('2011-12-21 00:00:00', 186, 191, 1200000, 'Andri Dewi Astuti', '-', '-', 1),
('2011-12-21 00:00:00', 186, 190, 75000, 'Andri Dewi Astuti', '-', '-', 3),
('2011-12-24 00:00:00', 185, 190, 25000, 'Andri Dewi Astuti', '-', '-', 1),
('2011-12-21 00:00:00', 180, 249, 250000, 'Andri Dewi Astuti', '-', '-', 1),
('2011-12-22 00:00:00', 180, 190, 75000, 'Andri Dewi Astuti', '-', '-', 3),
('2011-12-21 00:00:00', 213, 164, 600000, 'Andri Dewi Astuti', '-', '-', 1),
('2011-12-21 00:00:00', 186, 191, 1200000, 'Feria nani', '-', '-', 1),
('2011-12-23 00:00:00', 186, 190, 50000, 'Feria nani', '-', '-', 2),
('2011-12-21 00:00:00', 180, 249, 250000, 'Feria nani', '-', '-', 1),
('2011-12-22 00:00:00', 180, 190, 75000, 'Feria nani', '-', '-', 3),
('2011-12-21 00:00:00', 213, 164, 600000, 'Feria nani', '-', '-', 1),
('2011-12-23 00:00:00', 183, 303, 600000, 'Suprapti', '-', '-', 1),
('2011-12-24 00:00:00', 183, 188, 17500, 'Suprapti', '-', '-', 1),
('2011-12-23 00:00:00', 211, 305, 300000, 'Suprapti', '-', '-', 1),
('2011-12-22 00:00:00', 185, 190, 75000, 'Erlita Eka', '-', '-', 3),
('2011-12-21 00:00:00', 207, 289, 900000, 'Ruyanti', '-', '-', 1),
('2011-12-20 00:00:00', 207, 188, 70000, 'Ruyanti', '-', '-', 4),
('2011-12-20 00:00:00', 207, 196, 25000, 'Ruyanti', '-', '-', 1),
('2011-12-21 00:00:00', 213, 296, 400000, 'Ruyanti', '-', '-', 1),
('2011-12-24 00:00:00', 182, 345, 450000, 'Marini candra', '-', '-', 1),
('2011-12-24 00:00:00', 182, 190, 50000, 'Marini', '-', '-', 2),
('2011-12-24 00:00:00', 178, 190, 25000, 'Marini', '-', '-', 1),
('2011-12-24 00:00:00', 185, 188, 52500, 'Kustinah', '-', '-', 3),
('2011-12-22 00:00:00', 185, 184, 20000, 'Kustinah', '-', '-', 1),
('2011-12-23 00:00:00', 185, 191, 1200000, 'Yuliana Kartikasari', '-', '-', 1),
('2011-12-23 00:00:00', 185, 190, 50000, 'Yuliana Kartikasari', '-', '-', 2),
('2011-12-23 00:00:00', 180, 249, 250000, 'Yuliana Kartikasari', '-', '-', 1),
('2011-12-23 00:00:00', 180, 190, 50000, 'Yuliana Kartikasari', '-', '-', 2),
('2011-12-23 00:00:00', 210, 164, 600000, 'Yuliana Kartikasari', '-', '-', 1),
('2011-12-24 00:00:00', 183, 171, 500000, 'Ceria Mustika', '-', '-', 1),
('2011-12-25 00:00:00', 183, 190, 25000, 'Ceria Mustika', '-', '-', 1),
('2011-12-24 00:00:00', 178, 190, 25000, 'Ceria Mustika', '-', '-', 1),
('2011-12-24 00:00:00', 183, 172, 250000, 'Enik Suprapti', '-', '-', 1),
('2011-12-25 00:00:00', 183, 188, 17500, 'Enik Suprapti', '-', '-', 1),
('2011-12-24 00:00:00', 178, 188, 17500, 'Enik Suprapti', '-', '-', 1),
('2011-12-24 00:00:00', 182, 223, 0, 'Ida Ayu K', '-', '-', 0),
('2011-12-24 00:00:00', 178, 190, 0, 'Ida Ayu K', '-', '-', 0),
('2011-12-22 00:00:00', 182, 206, 1300000, 'Titik Kurnia', '-', '-', 1),
('2011-12-21 00:00:00', 182, 190, 125000, 'Titik Kurnia', '-', '-', 5),
('2011-12-21 00:00:00', 182, 184, 20000, 'Titik Kurnia', '-', '-', 1),
('2011-12-22 00:00:00', 180, 249, 250000, 'Titik Kurnia', '-', '-', 1),
('2011-12-23 00:00:00', 180, 190, 50000, 'Titik Kurnia', '-', '-', 2),
('2011-12-22 00:00:00', 213, 164, 600000, 'Titik Kurnia', '-', '-', 1),
('2011-12-23 00:00:00', 208, 172, 250000, 'Helga Papilaya', '-', '-', 1),
('2011-12-25 00:00:00', 208, 188, 17500, 'Helga Papilaya', '-', '-', 1),
('2011-12-23 00:00:00', 178, 188, 17500, 'Helga Papilaya', '-', '-', 1),
('2011-12-20 00:00:00', 205, 234, 12500, 'Tn Bagus', '-', '-', 1),
('2011-12-21 00:00:00', 205, 232, 200000, 'Tn Bagus', '-', '-', 4),
('2011-12-25 00:00:00', 182, 221, 0, 'dr Ari Dwi Ratna', '-', '-', 0),
('2011-12-24 00:00:00', 185, 172, 250000, 'Dewi Ratnawati', '-', '-', 1),
('2011-12-25 00:00:00', 185, 188, 17500, 'Dewi Ratnawati', '-', '-', 1),
('2011-12-24 00:00:00', 179, 188, 17500, 'Dewi Ratnawati', '-', '-', 1),
('2011-12-25 00:00:00', 179, 233, 10000, 'Dewi Ratnawati', '-', '-', 1),
('2011-12-25 00:00:00', 214, 169, 300000, 'Supriyati', '-', '-', 1),
('2011-12-25 00:00:00', 214, 188, 17500, 'Supriyati', '-', '-', 1),
('2011-12-25 00:00:00', 222, 165, 200000, 'Supriyati', '-', '-', 1),
('2011-12-22 00:00:00', 207, 177, 900000, 'Isniah', '-', '-', 1),
('2011-12-22 00:00:00', 207, 188, 70000, 'Isniah', '-', '-', 4),
('2011-12-22 00:00:00', 207, 184, 20000, 'Isniah', '-', '-', 1),
('2011-12-22 00:00:00', 180, 249, 250000, 'Isniah', '-', '-', 1),
('2011-12-23 00:00:00', 180, 188, 52500, 'Isniah', '-', '-', 3),
('2011-12-22 00:00:00', 210, 157, 400000, 'Isniah', '-', '-', 1),
('2011-12-24 00:00:00', 183, 172, 250000, 'Dharma Febrie', '-', '-', 1),
('2011-12-24 00:00:00', 183, 188, 35000, 'Dharma Febrie', '-', '-', 2),
('2011-12-24 00:00:00', 178, 188, 17500, 'Dharma Febrie', '-', '-', 1),
('2011-12-25 00:00:00', 178, 233, 10000, 'Dharma Febrie', '-', '-', 1),
('2011-12-26 00:00:00', 219, 188, 17500, 'Atik Wijayanti', '-', '-', 1),
('2011-12-26 00:00:00', 178, 188, 17500, 'Atik Wijayanti', '-', '-', 1),
('2011-12-24 00:00:00', 183, 169, 300000, 'Eny Sulistyowati', '-', '-', 1),
('2011-12-23 00:00:00', 207, 257, 800000, 'Windi Ujianti', '-', '-', 1),
('2011-12-23 00:00:00', 179, 247, 150000, 'Windi Ujianti', '-', '-', 1),
('2011-12-23 00:00:00', 211, 334, 400000, 'Windi Ujianti', '-', '-', 1),
('2011-12-25 00:00:00', 214, 171, 500000, 'Yaniek Amanati', '-', '-', 1),
('2011-12-25 00:00:00', 214, 190, 50000, 'Yaniek Amanati', '-', '-', 2),
('2011-12-26 00:00:00', 178, 190, 75000, 'Yaniek Amanati', '-', '-', 3),
('2011-12-25 00:00:00', 185, 172, 250000, 'Amanda Luciani', '-', '-', 1),
('2011-12-26 00:00:00', 185, 188, 17500, 'Amanda Luciani', '-', '-', 1),
('2011-12-25 00:00:00', 206, 188, 17500, 'Amanda Luciani', '-', '-', 1),
('2011-12-25 00:00:00', 182, 173, 350000, 'Roro Sriwulandari', '-', '-', 1),
('2011-12-26 00:00:00', 182, 189, 20000, 'Roro Sriwulandari', '-', '-', 1),
('2011-12-26 00:00:00', 178, 189, 40000, 'Roro Sriwulandari', '-', '-', 2),
('2011-12-23 00:00:00', 207, 188, 17500, 'Aleysia', '-', '-', 1),
('2011-12-25 00:00:00', 182, 172, 250000, 'Oktavia Ratna', '-', '-', 1),
('2011-12-24 00:00:00', 182, 233, 10000, 'Oktavia Ratna', '-', '-', 1),
('2011-12-26 00:00:00', 182, 188, 17500, 'Oktavia Ratna', '-', '-', 1),
('2011-12-26 00:00:00', 178, 188, 52500, 'Oktavia Ratna', '-', '-', 3),
('2011-12-25 00:00:00', 182, 193, 0, 'Diah Susanti', '-', '-', 0),
('2011-12-25 00:00:00', 222, 165, 0, 'Diah Susanti', '-', '-', 0),
('2011-12-25 00:00:00', 182, 171, 500000, 'Ira Puspita', '-', '-', 1),
('2011-12-25 00:00:00', 182, 190, 50000, 'Ira Puspita', '-', '-', 2),
('2011-12-26 00:00:00', 178, 190, 75000, 'Ira Puspita', '-', '-', 3),
('2011-12-25 00:00:00', 217, 272, 1300000, 'Supini', '-', '-', 1),
('2011-12-25 00:00:00', 222, 278, 500000, 'Supini', '-', '-', 1),
('2011-12-23 00:00:00', 182, 194, 1400000, 'Yovita', '-', '-', 1),
('2011-12-23 00:00:00', 182, 195, 120000, 'Yovita', '-', '-', 4),
('2011-12-23 00:00:00', 179, 245, 225000, 'Yovita', '-', '-', 1),
('2011-12-24 00:00:00', 179, 195, 90000, 'Yovita', '-', '-', 3),
('2011-12-23 00:00:00', 211, 167, 700000, 'Yovita', '-', '-', 1),
('2011-12-25 00:00:00', 217, 256, 800000, 'Jarwanti', '-', '-', 1),
('2011-12-25 00:00:00', 222, 334, 400000, 'Jarwanti', '-', '-', 1),
('2011-12-23 00:00:00', 207, 209, 1500000, 'Clara Yunizha', '-', '-', 1),
('2011-12-22 00:00:00', 207, 195, 150000, 'Clara Yunizha', '-', '-', 5),
('2011-12-22 00:00:00', 207, 184, 20000, 'Clara Yunizha', '-', '-', 1),
('2011-12-23 00:00:00', 179, 249, 250000, 'Clara Yunizha', '-', '-', 1),
('2011-12-24 00:00:00', 179, 195, 60000, 'Clara Yunizha', '-', '-', 2),
('2011-12-23 00:00:00', 211, 156, 800000, 'Clara Yunizha', '-', '-', 1),
('2011-12-23 00:00:00', 184, 192, 1000000, 'Widya Ningrum', '-', '-', 1),
('2011-12-23 00:00:00', 184, 189, 40000, 'Widya Ningrum', '-', '-', 2),
('2011-12-23 00:00:00', 179, 243, 175000, 'Widya Ningrum', '-', '-', 1),
('2011-12-24 00:00:00', 179, 189, 40000, 'Widya Ningrum', '-', '-', 2),
('2011-12-23 00:00:00', 211, 168, 500000, 'Widya Ningrum', '-', '-', 1),
('2011-12-24 00:00:00', 182, 178, 800000, 'Murtini', '-', '-', 1),
('2011-12-25 00:00:00', 182, 188, 52500, 'Murtini', '-', '-', 3),
('2011-12-24 00:00:00', 179, 242, 150000, 'Murtini', '-', '-', 1),
('2011-12-26 00:00:00', 179, 188, 35000, 'Murtini', '-', '-', 2),
('2011-12-24 00:00:00', 210, 157, 400000, 'Murtini', '-', '-', 1),
('2011-12-25 00:00:00', 183, 172, 250000, 'Estiningsih', '-', '-', 1),
('2011-12-25 00:00:00', 183, 233, 10000, 'Estiningsih', '-', '-', 1),
('2011-12-26 00:00:00', 183, 195, 30000, 'Estiningsih', '-', '-', 1),
('2011-12-26 00:00:00', 178, 188, 35000, 'Estiningsih', '-', '-', 2),
('2011-12-23 00:00:00', 185, 285, 1600000, 'Mety tri Akhyuni', '-', '-', 1),
('2011-12-24 00:00:00', 185, 222, 105000, 'Mety tri Akhyuni', '-', '-', 3),
('2011-12-23 00:00:00', 179, 246, 250000, 'Mety tri Akhyuni', '-', '-', 1),
('2011-12-24 00:00:00', 179, 222, 70000, 'Mety tri Akhyuni', '-', '-', 2),
('2011-12-23 00:00:00', 211, 229, 800000, 'Mety tri Akhyuni', '-', '-', 1),
('2011-12-25 00:00:00', 185, 190, 50000, 'Tetriana Purtaria', '-', '-', 2),
('2011-12-24 00:00:00', 214, 304, 700000, 'Sri Purwaningsih', '-', '-', 1),
('2011-12-21 00:00:00', 214, 189, 120000, 'Sri Purwaningsih', '-', '-', 6),
('2011-12-24 00:00:00', 211, 168, 500000, 'Sri Purwaningsih', '-', '-', 1),
('2011-12-23 00:00:00', 182, 189, 80000, 'Endang Indriyani', '-', '-', 4),
('2011-12-26 00:00:00', 182, 184, 20000, 'Endang Indriyani', '-', '-', 1),
('2011-12-26 00:00:00', 185, 172, 250000, 'Avita Ria', '-', '-', 1),
('2011-12-27 00:00:00', 185, 188, 0, 'Avita Ria', '-', '-', 0),
('2011-12-27 00:00:00', 182, 354, 300000, 'Deasy Tribuana', '-', '-', 1),
('2011-12-27 00:00:00', 182, 188, 17500, 'Deasy Tribuana', '-', '-', 1),
('2011-12-27 00:00:00', 178, 188, 17500, 'Deasy Tribuana', '-', '-', 1),
('2011-12-24 00:00:00', 185, 192, 1000000, 'Eka Diah Kuswanti', '-', '-', 1),
('2011-12-25 00:00:00', 185, 189, 60000, 'Eka Diah Kuswanti', '-', '-', 3),
('2011-12-24 00:00:00', 179, 243, 175000, 'Eka Diah Kuswanti', '-', '-', 1),
('2011-12-26 00:00:00', 179, 189, 40000, 'Eka Diah Kuswanti', '-', '-', 2),
('2011-12-24 00:00:00', 215, 168, 500000, 'Eka Diah Kuswanti', '-', '-', 1),
('2011-12-25 00:00:00', 185, 172, 250000, 'Diah Eka sari', '-', '-', 1),
('2011-12-25 00:00:00', 185, 188, 52500, 'Diah Eka sari', '-', '-', 3),
('2011-12-25 00:00:00', 206, 188, 52500, 'Diah Eka sari', '-', '-', 3),
('2011-12-26 00:00:00', 183, 172, 250000, 'Gusnita Ratih', '-', '-', 1),
('2011-12-27 00:00:00', 183, 188, 17500, 'Gusnita Ratih', '-', '-', 1),
('2011-12-26 00:00:00', 178, 188, 35000, 'Gusnita Ratih', '-', '-', 2),
('2011-12-26 00:00:00', 183, 355, 200000, 'Riyan Sih Rihastami', '-', '-', 1),
('2011-12-27 00:00:00', 183, 188, 17500, 'Riyan Sih Rihastami', '-', '-', 1),
('2011-12-27 00:00:00', 178, 188, 17500, 'Riyan Sih Rihastami', '-', '-', 1),
('2011-12-26 00:00:00', 182, 171, 500000, 'Maryani', '-', '-', 1),
('2011-12-26 00:00:00', 182, 190, 50000, 'Maryani', '-', '-', 2),
('2011-12-27 00:00:00', 182, 190, 25000, 'Maryani', '-', '-', 1),
('2011-12-26 00:00:00', 208, 355, 200000, 'Haryanti', '-', '-', 1),
('2011-12-26 00:00:00', 208, 188, 35000, 'Haryanti', '-', '-', 2),
('2011-12-27 00:00:00', 178, 188, 17500, 'Haryanti', '-', '-', 1),
('2011-12-01 00:00:00', 4, 7, 2500, '-', '-', '-', 1),
('2011-12-01 00:00:00', 110, 7, 7500, '-', '-', '-', 3),
('2011-12-01 00:00:00', 110, 15, 3000, '-', '-', '-', 1),
('2011-12-01 00:00:00', 130, 15, 3000, '-', '-', '-', 1),
('2011-12-01 00:00:00', 130, 81, 5000, '-', '-', '-', 1),
('2011-12-01 00:00:00', 70, 1, 30000, '-', '-', '-', 6),
('2011-12-01 00:00:00', 70, 10, 75000, '-', '-', '-', 5),
('2011-12-01 00:00:00', 16, 1, 50000, '-', '-', '-', 10),
('2011-12-01 00:00:00', 16, 10, 60000, '-', '-', '-', 4),
('2011-12-01 00:00:00', 16, 93, 30000, '-', '-', '-', 3),
('2011-12-01 00:00:00', 38, 1, 75000, '-', '-', '-', 15),
('2011-12-01 00:00:00', 38, 10, 30000, '-', '-', '-', 2),
('2011-12-01 00:00:00', 38, 93, 20000, '-', '-', '-', 2),
('2011-12-01 00:00:00', 6, 1, 120000, '-', '-', '-', 24),
('2011-12-01 00:00:00', 6, 10, 30000, '-', '-', '-', 2),
('2011-12-01 00:00:00', 90, 1, 70000, '-', '-', '-', 14),
('2011-12-01 00:00:00', 90, 10, 15000, '-', '-', '-', 1),
('2011-12-01 00:00:00', 90, 93, 10000, '-', '-', '-', 1),
('2011-12-01 00:00:00', 7, 1, 35000, '-', '-', '-', 7),
('2011-12-01 00:00:00', 7, 10, 30000, '-', '-', '-', 2),
('2011-12-01 00:00:00', 7, 93, 50000, '-', '-', '-', 5),
('2011-12-01 00:00:00', 78, 1, 55000, '-', '-', '-', 11),
('2011-12-01 00:00:00', 94, 1, 85000, '-', '-', '-', 17),
('2011-12-01 00:00:00', 94, 93, 10000, '-', '-', '-', 1),
('2011-12-01 00:00:00', 80, 7, 27500, '-', '-', '-', 11),
('2011-12-01 00:00:00', 42, 15, 21000, '-', '-', '-', 7),
('2011-12-01 00:00:00', 47, 15, 18000, '-', '-', '-', 6),
('2011-12-01 00:00:00', 66, 7, 7500, '-', '-', '-', 3),
('2011-12-01 00:00:00', 66, 81, 10000, '-', '-', '-', 2),
('2011-12-01 00:00:00', 125, 7, 20000, '-', '-', '-', 8),
('2011-12-01 00:00:00', 125, 15, 3000, '-', '-', '-', 1),
('2011-12-01 00:00:00', 125, 81, 5000, '-', '-', '-', 1),
('2011-12-01 00:00:00', 129, 7, 12500, '-', '-', '-', 5),
('2011-12-01 00:00:00', 129, 81, 5000, '-', '-', '-', 1),
('2011-12-01 00:00:00', 65, 7, 15000, '-', '-', '-', 6),
('2011-12-01 00:00:00', 65, 81, 10000, '-', '-', '-', 2),
('2011-12-01 00:00:00', 192, 1, 60000, '-', '-', '-', 12),
('2011-12-01 00:00:00', 20, 21, 50000, '-', '-', '-', 1),
('2011-12-01 00:00:00', 20, 20, 150000, '-', '-', '-', 2),
('2011-12-01 00:00:00', 29, 21, 200000, '-', '-', '-', 4),
('2011-12-01 00:00:00', 29, 20, 75000, '-', '-', '-', 1),
('2011-12-01 00:00:00', 29, 106, 410000, '-', '-', '-', 41),
('2011-12-01 00:00:00', 4, 21, 100000, '-', '-', '-', 2),
('2011-12-01 00:00:00', 4, 19, 300000, '-', '-', '-', 2),
('2011-12-01 00:00:00', 4, 20, 75000, '-', '-', '-', 1),
('2011-12-01 00:00:00', 21, 21, 50000, '-', '-', '-', 1),
('2011-12-01 00:00:00', 21, 106, 240000, '-', '-', '-', 24),
('2011-12-01 00:00:00', 21, 107, 764000, '-', '-', '-', 191),
('2011-12-01 00:00:00', 23, 21, 50000, '-', '-', '-', 1),
('2011-12-01 00:00:00', 18, 17, 250000, '-', '-', '-', 1);
INSERT INTO `tindakan` (`tgl`, `id`, `tnd`, `jm`, `nm_pasien`, `kamar`, `diagnosa`, `jmlh`) VALUES
('2011-12-01 00:00:00', 10, 20, 75000, '-', '-', '-', 1),
('2011-12-01 00:00:00', 38, 106, 320000, '-', '-', '-', 32),
('2011-12-01 00:00:00', 16, 106, 260000, '-', '-', '-', 26),
('2011-12-01 00:00:00', 52, 106, 280000, '-', '-', '-', 28),
('2011-12-01 00:00:00', 52, 107, 68000, '-', '-', '-', 17),
('2011-12-01 00:00:00', 27, 106, 250000, '-', '-', '-', 25),
('2011-12-01 00:00:00', 13, 28, 54000, '-', '-', '-', 6),
('2011-12-01 00:00:00', 19, 28, 9000, '-', '-', '-', 1),
('2011-12-01 00:00:00', 34, 28, 18000, '-', '-', '-', 2),
('2011-12-01 00:00:00', 34, 29, 45000, '-', '-', '-', 3),
('2011-12-01 00:00:00', 34, 30, 450000, '-', '-', '-', 3),
('2011-12-01 00:00:00', 54, 28, 63000, '-', '-', '-', 7),
('2011-12-01 00:00:00', 62, 28, 36000, '-', '-', '-', 4),
('2011-12-01 00:00:00', 124, 28, 36000, '-', '-', '-', 4),
('2011-12-27 00:00:00', 183, 221, 300000, 'Oka Ristiya MS', '-', '-', 1),
('2011-12-27 00:00:00', 185, 263, 400000, 'Ema Dwi Hapsari', '-', '-', 1),
('2011-12-25 00:00:00', 183, 191, 1200000, 'Ita Mailana', '-', '-', 1),
('2011-12-25 00:00:00', 183, 190, 100000, 'Ita Mailana', '-', '-', 4),
('2011-12-25 00:00:00', 206, 244, 200000, 'Ita Mailana', '-', '-', 1),
('2011-12-26 00:00:00', 206, 190, 50000, 'Ita Mailana', '-', '-', 2),
('2011-12-25 00:00:00', 210, 164, 600000, 'Ita Mailana', '-', '-', 1),
('2011-12-25 00:00:00', 183, 206, 1300000, 'Sukarti Johar', '-', '-', 1),
('2011-12-24 00:00:00', 183, 190, 100000, 'Sukarti Johar', '-', '-', 4),
('2011-12-25 00:00:00', 206, 249, 250000, 'Sukarti Johar', '-', '-', 1),
('2011-12-26 00:00:00', 206, 190, 50000, 'Sukarti Johar', '-', '-', 2),
('2011-12-25 00:00:00', 210, 162, 700000, 'Sukarti Johar', '-', '-', 1),
('2011-12-27 00:00:00', 182, 205, 300000, 'Anita Nurusadah', '-', '-', 1),
('2011-12-26 00:00:00', 182, 189, 60000, 'Anita Nurusadah', '-', '-', 3),
('2011-12-28 00:00:00', 178, 189, 20000, 'Anita Nurusadah', '-', '-', 1),
('2011-12-26 00:00:00', 182, 173, 350000, 'Nur Kartika sasi', '-', '-', 1),
('2011-12-27 00:00:00', 182, 189, 40000, 'Nur Kartika sasi', '-', '-', 2),
('2011-12-27 00:00:00', 178, 189, 40000, 'Nur Kartika sasi', '-', '-', 2),
('2011-12-27 00:00:00', 183, 176, 650000, 'Kalisa afiati', '-', '-', 1),
('2011-12-28 00:00:00', 183, 195, 30000, 'Kalisa afiati', '-', '-', 1),
('2011-12-28 00:00:00', 178, 195, 30000, 'Kalisa afiati', '-', '-', 1),
('2011-12-26 00:00:00', 182, 176, 650000, 'Dewi Astuti', '-', '-', 1),
('2011-12-26 00:00:00', 182, 195, 90000, 'Dewi Astuti', '-', '-', 3),
('2011-12-27 00:00:00', 178, 195, 60000, 'Dewi Astuti', '-', '-', 2),
('2011-12-25 00:00:00', 214, 191, 1200000, 'Rosiana Tanjungsari', '-', '-', 1),
('2011-12-25 00:00:00', 214, 190, 100000, 'Rosiana Tanjungsari', '-', '-', 4),
('2011-12-25 00:00:00', 206, 244, 200000, 'Rosiana Tanjungsari', '-', '-', 1),
('2011-12-26 00:00:00', 206, 190, 50000, 'Rosiana Tanjungsari', '-', '-', 2),
('2011-12-25 00:00:00', 210, 164, 600000, 'Rosiana Tanjungsari', '-', '-', 1),
('2011-12-25 00:00:00', 185, 178, 800000, 'Niken Yuli Astuti', '-', '-', 1),
('2011-12-26 00:00:00', 185, 188, 52500, 'Niken Yuli Astuti', '-', '-', 3),
('2011-12-25 00:00:00', 206, 242, 150000, 'Niken Yuli Astuti', '-', '-', 1),
('2011-12-26 00:00:00', 206, 188, 35000, 'Niken Yuli Astuti', '-', '-', 2),
('2011-12-25 00:00:00', 210, 157, 400000, 'Niken Yuli Astuti', '-', '-', 1),
('2011-12-25 00:00:00', 214, 192, 1000000, 'Asteria amanda', '-', '-', 1),
('2011-12-25 00:00:00', 214, 189, 80000, 'Asteria amanda', '-', '-', 4),
('2011-12-25 00:00:00', 206, 189, 40000, 'Asteria amanda', '-', '-', 2),
('2011-12-25 00:00:00', 210, 168, 500000, 'Asteria amanda', '-', '-', 1),
('2011-12-25 00:00:00', 183, 357, 1400000, 'Ika Fitrianita', '-', '-', 1),
('2011-12-26 00:00:00', 183, 190, 75000, 'Ika Fitrianita', '-', '-', 3),
('2011-12-25 00:00:00', 215, 235, 15000, 'Ika Fitrianita', '-', '-', 1),
('2011-12-25 00:00:00', 215, 358, 350000, 'Ika Fitrianita', '-', '-', 1),
('2011-12-25 00:00:00', 206, 190, 100000, 'Ika Fitrianita', '-', '-', 4),
('2011-12-28 00:00:00', 183, 169, 300000, 'febrin', '-', '-', 1),
('2011-12-27 00:00:00', 183, 188, 17500, 'febrin', '-', '-', 1),
('2011-12-28 00:00:00', 185, 221, 300000, 'Mujiyati', '-', '-', 1),
('2011-12-28 00:00:00', 185, 221, 300000, 'Neny Nurjanah', '-', '-', 1),
('2011-12-24 00:00:00', 180, 349, 70000, 'An Rifky Ghafi', '-', '-', 4),
('2011-12-28 00:00:00', 183, 171, 500000, 'Cicilia Wiwik W', '-', '-', 1),
('2011-12-29 00:00:00', 183, 190, 25000, 'Cicilia Wiwik W', '-', '-', 1),
('2011-12-28 00:00:00', 178, 190, 50000, 'Cicilia Wiwik W', '-', '-', 2),
('2011-12-28 00:00:00', 214, 188, 17500, 'Solihatun', '-', '-', 1),
('2011-12-28 00:00:00', 185, 355, 200000, 'Samirah', '-', '-', 1),
('2011-12-28 00:00:00', 185, 188, 17500, 'Samirah', '-', '-', 1),
('2011-12-29 00:00:00', 178, 188, 17500, 'Samirah', '-', '-', 1),
('2011-12-26 00:00:00', 183, 177, 900000, 'Sri Wahyuni', '-', '-', 1),
('2011-12-27 00:00:00', 183, 188, 52500, 'Sri Wahyuni', '-', '-', 3),
('2011-12-26 00:00:00', 178, 249, 250000, 'Sri Wahyuni', '-', '-', 1),
('2011-12-27 00:00:00', 178, 188, 52500, 'Sri Wahyuni', '-', '-', 3),
('2011-12-26 00:00:00', 211, 160, 500000, 'Sri Wahyuni', '-', '-', 1),
('2011-12-28 00:00:00', 214, 173, 350000, 'Koniti', '-', '-', 1),
('2011-12-29 00:00:00', 214, 189, 20000, 'Koniti', '-', '-', 1),
('2011-12-29 00:00:00', 178, 189, 20000, 'Koniti', '-', '-', 1),
('2011-12-29 00:00:00', 182, 221, 300000, 'Lenny Zulaekha', '-', '-', 1),
('2011-12-29 00:00:00', 182, 180, 350000, 'Erin Prihastuti', '-', '-', 1),
('2011-12-29 00:00:00', 183, 169, 300000, 'Alina Fitriwiyati', '-', '-', 1),
('2011-12-28 00:00:00', 182, 173, 350000, 'Suyanti', '-', '-', 1),
('2011-12-29 00:00:00', 182, 189, 20000, 'Suyanti', '-', '-', 1),
('2011-12-29 00:00:00', 178, 189, 20000, 'Suyanti', '-', '-', 1),
('2011-12-01 00:00:00', 199, 119, 17500, '-', '-', '-', 2),
('2011-12-01 00:00:00', 199, 120, 10000, '-', '-', '-', 1),
('2011-12-01 00:00:00', 199, 63, 40000, '-', '-', '-', 4),
('2011-12-01 00:00:00', 199, 155, 30000, '-', '-', '-', 6),
('2011-12-01 00:00:00', 199, 104, 10000, '-', '-', '-', 1),
('2011-12-01 00:00:00', 199, 68, 30000, '-', '-', '-', 2),
('2011-12-01 00:00:00', 199, 124, 13000, '-', '-', '-', 2),
('2011-12-01 00:00:00', 199, 218, 15000, '-', '-', '-', 3),
('2011-12-01 00:00:00', 199, 125, 5000, '-', '-', '-', 1),
('2011-12-27 00:00:00', 185, 177, 900000, 'Hartatik', '-', '-', 1),
('2011-12-27 00:00:00', 185, 188, 35000, 'Hartatik', '-', '-', 2),
('2011-12-27 00:00:00', 178, 249, 250000, 'Hartatik', '-', '-', 1),
('2011-12-28 00:00:00', 178, 188, 35000, 'Hartatik', '-', '-', 2),
('2011-12-27 00:00:00', 210, 160, 500000, 'Hartatik', '-', '-', 1),
('2011-12-26 00:00:00', 182, 285, 0, 'dr Srigading Dwi Lestari', '-', '-', 0),
('2011-12-27 00:00:00', 182, 222, 0, 'dr Srigading Dwi Lestari', '-', '-', 0),
('2011-12-27 00:00:00', 178, 222, 140000, 'dr Srigading Dwi Lestari', '-', '-', 4),
('2011-12-26 00:00:00', 211, 229, 800000, 'dr Srigading Dwi Lestari', '-', '-', 1),
('2011-12-26 00:00:00', 182, 191, 1200000, 'Heti Ambar Pratiwi', '-', '-', 1),
('2011-12-27 00:00:00', 182, 190, 50000, 'Heti Ambar Pratiwi', '-', '-', 2),
('2011-12-26 00:00:00', 178, 244, 200000, 'Heti Ambar Pratiwi', '-', '-', 1),
('2011-12-27 00:00:00', 178, 190, 100000, 'Heti Ambar Pratiwi', '-', '-', 4),
('2011-12-26 00:00:00', 211, 164, 600000, 'Heti Ambar Pratiwi', '-', '-', 1),
('2011-12-29 00:00:00', 183, 172, 250000, 'Apri Setyo ningsih', '-', '-', 1),
('2011-12-30 00:00:00', 183, 188, 17500, 'Apri Setyo ningsih', '-', '-', 1),
('2011-12-29 00:00:00', 178, 188, 35000, 'Apri Setyo ningsih', '-', '-', 2),
('2011-12-01 00:00:00', 199, 359, 10000, '-', '-', '-', 1),
('2011-12-01 00:00:00', 159, 22, 5000000, '-', '-', '-', 50),
('2011-12-01 00:00:00', 160, 22, 5800000, '-', '-', '-', 58),
('2011-12-01 00:00:00', 162, 22, 1400000, '-', '-', '-', 14),
('2011-12-01 00:00:00', 162, 23, 6975000, '-', '-', '-', 93),
('2011-12-01 00:00:00', 162, 92, 200000, '-', '-', '-', 5),
('2011-12-01 00:00:00', 166, 22, 800000, '-', '-', '-', 8),
('2011-12-01 00:00:00', 166, 23, 750000, '-', '-', '-', 10),
('2011-12-01 00:00:00', 1, 23, 1350000, '-', '-', '-', 18),
('2011-12-01 00:00:00', 1, 111, 2790000, '-', '-', '-', 93),
('2011-12-01 00:00:00', 169, 23, 600000, '-', '-', '-', 8),
('2011-12-01 00:00:00', 169, 92, 1080000, '-', '-', '-', 27),
('2011-12-01 00:00:00', 4, 92, 3920000, '-', '-', '-', 98),
('2011-12-01 00:00:00', 21, 92, 600000, '-', '-', '-', 15),
('2011-12-01 00:00:00', 18, 92, 960000, '-', '-', '-', 24),
('2011-12-01 00:00:00', 164, 24, 5700000, '-', '-', '-', 57),
('2011-12-01 00:00:00', 164, 27, 2700000, '-', '-', '-', 27),
('2011-12-01 00:00:00', 167, 24, 3600000, '-', '-', '-', 36),
('2011-12-01 00:00:00', 170, 24, 1500000, '-', '-', '-', 15),
('2011-12-01 00:00:00', 172, 24, 900000, '-', '-', '-', 9),
('2011-12-01 00:00:00', 201, 24, 1000000, '-', '-', '-', 10),
('2011-12-01 00:00:00', 141, 40, 437500, '-', '-', '-', 7),
('2011-12-01 00:00:00', 141, 41, 150000, '-', '-', '-', 3),
('2011-12-01 00:00:00', 141, 42, 150000, '-', '-', '-', 4),
('2011-12-01 00:00:00', 141, 43, 75000, '-', '-', '-', 1),
('2011-12-01 00:00:00', 141, 44, 87500, '-', '-', '-', 1),
('2011-12-01 00:00:00', 225, 40, 312500, '-', '-', '-', 5),
('2011-12-01 00:00:00', 225, 41, 100000, '-', '-', '-', 2),
('2011-12-01 00:00:00', 225, 42, 337500, '-', '-', '-', 9),
('2011-12-01 00:00:00', 225, 43, 150000, '-', '-', '-', 2),
('2011-12-01 00:00:00', 225, 124, 13000, '-', '-', '-', 2),
('2011-12-01 00:00:00', 225, 113, 22500, '-', '-', '-', 3),
('2011-12-01 00:00:00', 225, 78, 2500, '-', '-', '-', 1),
('2011-12-01 00:00:00', 225, 219, 360000, '-', '-', '-', 9),
('2011-12-01 00:00:00', 225, 118, 150000, '-', '-', '-', 3),
('2011-12-28 00:00:00', 182, 190, 100000, 'Endang Indriyani', '-', '-', 4),
('2011-12-29 00:00:00', 182, 173, 350000, 'Sri Aryati', '-', '-', 1),
('2011-12-30 00:00:00', 182, 189, 80000, 'Sri Aryati', '-', '-', 4),
('2011-12-01 00:00:00', 141, 50, 100000, '-', '-', '-', 1),
('2011-12-31 00:00:00', 182, 184, 60000, 'Sri Aryati', '-', '-', 3),
('2011-12-01 00:00:00', 141, 52, 75000, '-', '-', '-', 1),
('2011-12-01 00:00:00', 141, 54, 125000, '-', '-', '-', 1),
('2011-12-01 00:00:00', 141, 55, 250000, '-', '-', '-', 2),
('2011-12-01 00:00:00', 141, 47, 37500, '-', '-', '-', 1),
('2011-12-01 00:00:00', 141, 48, 75000, '-', '-', '-', 1),
('2011-12-01 00:00:00', 141, 219, 40000, '-', '-', '-', 1),
('2011-12-01 00:00:00', 141, 118, 550000, '-', '-', '-', 11),
('2011-12-31 00:00:00', 220, 360, 50000, 'Sri Aryati', '-', '-', 1),
('2011-12-01 00:00:00', 226, 55, 125000, '-', '-', '-', 1),
('2011-12-01 00:00:00', 226, 52, 150000, '-', '-', '-', 2),
('2011-12-28 00:00:00', 186, 206, 1300000, 'Sandra Kartika', '-', '-', 1),
('2011-12-01 00:00:00', 226, 51, 87500, '-', '-', '-', 1),
('2011-12-01 00:00:00', 226, 42, 37500, '-', '-', '-', 1),
('2011-12-01 00:00:00', 226, 118, 50000, '-', '-', '-', 1),
('2011-12-27 00:00:00', 186, 190, 25000, 'Sandra Kartika', '-', '-', 1),
('2011-12-01 00:00:00', 199, 47, 37500, '-', '-', '-', 1),
('2011-12-01 00:00:00', 199, 45, 62500, '-', '-', '-', 1),
('2011-12-29 00:00:00', 185, 190, 50000, 'Sandra Kartika', '-', '-', 2),
('2011-12-28 00:00:00', 180, 190, 50000, 'Sandra Kartika', '-', '-', 2),
('2011-12-01 00:00:00', 199, 43, 150000, '-', '-', '-', 2),
('2011-12-28 00:00:00', 215, 162, 700000, 'Sandra Kartika', '-', '-', 1),
('2011-12-01 00:00:00', 199, 40, 62500, '-', '-', '-', 1),
('2011-12-01 00:00:00', 199, 42, 75000, '-', '-', '-', 2),
('2011-12-01 00:00:00', 199, 41, 50000, '-', '-', '-', 1),
('2011-12-29 00:00:00', 185, 172, 250000, 'Gestha Heny Irawati', '-', '-', 1),
('2011-12-01 00:00:00', 199, 52, 75000, '-', '-', '-', 1),
('2011-12-01 00:00:00', 154, 40, 125000, '-', '-', '-', 2),
('2011-12-01 00:00:00', 154, 47, 37500, '-', '-', '-', 1),
('2011-12-01 00:00:00', 154, 124, 6500, '-', '-', '-', 1),
('2011-12-01 00:00:00', 154, 51, 87500, '-', '-', '-', 1),
('2011-12-29 00:00:00', 185, 362, 700000, 'Emma Noviyanti', '-', '-', 1),
('2011-12-28 00:00:00', 185, 235, 15000, 'Emma Noviyanti', '-', '-', 1),
('2011-12-01 00:00:00', 154, 113, 7500, '-', '-', '-', 1),
('2011-12-29 00:00:00', 185, 190, 50000, 'Emma Noviyanti', '-', '-', 2),
('2011-12-01 00:00:00', 154, 219, 80000, '-', '-', '-', 2),
('2011-12-30 00:00:00', 178, 190, 25000, 'Emma Noviyanti', '-', '-', 1),
('2011-12-01 00:00:00', 154, 118, 150000, '-', '-', '-', 3),
('2011-12-01 00:00:00', 199, 220, 520000, '-', '-', '-', 26),
('2011-12-29 00:00:00', 185, 188, 35000, 'Gestha Heny Irawati', '-', '-', 2),
('2011-12-30 00:00:00', 178, 188, 17500, 'Gestha Heny Irawati', '-', '-', 1),
('2011-12-01 00:00:00', 150, 40, 62500, '-', '-', '-', 1),
('2011-12-01 00:00:00', 150, 42, 112500, '-', '-', '-', 3),
('2011-12-01 00:00:00', 150, 113, 15000, '-', '-', '-', 2),
('2011-12-29 00:00:00', 182, 221, 300000, 'Suharni', '-', '-', 1),
('2011-12-01 00:00:00', 150, 118, 100000, '-', '-', '-', 2),
('2011-12-01 00:00:00', 146, 40, 250000, '-', '-', '-', 4),
('2011-12-29 00:00:00', 208, 221, 300000, 'Sriyani', '-', '-', 1),
('2011-12-01 00:00:00', 146, 41, 50000, '-', '-', '-', 1),
('2011-12-01 00:00:00', 146, 42, 37500, '-', '-', '-', 1),
('2011-12-01 00:00:00', 146, 113, 7500, '-', '-', '-', 1),
('2011-12-01 00:00:00', 146, 55, 250000, '-', '-', '-', 2),
('2011-12-01 00:00:00', 146, 118, 200000, '-', '-', '-', 4),
('2011-12-01 00:00:00', 197, 42, 37500, '-', '-', '-', 1),
('2011-12-01 00:00:00', 197, 40, 125000, '-', '-', '-', 2),
('2011-12-01 00:00:00', 197, 41, 150000, '-', '-', '-', 3),
('2011-12-29 00:00:00', 183, 238, 600000, 'Tri Wahyuni', '-', '-', 1),
('2011-12-29 00:00:00', 183, 190, 50000, 'Tri Wahyuni', '-', '-', 2),
('2011-12-01 00:00:00', 197, 155, 10000, '-', '-', '-', 2),
('2011-12-01 00:00:00', 197, 124, 13000, '-', '-', '-', 2),
('2011-12-29 00:00:00', 180, 315, 125000, 'Tri Wahyuni', '-', '-', 1),
('2011-12-01 00:00:00', 197, 219, 280000, '-', '-', '-', 7),
('2011-12-01 00:00:00', 197, 118, 50000, '-', '-', '-', 1),
('2011-12-01 00:00:00', 152, 104, 10000, '-', '-', '-', 1),
('2011-12-01 00:00:00', 152, 78, 2500, '-', '-', '-', 1),
('2011-12-01 00:00:00', 152, 44, 87500, '-', '-', '-', 1),
('2011-12-01 00:00:00', 152, 42, 75000, '-', '-', '-', 2),
('2011-12-01 00:00:00', 152, 41, 50000, '-', '-', '-', 1),
('2011-12-01 00:00:00', 152, 155, 5000, '-', '-', '-', 1),
('2011-12-01 00:00:00', 152, 113, 7500, '-', '-', '-', 1),
('2011-12-01 00:00:00', 152, 124, 6500, '-', '-', '-', 1),
('2011-12-01 00:00:00', 152, 62, 5000, '-', '-', '-', 1),
('2011-12-01 00:00:00', 152, 219, 240000, '-', '-', '-', 6),
('2011-12-01 00:00:00', 152, 118, 100000, '-', '-', '-', 2),
('2011-12-01 00:00:00', 155, 124, 6500, '-', '-', '-', 1),
('2011-12-01 00:00:00', 155, 41, 50000, '-', '-', '-', 1),
('2011-12-01 00:00:00', 155, 219, 40000, '-', '-', '-', 1),
('2011-12-01 00:00:00', 155, 118, 100000, '-', '-', '-', 2),
('2011-12-29 00:00:00', 182, 188, 17500, 'Annisa Ratna Sari', '-', '-', 1),
('2011-12-30 00:00:00', 183, 221, 300000, 'Sri Mintarsih', '-', '-', 1),
('2011-12-30 00:00:00', 183, 169, 300000, 'Sudarsih', '-', '-', 1),
('2011-12-30 00:00:00', 183, 188, 35000, 'Sudarsih', '-', '-', 2),
('2011-12-30 00:00:00', 211, 165, 200000, 'Sudarsih', '-', '-', 1),
('2011-12-29 00:00:00', 185, 240, 750000, 'Ida Retna Wijayanti', '-', '-', 1),
('2011-12-01 00:00:00', 153, 62, 15000, '-', '-', '-', 3),
('2011-12-01 00:00:00', 153, 42, 225000, '-', '-', '-', 6),
('2011-12-01 00:00:00', 153, 41, 100000, '-', '-', '-', 2),
('2011-12-01 00:00:00', 153, 40, 250000, '-', '-', '-', 4),
('2011-12-01 00:00:00', 153, 43, 75000, '-', '-', '-', 1),
('2011-12-01 00:00:00', 153, 52, 300000, '-', '-', '-', 4),
('2011-12-01 00:00:00', 153, 50, 200000, '-', '-', '-', 2),
('2011-12-01 00:00:00', 153, 51, 87500, '-', '-', '-', 1),
('2011-12-01 00:00:00', 153, 55, 250000, '-', '-', '-', 2),
('2011-12-01 00:00:00', 153, 78, 2500, '-', '-', '-', 1),
('2011-12-01 00:00:00', 153, 155, 5000, '-', '-', '-', 1),
('2011-12-30 00:00:00', 185, 195, 60000, 'Ida Retna Wijayanti', '-', '-', 2),
('2011-12-01 00:00:00', 153, 113, 7500, '-', '-', '-', 1),
('2011-12-01 00:00:00', 153, 124, 13000, '-', '-', '-', 2),
('2011-12-30 00:00:00', 178, 195, 60000, 'Ida Retna Wijayanti', '-', '-', 2),
('2011-12-01 00:00:00', 153, 219, 80000, '-', '-', '-', 2),
('2011-12-28 00:00:00', 182, 209, 0, 'dr Tisa Calosum', '-', '-', 0),
('2011-12-01 00:00:00', 153, 118, 400000, '-', '-', '-', 8),
('2011-12-28 00:00:00', 182, 195, 0, 'dr Tisa Calosum', '-', '-', 0),
('2011-12-28 00:00:00', 180, 249, 250000, 'dr Tisa Calosum', '-', '-', 1),
('2011-12-29 00:00:00', 180, 195, 90000, 'dr Tisa Calosum', '-', '-', 3),
('2011-12-28 00:00:00', 210, 156, 800000, 'dr Tisa Calosum', '-', '-', 1),
('2011-12-28 00:00:00', 214, 177, 900000, 'Gita nani Wirawan', '-', '-', 1),
('2011-12-27 00:00:00', 214, 188, 70000, 'Gita nani Wirawan', '-', '-', 4),
('2011-12-28 00:00:00', 215, 160, 500000, 'Gita nani Wirawan', '-', '-', 1),
('2011-12-28 00:00:00', 180, 188, 70000, 'Gita nani Wirawan', '-', '-', 4),
('2011-12-30 00:00:00', 212, 178, 800000, 'Siti Khotijah', '-', '-', 1),
('2011-12-30 00:00:00', 179, 188, 52500, 'Siti Khotijah', '-', '-', 3),
('2011-12-31 00:00:00', 212, 188, 35000, 'Siti Khotijah', '-', '-', 2),
('2011-12-30 00:00:00', 215, 157, 400000, 'Siti Khotijah', '-', '-', 1),
('2011-12-31 00:00:00', 214, 169, 300000, 'Augustasih', '-', '-', 1),
('2011-12-30 00:00:00', 214, 188, 17500, 'Augustasih', '-', '-', 1),
('2011-12-31 00:00:00', 214, 184, 20000, 'Augustasih', '-', '-', 1),
('2011-12-31 00:00:00', 182, 184, 20000, 'Endang Indriyani', '-', '-', 1),
('2011-12-30 00:00:00', 185, 188, 35000, 'Wasiyati', '-', '-', 2),
('2011-12-30 00:00:00', 206, 349, 35000, 'Jeslin Carniela', '-', '-', 2),
('2011-12-01 00:00:00', 193, 143, 20000, '-', '-', '-', 1),
('2011-12-01 00:00:00', 193, 139, 18000, '-', '-', '-', 6),
('2011-12-01 00:00:00', 193, 152, 35000, '-', '-', '-', 10),
('2011-12-01 00:00:00', 193, 148, 6000, '-', '-', '-', 3),
('2011-12-01 00:00:00', 193, 134, 4000, '-', '-', '-', 2),
('2011-12-01 00:00:00', 193, 128, 20000, '-', '-', '-', 4),
('2011-12-01 00:00:00', 193, 145, 30000, '-', '-', '-', 10),
('2011-12-01 00:00:00', 193, 127, 18000, '-', '-', '-', 6),
('2011-12-01 00:00:00', 193, 364, 28000, '-', '-', '-', 4),
('2011-12-01 00:00:00', 193, 151, 14000, '-', '-', '-', 7),
('2011-12-01 00:00:00', 193, 136, 4000, '-', '-', '-', 1),
('2011-12-01 00:00:00', 194, 364, 7000, '-', '-', '-', 1),
('2011-12-01 00:00:00', 194, 128, 25000, '-', '-', '-', 5),
('2011-12-01 00:00:00', 194, 139, 30000, '-', '-', '-', 10),
('2011-12-01 00:00:00', 194, 365, 20000, '-', '-', '-', 2),
('2011-12-01 00:00:00', 194, 151, 14000, '-', '-', '-', 7),
('2011-12-01 00:00:00', 194, 130, 3000, '-', '-', '-', 1),
('2011-12-01 00:00:00', 194, 148, 4000, '-', '-', '-', 2),
('2011-12-01 00:00:00', 194, 129, 6000, '-', '-', '-', 1),
('2011-12-01 00:00:00', 194, 150, 2000, '-', '-', '-', 1),
('2011-12-01 00:00:00', 194, 152, 14000, '-', '-', '-', 4),
('2011-12-01 00:00:00', 194, 132, 5000, '-', '-', '-', 5),
('2011-12-01 00:00:00', 194, 134, 6000, '-', '-', '-', 3),
('2011-12-01 00:00:00', 194, 142, 6000, '-', '-', '-', 2),
('2011-12-01 00:00:00', 194, 140, 4000, '-', '-', '-', 2),
('2011-12-01 00:00:00', 194, 145, 15000, '-', '-', '-', 5),
('2011-12-01 00:00:00', 194, 144, 12000, '-', '-', '-', 4),
('2011-12-01 00:00:00', 194, 147, 12000, '-', '-', '-', 3),
('2011-12-01 00:00:00', 194, 136, 12000, '-', '-', '-', 3),
('2011-12-01 00:00:00', 194, 137, 10000, '-', '-', '-', 2),
('2011-12-01 00:00:00', 196, 151, 14000, '-', '-', '-', 7),
('2011-12-01 00:00:00', 196, 129, 18000, '-', '-', '-', 3),
('2011-12-01 00:00:00', 196, 152, 42000, '-', '-', '-', 12),
('2011-12-01 00:00:00', 196, 139, 15000, '-', '-', '-', 5),
('2011-12-01 00:00:00', 196, 148, 6000, '-', '-', '-', 3),
('2011-12-01 00:00:00', 196, 136, 12000, '-', '-', '-', 3),
('2011-12-01 00:00:00', 196, 144, 15000, '-', '-', '-', 5),
('2011-12-01 00:00:00', 196, 127, 9000, '-', '-', '-', 3),
('2011-12-01 00:00:00', 196, 147, 16000, '-', '-', '-', 4),
('2011-12-01 00:00:00', 196, 133, 1000, '-', '-', '-', 1),
('2011-12-01 00:00:00', 196, 145, 24000, '-', '-', '-', 8),
('2011-12-01 00:00:00', 196, 128, 15000, '-', '-', '-', 3),
('2011-12-01 00:00:00', 196, 132, 5000, '-', '-', '-', 5),
('2011-12-01 00:00:00', 196, 130, 15000, '-', '-', '-', 5),
('2011-12-01 00:00:00', 196, 150, 2000, '-', '-', '-', 1),
('2011-12-01 00:00:00', 196, 140, 4000, '-', '-', '-', 2),
('2011-12-01 00:00:00', 225, 94, 120000, '-', '-', '-', 12),
('2011-12-01 00:00:00', 225, 95, 45000, '-', '-', '-', 3),
('2011-12-01 00:00:00', 141, 94, 200000, '-', '-', '-', 20),
('2011-12-01 00:00:00', 141, 95, 30000, '-', '-', '-', 2),
('2011-12-01 00:00:00', 226, 95, 45000, '-', '-', '-', 3),
('2011-12-01 00:00:00', 199, 94, 210000, '-', '-', '-', 21),
('2011-12-01 00:00:00', 154, 94, 30000, '-', '-', '-', 3),
('2011-12-01 00:00:00', 154, 95, 60000, '-', '-', '-', 4),
('2011-12-01 00:00:00', 150, 95, 60000, '-', '-', '-', 4),
('2011-12-01 00:00:00', 146, 95, 120000, '-', '-', '-', 8),
('2011-12-01 00:00:00', 197, 95, 165000, '-', '-', '-', 11),
('2011-12-01 00:00:00', 152, 94, 220000, '-', '-', '-', 22),
('2011-12-01 00:00:00', 152, 95, 120000, '-', '-', '-', 8),
('2011-12-01 00:00:00', 155, 94, 20000, '-', '-', '-', 2),
('2011-12-01 00:00:00', 155, 95, 45000, '-', '-', '-', 3),
('2011-12-01 00:00:00', 153, 94, 10000, '-', '-', '-', 1),
('2011-12-01 00:00:00', 153, 95, 375000, '-', '-', '-', 25),
('2011-12-29 00:00:00', 214, 366, 550000, 'Dian Mawarti', '-', '-', 1),
('2011-12-28 00:00:00', 214, 189, 100000, 'Dian Mawarti', '-', '-', 5),
('2011-12-29 00:00:00', 180, 249, 250000, 'Dian Mawarti', '-', '-', 1),
('2011-12-21 00:00:00', 180, 189, 40000, 'Dian Mawarti', '-', '-', 2),
('2011-12-29 00:00:00', 210, 163, 600000, 'Dian Mawarti', '-', '-', 1),
('2011-12-28 00:00:00', 208, 177, 900000, 'Maryati', '-', '-', 1),
('2011-12-29 00:00:00', 208, 188, 52500, 'Maryati', '-', '-', 3),
('2011-12-28 00:00:00', 180, 249, 250000, 'Maryati', '-', '-', 1),
('2011-12-29 00:00:00', 180, 188, 35000, 'Maryati', '-', '-', 2),
('2011-12-31 00:00:00', 180, 233, 10000, 'Maryati', '-', '-', 1),
('2011-12-28 00:00:00', 211, 160, 500000, 'Maryati', '-', '-', 1),
('2011-12-30 00:00:00', 185, 178, 800000, 'Dwi Pratiwi', '-', '-', 1),
('2011-12-31 00:00:00', 185, 188, 35000, 'Dwi Pratiwi', '-', '-', 2),
('2011-12-30 00:00:00', 179, 242, 150000, 'Dwi Pratiwi', '-', '-', 1),
('2011-12-31 00:00:00', 179, 188, 35000, 'Dwi Pratiwi', '-', '-', 2),
('2011-12-30 00:00:00', 211, 157, 400000, 'Dwi Pratiwi', '-', '-', 1),
('2011-12-29 00:00:00', 182, 191, 0, 'Laila Kurniati', '-', '-', 0),
('2011-12-29 00:00:00', 182, 190, 0, 'Laila Kurniati', '-', '-', 0),
('2011-12-29 00:00:00', 180, 244, 200000, 'Laila Kurniati', '-', '-', 1),
('2011-12-30 00:00:00', 180, 190, 50000, 'Laila Kurniati', '-', '-', 2),
('2011-12-29 00:00:00', 210, 164, 600000, 'Laila Kurniati', '-', '-', 1),
('2011-12-30 00:00:00', 182, 172, 250000, 'Lutfi Udkhidatun', '-', '-', 1),
('2011-12-31 00:00:00', 182, 188, 35000, 'Lutfi Udkhidatun', '-', '-', 2),
('2011-12-30 00:00:00', 178, 188, 17500, 'Lutfi Udkhidatun', '-', '-', 1),
('2011-12-31 00:00:00', 178, 233, 10000, 'Lutfi Udkhidatun', '-', '-', 1),
('2011-12-30 00:00:00', 185, 178, 800000, 'Sri Ika Anggraeni', '-', '-', 1),
('2011-12-31 00:00:00', 185, 188, 35000, 'Sri Ika Anggraeni', '-', '-', 2),
('2011-12-30 00:00:00', 179, 242, 150000, 'Sri Ika Anggraeni', '-', '-', 1),
('2011-12-31 00:00:00', 179, 188, 35000, 'Sri Ika Anggraeni', '-', '-', 2),
('2011-12-30 00:00:00', 210, 157, 400000, 'Sri Ika Anggraeni', '-', '-', 1),
('2011-12-31 00:00:00', 183, 221, 300000, 'Sulistyowati', '-', '-', 1),
('2011-12-31 00:00:00', 213, 165, 200000, 'Sulistyowati', '-', '-', 1),
('2011-12-31 00:00:00', 184, 169, 300000, 'Fatimatun Khasanah', '-', '-', 1),
('2011-12-31 00:00:00', 213, 165, 200000, 'Fatimatun Khasanah', '-', '-', 1),
('2011-12-31 00:00:00', 183, 304, 700000, 'Wahyu Rista', '-', '-', 1),
('2011-12-31 00:00:00', 183, 189, 40000, 'Wahyu Rista', '-', '-', 2),
('2011-12-31 00:00:00', 213, 367, 200000, 'Wahyu Rista', '-', '-', 1),
('2011-12-31 00:00:00', 214, 238, 600000, 'Monica Rosyada', '-', '-', 1),
('2011-12-30 00:00:00', 214, 190, 100000, 'Monica Rosyada', '-', '-', 4),
('2011-12-30 00:00:00', 214, 184, 20000, 'Monica Rosyada', '-', '-', 1),
('2011-12-31 00:00:00', 178, 190, 25000, 'Monica Rosyada', '-', '-', 1),
('2011-12-30 00:00:00', 214, 284, 1100000, 'Agustina Tiur', '-', '-', 1),
('2011-12-30 00:00:00', 214, 189, 60000, 'Agustina Tiur', '-', '-', 3),
('2012-01-01 00:00:00', 70, 1, 75000, '-', '-', '-', 15),
('2011-12-30 00:00:00', 179, 249, 250000, 'Agustina Tiur', '-', '-', 1),
('2011-12-31 00:00:00', 179, 189, 40000, 'Agustina Tiur', '-', '-', 2),
('2011-12-30 00:00:00', 211, 163, 600000, 'Agustina Tiur', '-', '-', 1),
('2011-12-30 00:00:00', 208, 178, 800000, 'Rubini', '-', '-', 1),
('2011-12-30 00:00:00', 208, 188, 52500, 'Rubini', '-', '-', 3),
('2011-12-30 00:00:00', 179, 242, 150000, 'Rubini', '-', '-', 1),
('2011-12-31 00:00:00', 179, 188, 35000, 'Rubini', '-', '-', 2),
('2011-12-30 00:00:00', 211, 157, 400000, 'Rubini', '-', '-', 1),
('2011-12-30 00:00:00', 183, 206, 1300000, 'Ika Retnadi', '-', '-', 1),
('2011-12-31 00:00:00', 183, 190, 75000, 'Ika Retnadi', '-', '-', 3),
('2011-12-30 00:00:00', 179, 249, 250000, 'Ika Retnadi', '-', '-', 1),
('2011-12-31 00:00:00', 179, 190, 50000, 'Ika Retnadi', '-', '-', 2),
('2011-12-30 00:00:00', 211, 162, 700000, 'Ika Retnadi', '-', '-', 1),
('2011-12-31 00:00:00', 183, 172, 250000, 'Cahya Aristha', '-', '-', 1),
('2011-12-31 00:00:00', 183, 188, 35000, 'Cahya Aristha', '-', '-', 2),
('2011-12-31 00:00:00', 178, 188, 17500, 'Cahya Aristha', '-', '-', 1),
('2011-12-31 00:00:00', 184, 190, 75000, 'Retno Utamiyati', '-', '-', 3),
('2011-12-30 00:00:00', 184, 291, 1300000, 'Retno Utamiyati', '-', '-', 1),
('2011-12-30 00:00:00', 211, 298, 600000, 'Retno Utamiyati', '-', '-', 1),
('2011-12-30 00:00:00', 182, 208, 1700000, 'Siti Alfiah', '-', '-', 1),
('2011-12-29 00:00:00', 182, 222, 175000, 'Siti Alfiah', '-', '-', 5),
('2011-12-30 00:00:00', 179, 352, 275000, 'Siti Alfiah', '-', '-', 1),
('2011-12-31 00:00:00', 179, 222, 70000, 'Siti Alfiah', '-', '-', 2),
('2011-12-30 00:00:00', 211, 230, 900000, 'Siti Alfiah', '-', '-', 1),
('2011-12-30 00:00:00', 214, 209, 1500000, 'Merly Rosalina', '-', '-', 1),
('2011-12-30 00:00:00', 214, 195, 120000, 'Merly Rosalina', '-', '-', 4),
('2011-12-30 00:00:00', 179, 249, 250000, 'Merly Rosalina', '-', '-', 1),
('2011-12-31 00:00:00', 179, 195, 60000, 'Merly Rosalina', '-', '-', 2),
('2011-12-30 00:00:00', 211, 156, 800000, 'Merly Rosalina', '-', '-', 1),
('2011-12-01 00:00:00', 194, 127, 9000, '-', '-', '-', 3),
('2011-12-01 00:00:00', 194, 131, 4000, '-', '-', '-', 2),
('2011-12-01 00:00:00', 196, 142, 6000, '-', '-', '-', 2),
('2011-12-01 00:00:00', 196, 135, 3000, '-', '-', '-', 1),
('2011-12-01 00:00:00', 196, 138, 10000, '-', '-', '-', 1),
('2011-12-01 00:00:00', 193, 144, 9000, '-', '-', '-', 3),
('2011-12-01 00:00:00', 193, 146, 5000, '-', '-', '-', 1),
('2011-12-01 00:00:00', 193, 142, 9000, '-', '-', '-', 3),
('2011-12-01 00:00:00', 193, 137, 5000, '-', '-', '-', 1),
('2011-12-01 00:00:00', 193, 140, 4000, '-', '-', '-', 2),
('2011-12-01 00:00:00', 193, 132, 4000, '-', '-', '-', 4),
('2011-12-01 00:00:00', 193, 129, 6000, '-', '-', '-', 1),
('2011-12-01 00:00:00', 193, 380, 2000, '-', '-', '-', 2),
('2011-12-13 00:00:00', 178, 249, 250000, 'Istiqomah', '-', '-', 1),
('2011-12-12 00:00:00', 178, 245, 225000, 'Melia Nur Pratiwi', '-', '-', 1),
('2011-12-12 00:00:00', 178, 244, 200000, 'Ennit Wulandari', '-', '-', 1),
('2011-12-13 00:00:00', 178, 242, 150000, 'Pri Wahyuni', '-', '-', 1),
('2011-12-20 00:00:00', 178, 243, 175000, 'Sri wantutik', '-', '-', 1),
('2011-12-01 00:00:00', 180, 242, 150000, 'Winarti', '-', '-', 1),
('2011-12-07 00:00:00', 180, 249, 250000, 'Titik Haryati', '-', '-', 1),
('2011-12-08 00:00:00', 180, 190, 50000, 'Titik Haryati', '-', '-', 2),
('2011-12-17 00:00:00', 183, 172, 250000, 'Anik Retno', '-', '-', 1),
('2011-12-23 00:00:00', 183, 381, 300000, 'Suprapti', '-', '-', 1),
('2011-12-31 00:00:00', 183, 383, 350000, 'Wahyu Rista', '-', '-', 1),
('2011-12-15 00:00:00', 185, 381, 300000, 'Sherly', '-', '-', 1),
('2011-12-25 00:00:00', 206, 242, 150000, 'Asteria Amanda', '-', '-', 1),
('2011-12-25 00:00:00', 206, 247, 150000, 'Jarwanti', '-', '-', 1),
('2011-12-06 00:00:00', 210, 378, 300000, 'Agnes H Parera', '-', '-', 1),
('2011-12-06 00:00:00', 218, 372, 600000, 'Agnes H Parera', '-', '-', 1),
('2011-12-08 00:00:00', 218, 188, 17500, 'Agnes H Parera', '-', '-', 1),
('2011-12-06 00:00:00', 210, 167, 700000, 'Erika Setya', '-', '-', 1),
('2011-12-18 00:00:00', 210, 164, 600000, 'Atik bariyatun', '-', '-', 1),
('2011-12-24 00:00:00', 218, 388, 450000, 'An Adul', '-', '-', 1),
('2011-12-24 00:00:00', 210, 389, 200000, 'An Adul', '-', '-', 1),
('2011-12-19 00:00:00', 211, 162, 700000, 'dr Candra Safitri', '-', '-', 1),
('2011-12-23 00:00:00', 211, 367, 200000, 'Suprapti', '-', '-', 1),
('2011-12-23 00:00:00', 214, 371, 700000, 'Sri Purwaningsih', '-', '-', 1),
('2012-01-01 00:00:00', 70, 10, 15000, '-', '-', '-', 1),
('2012-01-01 00:00:00', 16, 1, 60000, '-', '-', '-', 12),
('2012-01-01 00:00:00', 16, 10, 15000, '-', '-', '-', 1),
('2012-01-01 00:00:00', 16, 93, 10000, '-', '-', '-', 1),
('2012-01-01 00:00:00', 38, 1, 110000, '-', '-', '-', 22),
('2012-01-01 00:00:00', 6, 1, 85000, '-', '-', '-', 17),
('2012-01-01 00:00:00', 6, 10, 45000, '-', '-', '-', 3),
('2012-01-01 00:00:00', 6, 93, 10000, '-', '-', '-', 1),
('2012-01-01 00:00:00', 90, 1, 90000, '-', '-', '-', 18),
('2012-01-01 00:00:00', 7, 1, 70000, '-', '-', '-', 14),
('2012-01-01 00:00:00', 7, 10, 30000, '-', '-', '-', 2),
('2012-01-01 00:00:00', 7, 93, 30000, '-', '-', '-', 3),
('2012-01-01 00:00:00', 78, 1, 80000, '-', '-', '-', 16),
('2012-01-01 00:00:00', 78, 10, 15000, '-', '-', '-', 1),
('2012-01-01 00:00:00', 78, 93, 20000, '-', '-', '-', 2),
('2012-01-01 00:00:00', 94, 1, 70000, '-', '-', '-', 14),
('2012-01-01 00:00:00', 114, 7, 2500, '-', '-', '-', 1),
('2012-01-01 00:00:00', 23, 7, 2500, '-', '-', '-', 1),
('2012-01-01 00:00:00', 80, 7, 25000, '-', '-', '-', 10),
('2012-01-01 00:00:00', 80, 82, 5000, '-', '-', '-', 1),
('2012-01-01 00:00:00', 49, 82, 5000, '-', '-', '-', 1),
('2012-01-01 00:00:00', 129, 7, 25000, '-', '-', '-', 10),
('2012-01-01 00:00:00', 129, 82, 10000, '-', '-', '-', 2),
('2012-01-01 00:00:00', 65, 82, 5000, '-', '-', '-', 1),
('2012-01-01 00:00:00', 202, 7, 7500, '-', '-', '-', 3),
('2012-01-01 00:00:00', 202, 82, 20000, '-', '-', '-', 4),
('2012-01-01 00:00:00', 192, 1, 40000, '-', '-', '-', 8),
('2012-01-01 00:00:00', 18, 20, 150000, '-', '-', '-', 2),
('2012-01-01 00:00:00', 18, 18, 200000, '-', '-', '-', 1),
('2012-01-01 00:00:00', 10, 20, 75000, '-', '-', '-', 1),
('2012-01-01 00:00:00', 10, 19, 150000, '-', '-', '-', 1),
('2012-01-01 00:00:00', 52, 20, 150000, '-', '-', '-', 2),
('2012-01-01 00:00:00', 29, 20, 75000, '-', '-', '-', 1),
('2012-01-01 00:00:00', 29, 21, 100000, '-', '-', '-', 2),
('2012-01-01 00:00:00', 21, 20, 75000, '-', '-', '-', 1),
('2012-01-01 00:00:00', 21, 18, 400000, '-', '-', '-', 2),
('2012-01-01 00:00:00', 20, 20, 75000, '-', '-', '-', 1),
('2012-01-01 00:00:00', 4, 19, 150000, '-', '-', '-', 1),
('2012-01-01 00:00:00', 21, 21, 50000, '-', '-', '-', 1),
('2012-01-01 00:00:00', 21, 106, 110000, '-', '-', '-', 11),
('2012-01-01 00:00:00', 29, 106, 200000, '-', '-', '-', 20),
('2012-01-01 00:00:00', 38, 106, 350000, '-', '-', '-', 35),
('2012-01-01 00:00:00', 16, 106, 300000, '-', '-', '-', 30),
('2012-01-01 00:00:00', 27, 106, 330000, '-', '-', '-', 33),
('2012-01-01 00:00:00', 52, 106, 320000, '-', '-', '-', 32),
('2012-01-01 00:00:00', 21, 107, 1255000, '-', '-', '-', 251),
('2012-01-01 00:00:00', 52, 107, 60000, '-', '-', '-', 12),
('2012-01-01 00:00:00', 13, 28, 81000, '-', '-', '-', 9),
('2012-01-01 00:00:00', 141, 94, 60000, '-', '-', '-', 6),
('2012-01-01 00:00:00', 141, 118, 200000, '-', '-', '-', 4),
('2012-01-01 00:00:00', 141, 219, 280000, '-', '-', '-', 7),
('2012-01-01 00:00:00', 54, 28, 108000, '-', '-', '-', 12),
('2012-01-01 00:00:00', 62, 28, 18000, '-', '-', '-', 2),
('2012-01-01 00:00:00', 124, 28, 63000, '-', '-', '-', 7),
('2012-01-01 00:00:00', 159, 22, 5400000, '-', '-', '-', 54),
('2012-01-01 00:00:00', 159, 23, 75000, '-', '-', '-', 1),
('2012-01-01 00:00:00', 160, 22, 7100000, '-', '-', '-', 71),
('2012-01-01 00:00:00', 160, 23, 375000, '-', '-', '-', 5),
('2012-01-01 00:00:00', 162, 22, 1300000, '-', '-', '-', 13),
('2012-01-01 00:00:00', 162, 23, 8250000, '-', '-', '-', 110),
('2012-01-01 00:00:00', 166, 22, 400000, '-', '-', '-', 4),
('2012-01-01 00:00:00', 166, 23, 150000, '-', '-', '-', 2),
('2012-01-01 00:00:00', 169, 23, 525000, '-', '-', '-', 7),
('2012-01-01 00:00:00', 169, 92, 840000, '-', '-', '-', 21),
('2012-01-01 00:00:00', 1, 23, 1125000, '-', '-', '-', 15),
('2012-01-01 00:00:00', 1, 111, 3150000, '-', '-', '-', 105),
('2012-01-01 00:00:00', 4, 23, 75000, '-', '-', '-', 1),
('2012-01-01 00:00:00', 4, 92, 4600000, '-', '-', '-', 115),
('2012-01-01 00:00:00', 21, 92, 720000, '-', '-', '-', 18),
('2012-01-01 00:00:00', 18, 92, 840000, '-', '-', '-', 21),
('2012-01-01 00:00:00', 164, 24, 6100000, '-', '-', '-', 61),
('2012-01-01 00:00:00', 164, 27, 2400000, '-', '-', '-', 24),
('2012-01-01 00:00:00', 167, 24, 3700000, '-', '-', '-', 37),
('2012-01-01 00:00:00', 170, 24, 2000000, '-', '-', '-', 20),
('2012-01-01 00:00:00', 172, 24, 700000, '-', '-', '-', 7),
('2012-01-01 00:00:00', 162, 24, 100000, '-', '-', '-', 1),
('2012-01-01 00:00:00', 201, 24, 1600000, '-', '-', '-', 16),
('2012-01-01 00:00:00', 34, 28, 18000, '-', '-', '-', 2),
('2012-01-01 00:00:00', 34, 29, 45000, '-', '-', '-', 3),
('2012-01-01 00:00:00', 34, 30, 450000, '-', '-', '-', 3),
('2012-01-01 00:00:00', 141, 95, 105000, '-', '-', '-', 7),
('2012-01-01 00:00:00', 141, 125, 5000, '-', '-', '-', 1),
('2012-01-01 00:00:00', 149, 118, 50000, '-', '-', '-', 1),
('2012-01-01 00:00:00', 149, 95, 15000, '-', '-', '-', 1),
('2012-01-01 00:00:00', 146, 219, 200000, '-', '-', '-', 5),
('2012-01-01 00:00:00', 146, 118, 200000, '-', '-', '-', 4),
('2012-01-01 00:00:00', 141, 42, 37500, '-', '-', '-', 1),
('2012-01-01 00:00:00', 141, 40, 125000, '-', '-', '-', 2),
('2012-01-01 00:00:00', 141, 47, 37500, '-', '-', '-', 1),
('2012-01-01 00:00:00', 141, 45, 62500, '-', '-', '-', 1),
('2012-01-01 00:00:00', 141, 51, 87500, '-', '-', '-', 1),
('2012-01-01 00:00:00', 141, 53, 112500, '-', '-', '-', 1),
('2012-01-01 00:00:00', 141, 52, 150000, '-', '-', '-', 2),
('2012-01-01 00:00:00', 141, 62, 25000, '-', '-', '-', 5),
('2012-01-01 00:00:00', 141, 155, 20000, '-', '-', '-', 4),
('2012-01-01 00:00:00', 141, 101, 20000, '-', '-', '-', 1),
('2012-01-01 00:00:00', 141, 68, 30000, '-', '-', '-', 2),
('2012-01-01 00:00:00', 141, 113, 7500, '-', '-', '-', 1),
('2012-01-01 00:00:00', 141, 124, 6500, '-', '-', '-', 1),
('2012-01-01 00:00:00', 149, 41, 100000, '-', '-', '-', 2),
('2012-01-01 00:00:00', 149, 44, 87500, '-', '-', '-', 1),
('2012-01-01 00:00:00', 146, 94, 60000, '-', '-', '-', 6),
('2012-01-01 00:00:00', 146, 95, 90000, '-', '-', '-', 6),
('2012-01-01 00:00:00', 146, 124, 19500, '-', '-', '-', 3),
('2012-01-01 00:00:00', 146, 113, 15000, '-', '-', '-', 2),
('2012-01-01 00:00:00', 146, 51, 87500, '-', '-', '-', 1),
('2012-01-01 00:00:00', 146, 42, 112500, '-', '-', '-', 3),
('2012-01-01 00:00:00', 146, 41, 100000, '-', '-', '-', 2),
('2012-01-01 00:00:00', 146, 62, 15000, '-', '-', '-', 3),
('2012-01-01 00:00:00', 153, 219, 160000, '-', '-', '-', 4),
('2012-01-01 00:00:00', 153, 118, 300000, '-', '-', '-', 6),
('2012-01-01 00:00:00', 153, 94, 60000, '-', '-', '-', 6),
('2012-01-01 00:00:00', 153, 95, 180000, '-', '-', '-', 12),
('2012-01-01 00:00:00', 153, 55, 125000, '-', '-', '-', 1),
('2012-01-01 00:00:00', 153, 42, 262500, '-', '-', '-', 7),
('2012-01-01 00:00:00', 153, 40, 62500, '-', '-', '-', 1),
('2012-01-01 00:00:00', 153, 47, 37500, '-', '-', '-', 1),
('2012-01-01 00:00:00', 153, 44, 87500, '-', '-', '-', 1),
('2012-01-01 00:00:00', 153, 41, 100000, '-', '-', '-', 2),
('2012-01-01 00:00:00', 153, 62, 5000, '-', '-', '-', 1),
('2012-01-01 00:00:00', 153, 124, 13000, '-', '-', '-', 2),
('2012-01-01 00:00:00', 153, 52, 75000, '-', '-', '-', 1),
('2012-01-01 00:00:00', 153, 51, 87500, '-', '-', '-', 1),
('2012-01-01 00:00:00', 155, 219, 120000, '-', '-', '-', 3),
('2012-01-01 00:00:00', 155, 118, 100000, '-', '-', '-', 2),
('2012-01-01 00:00:00', 155, 94, 70000, '-', '-', '-', 7),
('2012-01-01 00:00:00', 155, 95, 165000, '-', '-', '-', 11),
('2012-01-01 00:00:00', 155, 113, 15000, '-', '-', '-', 2),
('2012-01-01 00:00:00', 155, 124, 13000, '-', '-', '-', 2),
('2012-01-01 00:00:00', 155, 43, 75000, '-', '-', '-', 1),
('2012-01-01 00:00:00', 155, 42, 37500, '-', '-', '-', 1),
('2012-01-01 00:00:00', 154, 118, 300000, '-', '-', '-', 6),
('2012-01-01 00:00:00', 154, 95, 195000, '-', '-', '-', 13),
('2012-01-01 00:00:00', 154, 113, 7500, '-', '-', '-', 1),
('2012-01-01 00:00:00', 154, 62, 5000, '-', '-', '-', 1),
('2012-01-01 00:00:00', 154, 42, 150000, '-', '-', '-', 4),
('2012-01-01 00:00:00', 154, 47, 37500, '-', '-', '-', 1),
('2012-01-01 00:00:00', 154, 155, 5000, '-', '-', '-', 1),
('2012-01-01 00:00:00', 150, 219, 120000, '-', '-', '-', 3),
('2012-01-01 00:00:00', 150, 94, 60000, '-', '-', '-', 6),
('2012-01-01 00:00:00', 150, 113, 7500, '-', '-', '-', 1),
('2012-01-01 00:00:00', 150, 62, 5000, '-', '-', '-', 1),
('2012-01-01 00:00:00', 150, 47, 37500, '-', '-', '-', 1),
('2012-01-01 00:00:00', 150, 387, 20000, '-', '-', '-', 1),
('2012-01-01 00:00:00', 150, 41, 50000, '-', '-', '-', 1),
('2012-01-01 00:00:00', 199, 220, 260000, '-', '-', '-', 13),
('2012-01-01 00:00:00', 199, 118, 50000, '-', '-', '-', 1),
('2012-01-01 00:00:00', 199, 94, 280000, '-', '-', '-', 28),
('2012-01-01 00:00:00', 199, 95, 30000, '-', '-', '-', 2),
('2012-01-01 00:00:00', 199, 124, 13000, '-', '-', '-', 2),
('2012-01-01 00:00:00', 199, 78, 2500, '-', '-', '-', 1),
('2012-01-01 00:00:00', 199, 410, 10000, '-', '-', '-', 1),
('2012-01-01 00:00:00', 199, 155, 180000, '-', '-', '-', 36),
('2012-01-01 00:00:00', 199, 63, 10000, '-', '-', '-', 1),
('2012-01-01 00:00:00', 199, 218, 10000, '-', '-', '-', 2),
('2012-01-01 00:00:00', 199, 42, 37500, '-', '-', '-', 1),
('2012-01-01 00:00:00', 199, 40, 62500, '-', '-', '-', 1),
('2012-01-01 00:00:00', 199, 57, 150000, '-', '-', '-', 2),
('2012-01-01 00:00:00', 199, 47, 37500, '-', '-', '-', 1),
('2012-01-01 00:00:00', 199, 101, 20000, '-', '-', '-', 1),
('2012-01-01 00:00:00', 199, 412, 7500, '-', '-', '-', 1),
('2012-01-01 00:00:00', 197, 219, 120000, '-', '-', '-', 3),
('2012-01-01 00:00:00', 197, 118, 150000, '-', '-', '-', 3),
('2012-01-01 00:00:00', 197, 94, 80000, '-', '-', '-', 8),
('2012-01-01 00:00:00', 197, 95, 60000, '-', '-', '-', 4),
('2012-01-01 00:00:00', 197, 57, 75000, '-', '-', '-', 1),
('2012-01-01 00:00:00', 197, 42, 150000, '-', '-', '-', 4),
('2012-01-01 00:00:00', 197, 54, 125000, '-', '-', '-', 1),
('2012-01-01 00:00:00', 197, 50, 100000, '-', '-', '-', 1),
('2012-01-01 00:00:00', 197, 55, 125000, '-', '-', '-', 1),
('2012-01-01 00:00:00', 197, 52, 75000, '-', '-', '-', 1),
('2012-01-01 00:00:00', 197, 78, 2500, '-', '-', '-', 1),
('2012-01-01 00:00:00', 197, 40, 187500, '-', '-', '-', 3),
('2012-01-01 00:00:00', 197, 124, 6500, '-', '-', '-', 1),
('2012-01-01 00:00:00', 197, 41, 100000, '-', '-', '-', 2),
('2012-01-01 00:00:00', 152, 219, 40000, '-', '-', '-', 1),
('2012-01-01 00:00:00', 152, 118, 300000, '-', '-', '-', 6),
('2012-01-01 00:00:00', 152, 94, 50000, '-', '-', '-', 5),
('2012-01-01 00:00:00', 152, 95, 105000, '-', '-', '-', 7),
('2012-01-01 00:00:00', 152, 155, 15000, '-', '-', '-', 3),
('2012-01-01 00:00:00', 152, 47, 112500, '-', '-', '-', 3),
('2012-01-01 00:00:00', 152, 46, 50000, '-', '-', '-', 1),
('2012-01-01 00:00:00', 152, 53, 112500, '-', '-', '-', 1),
('2012-01-01 00:00:00', 152, 51, 87500, '-', '-', '-', 1),
('2012-01-01 00:00:00', 152, 40, 62500, '-', '-', '-', 1),
('2012-01-01 00:00:00', 152, 41, 100000, '-', '-', '-', 2),
('2012-01-01 00:00:00', 152, 42, 75000, '-', '-', '-', 2),
('2012-01-01 00:00:00', 152, 55, 250000, '-', '-', '-', 2),
('2012-01-01 00:00:00', 226, 219, 280000, '-', '-', '-', 7),
('2012-01-01 00:00:00', 226, 94, 130000, '-', '-', '-', 13),
('2012-01-01 00:00:00', 226, 155, 5000, '-', '-', '-', 1),
('2012-01-01 00:00:00', 226, 42, 37500, '-', '-', '-', 1),
('2012-01-01 00:00:00', 226, 41, 50000, '-', '-', '-', 1),
('2012-01-01 00:00:00', 226, 40, 125000, '-', '-', '-', 2),
('2012-01-01 00:00:00', 226, 43, 75000, '-', '-', '-', 1),
('2012-01-01 00:00:00', 226, 103, 5000, '-', '-', '-', 1),
('2012-01-01 00:00:00', 226, 113, 7500, '-', '-', '-', 1),
('2012-01-01 00:00:00', 226, 124, 6500, '-', '-', '-', 1),
('2012-01-01 00:00:00', 226, 68, 15000, '-', '-', '-', 1),
('2012-01-01 00:00:00', 226, 62, 15000, '-', '-', '-', 3),
('2012-01-01 00:00:00', 225, 219, 120000, '-', '-', '-', 3),
('2012-01-01 00:00:00', 225, 118, 200000, '-', '-', '-', 4),
('2012-01-01 00:00:00', 225, 94, 60000, '-', '-', '-', 6),
('2012-01-01 00:00:00', 225, 95, 195000, '-', '-', '-', 13),
('2012-01-01 00:00:00', 225, 42, 187500, '-', '-', '-', 5),
('2012-01-01 00:00:00', 225, 40, 312500, '-', '-', '-', 5),
('2012-01-01 00:00:00', 225, 46, 50000, '-', '-', '-', 1),
('2012-01-01 00:00:00', 225, 45, 62500, '-', '-', '-', 1),
('2012-01-01 00:00:00', 225, 101, 20000, '-', '-', '-', 1),
('2012-01-01 00:00:00', 225, 113, 15000, '-', '-', '-', 2),
('2012-01-01 00:00:00', 225, 54, 125000, '-', '-', '-', 1),
('2012-01-01 00:00:00', 232, 219, 200000, '-', '-', '-', 5),
('2012-01-01 00:00:00', 232, 118, 50000, '-', '-', '-', 1),
('2012-01-01 00:00:00', 232, 94, 60000, '-', '-', '-', 6),
('2012-01-01 00:00:00', 232, 55, 125000, '-', '-', '-', 1),
('2012-01-01 00:00:00', 232, 40, 187500, '-', '-', '-', 3),
('2012-01-01 00:00:00', 232, 44, 87500, '-', '-', '-', 1),
('2012-01-01 00:00:00', 232, 155, 5000, '-', '-', '-', 1),
('2012-01-01 00:00:00', 232, 113, 7500, '-', '-', '-', 1),
('2012-01-01 00:00:00', 231, 219, 80000, '-', '-', '-', 2),
('2012-01-01 00:00:00', 231, 94, 50000, '-', '-', '-', 5),
('2012-01-01 00:00:00', 231, 124, 6500, '-', '-', '-', 1),
('2012-01-01 00:00:00', 231, 113, 7500, '-', '-', '-', 1),
('2012-01-01 00:00:00', 231, 155, 5000, '-', '-', '-', 1),
('2012-01-01 00:00:00', 233, 219, 40000, '-', '-', '-', 1),
('2012-01-01 00:00:00', 233, 94, 30000, '-', '-', '-', 3),
('2012-01-01 00:00:00', 233, 42, 37500, '-', '-', '-', 1),
('2012-01-01 00:00:00', 230, 118, 100000, '-', '-', '-', 2),
('2012-01-01 00:00:00', 230, 95, 15000, '-', '-', '-', 1),
('2012-01-01 00:00:00', 230, 53, 112500, '-', '-', '-', 1),
('2012-01-01 00:00:00', 230, 41, 100000, '-', '-', '-', 2),
('2012-01-01 00:00:00', 230, 50, 100000, '-', '-', '-', 1),
('2012-01-01 00:00:00', 230, 47, 37500, '-', '-', '-', 1),
('2012-01-01 00:00:00', 230, 42, 37500, '-', '-', '-', 1),
('2012-01-01 00:00:00', 230, 411, 12500, '-', '-', '-', 1),
('2012-02-01 00:00:00', 21, 106, 240000, '-', '-', '-', 24),
('2012-02-01 00:00:00', 16, 106, 300000, '-', '-', '-', 30),
('2012-02-01 00:00:00', 27, 106, 310000, '-', '-', '-', 31),
('2012-02-01 00:00:00', 29, 106, 340000, '-', '-', '-', 34),
('2012-02-01 00:00:00', 38, 106, 330000, '-', '-', '-', 33),
('2012-02-01 00:00:00', 52, 106, 240000, '-', '-', '-', 24),
('2012-03-01 00:00:00', 154, 219, 80000, '-', '-', '-', 2),
('2012-02-01 00:00:00', 51, 20, 75000, '-', '-', '-', 1),
('2012-02-01 00:00:00', 20, 20, 75000, '-', '-', '-', 1),
('2012-02-01 00:00:00', 18, 21, 50000, '-', '-', '-', 1),
('2012-02-01 00:00:00', 18, 20, 75000, '-', '-', '-', 1),
('2012-02-01 00:00:00', 18, 19, 150000, '-', '-', '-', 1),
('2012-02-01 00:00:00', 69, 18, 200000, '-', '-', '-', 1),
('2012-02-01 00:00:00', 10, 21, 50000, '-', '-', '-', 1),
('2012-02-01 00:00:00', 29, 21, 50000, '-', '-', '-', 1),
('2012-02-01 00:00:00', 28, 21, 50000, '-', '-', '-', 1),
('2012-02-01 00:00:00', 69, 7, 5000, '-', '-', '-', 2),
('2012-02-01 00:00:00', 29, 7, 2500, '-', '-', '-', 1),
('2012-02-01 00:00:00', 70, 1, 90000, '-', '-', '-', 18),
('2012-02-01 00:00:00', 70, 10, 15000, '-', '-', '-', 1),
('2012-02-01 00:00:00', 16, 1, 20000, '-', '-', '-', 4),
('2012-02-01 00:00:00', 16, 10, 30000, '-', '-', '-', 2),
('2012-02-01 00:00:00', 38, 1, 50000, '-', '-', '-', 10),
('2012-02-01 00:00:00', 6, 1, 80000, '-', '-', '-', 16),
('2012-02-01 00:00:00', 6, 10, 15000, '-', '-', '-', 1),
('2012-02-01 00:00:00', 6, 93, 10000, '-', '-', '-', 1),
('2012-02-01 00:00:00', 90, 1, 45000, '-', '-', '-', 9),
('2012-02-01 00:00:00', 90, 10, 15000, '-', '-', '-', 1),
('2012-02-01 00:00:00', 7, 1, 80000, '-', '-', '-', 16),
('2012-02-01 00:00:00', 7, 10, 15000, '-', '-', '-', 1),
('2012-02-01 00:00:00', 7, 93, 40000, '-', '-', '-', 4),
('2012-02-01 00:00:00', 78, 1, 60000, '-', '-', '-', 12),
('2012-02-01 00:00:00', 78, 93, 30000, '-', '-', '-', 3),
('2012-02-01 00:00:00', 94, 1, 90000, '-', '-', '-', 18),
('2012-02-01 00:00:00', 114, 7, 2500, '-', '-', '-', 1),
('2012-02-01 00:00:00', 71, 15, 42000, '-', '-', '-', 14),
('2012-02-01 00:00:00', 80, 7, 10000, '-', '-', '-', 4),
('2012-02-01 00:00:00', 42, 15, 24000, '-', '-', '-', 8),
('2012-02-01 00:00:00', 125, 7, 5000, '-', '-', '-', 2),
('2012-02-01 00:00:00', 129, 7, 22500, '-', '-', '-', 9),
('2012-02-01 00:00:00', 65, 7, 10000, '-', '-', '-', 4),
('2012-02-01 00:00:00', 198, 15, 27000, '-', '-', '-', 9),
('2012-02-01 00:00:00', 204, 7, 2500, '-', '-', '-', 1),
('2012-02-01 00:00:00', 204, 15, 3000, '-', '-', '-', 1),
('2012-02-01 00:00:00', 192, 1, 45000, '-', '-', '-', 9),
('2012-02-01 00:00:00', 21, 107, 1105000, '-', '-', '-', 221),
('2012-02-01 00:00:00', 52, 107, 65000, '-', '-', '-', 13),
('2012-02-01 00:00:00', 13, 28, 72000, '-', '-', '-', 8),
('2012-02-01 00:00:00', 19, 28, 27000, '-', '-', '-', 3),
('2012-02-01 00:00:00', 54, 28, 54000, '-', '-', '-', 6),
('2012-02-01 00:00:00', 124, 28, 63000, '-', '-', '-', 7),
('2012-02-01 00:00:00', 34, 29, 45000, '-', '-', '-', 3),
('2012-02-01 00:00:00', 34, 30, 600000, '-', '-', '-', 4),
('2012-02-01 00:00:00', 159, 22, 5300000, '-', '-', '-', 53),
('2012-02-01 00:00:00', 160, 22, 5100000, '-', '-', '-', 51),
('2012-02-01 00:00:00', 160, 23, 150000, '-', '-', '-', 2),
('2012-02-01 00:00:00', 166, 22, 700000, '-', '-', '-', 7),
('2012-02-01 00:00:00', 166, 23, 750000, '-', '-', '-', 10),
('2012-02-01 00:00:00', 241, 22, 100000, '-', '-', '-', 1),
('2012-02-01 00:00:00', 162, 22, 500000, '-', '-', '-', 5),
('2012-02-01 00:00:00', 169, 23, 450000, '-', '-', '-', 6),
('2012-02-01 00:00:00', 169, 92, 960000, '-', '-', '-', 24),
('2012-02-01 00:00:00', 1, 23, 825000, '-', '-', '-', 11),
('2012-02-01 00:00:00', 1, 111, 2340000, '-', '-', '-', 78),
('2012-02-01 00:00:00', 4, 23, 150000, '-', '-', '-', 2),
('2012-02-01 00:00:00', 4, 92, 3480000, '-', '-', '-', 87),
('2012-02-01 00:00:00', 242, 23, 75000, '-', '-', '-', 1),
('2012-02-01 00:00:00', 21, 92, 360000, '-', '-', '-', 9),
('2012-02-01 00:00:00', 18, 22, 100000, '-', '-', '-', 1),
('2012-02-01 00:00:00', 18, 92, 1280000, '-', '-', '-', 32),
('2012-02-01 00:00:00', 20, 92, 120000, '-', '-', '-', 3),
('2012-02-01 00:00:00', 27, 92, 80000, '-', '-', '-', 2),
('2012-02-01 00:00:00', 164, 24, 4000000, '-', '-', '-', 40),
('2012-02-01 00:00:00', 164, 27, 1300000, '-', '-', '-', 13),
('2012-02-01 00:00:00', 167, 24, 3300000, '-', '-', '-', 33),
('2012-02-01 00:00:00', 170, 24, 2300000, '-', '-', '-', 23),
('2012-02-01 00:00:00', 172, 24, 200000, '-', '-', '-', 2),
('2012-02-01 00:00:00', 243, 24, 1500000, '-', '-', '-', 15),
('2012-02-01 00:00:00', 141, 219, 160000, '-', '-', '-', 4),
('2012-02-01 00:00:00', 141, 118, 500000, '-', '-', '-', 10),
('2012-02-01 00:00:00', 141, 94, 220000, '-', '-', '-', 22),
('2012-02-01 00:00:00', 141, 95, 705000, '-', '-', '-', 47),
('2012-02-01 00:00:00', 162, 23, 6375000, '-', '-', '-', 85),
('2012-02-01 00:00:00', 141, 413, 7000, '-', '-', '-', 1),
('2012-02-01 00:00:00', 141, 124, 19500, '-', '-', '-', 3),
('2012-02-01 00:00:00', 141, 62, 10000, '-', '-', '-', 2),
('2012-02-01 00:00:00', 141, 113, 15000, '-', '-', '-', 2),
('2012-02-01 00:00:00', 141, 79, 5000, '-', '-', '-', 1),
('2012-02-01 00:00:00', 141, 55, 250000, '-', '-', '-', 2),
('2012-02-01 00:00:00', 141, 50, 200000, '-', '-', '-', 2),
('2012-02-01 00:00:00', 141, 52, 75000, '-', '-', '-', 1),
('2012-02-01 00:00:00', 141, 40, 187500, '-', '-', '-', 3),
('2012-02-01 00:00:00', 141, 41, 150000, '-', '-', '-', 3),
('2012-02-01 00:00:00', 141, 42, 187500, '-', '-', '-', 5),
('2012-02-01 00:00:00', 141, 43, 75000, '-', '-', '-', 1),
('2012-02-01 00:00:00', 141, 46, 50000, '-', '-', '-', 1),
('2012-02-01 00:00:00', 141, 47, 37500, '-', '-', '-', 1),
('2012-02-01 00:00:00', 141, 49, 87500, '-', '-', '-', 1),
('2012-02-01 00:00:00', 141, 155, 5000, '-', '-', '-', 1),
('2012-02-01 00:00:00', 146, 219, 80000, '-', '-', '-', 2),
('2012-02-01 00:00:00', 146, 118, 300000, '-', '-', '-', 6),
('2012-02-01 00:00:00', 146, 94, 100000, '-', '-', '-', 10),
('2012-02-01 00:00:00', 146, 95, 330000, '-', '-', '-', 22),
('2012-02-01 00:00:00', 153, 219, 160000, '-', '-', '-', 4),
('2012-02-01 00:00:00', 153, 118, 200000, '-', '-', '-', 4),
('2012-02-01 00:00:00', 153, 94, 250000, '-', '-', '-', 25),
('2012-02-01 00:00:00', 153, 95, 270000, '-', '-', '-', 18),
('2012-02-01 00:00:00', 155, 219, 120000, '-', '-', '-', 3),
('2012-02-01 00:00:00', 155, 118, 100000, '-', '-', '-', 2),
('2012-02-01 00:00:00', 155, 94, 90000, '-', '-', '-', 9),
('2012-02-01 00:00:00', 155, 95, 180000, '-', '-', '-', 12),
('2012-02-01 00:00:00', 199, 220, 200000, '-', '-', '-', 10),
('2012-02-01 00:00:00', 199, 94, 320000, '-', '-', '-', 32),
('2012-02-01 00:00:00', 199, 125, 5000, '-', '-', '-', 1),
('2012-02-01 00:00:00', 197, 219, 40000, '-', '-', '-', 1),
('2012-02-01 00:00:00', 197, 118, 350000, '-', '-', '-', 7),
('2012-02-01 00:00:00', 197, 94, 50000, '-', '-', '-', 5),
('2012-02-01 00:00:00', 197, 95, 435000, '-', '-', '-', 29),
('2012-02-01 00:00:00', 152, 219, 40000, '-', '-', '-', 1),
('2012-02-01 00:00:00', 152, 118, 250000, '-', '-', '-', 5),
('2012-02-01 00:00:00', 152, 94, 80000, '-', '-', '-', 8),
('2012-02-01 00:00:00', 152, 95, 315000, '-', '-', '-', 21),
('2012-02-01 00:00:00', 226, 219, 280000, '-', '-', '-', 7),
('2012-02-01 00:00:00', 226, 94, 440000, '-', '-', '-', 44),
('2012-02-01 00:00:00', 225, 219, 160000, '-', '-', '-', 4),
('2012-02-01 00:00:00', 225, 94, 130000, '-', '-', '-', 13),
('2012-02-01 00:00:00', 232, 219, 320000, '-', '-', '-', 8),
('2012-02-01 00:00:00', 232, 94, 360000, '-', '-', '-', 36),
('2012-02-01 00:00:00', 231, 219, 240000, '-', '-', '-', 6),
('2012-02-01 00:00:00', 231, 118, 150000, '-', '-', '-', 3),
('2012-02-01 00:00:00', 231, 94, 230000, '-', '-', '-', 23),
('2012-02-01 00:00:00', 231, 95, 225000, '-', '-', '-', 15),
('2012-02-01 00:00:00', 225, 62, 15000, '-', '-', '-', 3),
('2012-02-01 00:00:00', 225, 113, 15000, '-', '-', '-', 2),
('2012-02-01 00:00:00', 225, 40, 62500, '-', '-', '-', 1),
('2012-02-01 00:00:00', 225, 42, 37500, '-', '-', '-', 1),
('2012-02-01 00:00:00', 225, 43, 75000, '-', '-', '-', 1),
('2012-02-01 00:00:00', 225, 45, 62500, '-', '-', '-', 1);
INSERT INTO `tindakan` (`tgl`, `id`, `tnd`, `jm`, `nm_pasien`, `kamar`, `diagnosa`, `jmlh`) VALUES
('2012-02-01 00:00:00', 232, 124, 6500, '-', '-', '-', 1),
('2012-02-01 00:00:00', 232, 41, 50000, '-', '-', '-', 1),
('2012-02-01 00:00:00', 232, 42, 75000, '-', '-', '-', 2),
('2012-02-01 00:00:00', 226, 124, 6500, '-', '-', '-', 1),
('2012-02-01 00:00:00', 226, 68, 15000, '-', '-', '-', 1),
('2012-02-01 00:00:00', 226, 40, 62500, '-', '-', '-', 1),
('2012-02-01 00:00:00', 226, 47, 37500, '-', '-', '-', 1),
('2012-02-01 00:00:00', 226, 155, 15000, '-', '-', '-', 3),
('2012-02-01 00:00:00', 199, 104, 10000, '-', '-', '-', 1),
('2012-02-01 00:00:00', 199, 413, 7000, '-', '-', '-', 1),
('2012-02-01 00:00:00', 199, 124, 6500, '-', '-', '-', 1),
('2012-02-01 00:00:00', 199, 40, 62500, '-', '-', '-', 1),
('2012-02-01 00:00:00', 199, 41, 150000, '-', '-', '-', 3),
('2012-02-01 00:00:00', 199, 42, 37500, '-', '-', '-', 1),
('2012-02-01 00:00:00', 199, 44, 87500, '-', '-', '-', 1),
('2012-02-01 00:00:00', 199, 46, 50000, '-', '-', '-', 1),
('2012-02-01 00:00:00', 199, 155, 70000, '-', '-', '-', 14),
('2012-02-01 00:00:00', 231, 124, 13000, '-', '-', '-', 2),
('2012-02-01 00:00:00', 231, 62, 20000, '-', '-', '-', 4),
('2012-02-01 00:00:00', 231, 113, 15000, '-', '-', '-', 2),
('2012-02-01 00:00:00', 231, 40, 125000, '-', '-', '-', 2),
('2012-02-01 00:00:00', 231, 41, 50000, '-', '-', '-', 1),
('2012-02-01 00:00:00', 231, 42, 150000, '-', '-', '-', 4),
('2012-02-01 00:00:00', 231, 43, 75000, '-', '-', '-', 1),
('2012-02-01 00:00:00', 231, 155, 35000, '-', '-', '-', 7),
('2012-02-01 00:00:00', 146, 124, 13000, '-', '-', '-', 2),
('2012-02-01 00:00:00', 146, 63, 10000, '-', '-', '-', 1),
('2012-02-01 00:00:00', 146, 113, 7500, '-', '-', '-', 1),
('2012-02-01 00:00:00', 146, 41, 150000, '-', '-', '-', 3),
('2012-02-01 00:00:00', 146, 42, 150000, '-', '-', '-', 4),
('2012-02-01 00:00:00', 146, 46, 50000, '-', '-', '-', 1),
('2012-02-01 00:00:00', 146, 48, 75000, '-', '-', '-', 1),
('2012-02-01 00:00:00', 146, 155, 10000, '-', '-', '-', 2),
('2012-02-01 00:00:00', 197, 62, 20000, '-', '-', '-', 4),
('2012-02-01 00:00:00', 197, 63, 10000, '-', '-', '-', 1),
('2012-02-01 00:00:00', 197, 113, 22500, '-', '-', '-', 3),
('2012-02-01 00:00:00', 197, 43, 150000, '-', '-', '-', 2),
('2012-02-01 00:00:00', 197, 50, 200000, '-', '-', '-', 2),
('2012-02-01 00:00:00', 197, 52, 150000, '-', '-', '-', 2),
('2012-02-01 00:00:00', 197, 40, 62500, '-', '-', '-', 1),
('2012-02-01 00:00:00', 197, 41, 100000, '-', '-', '-', 2),
('2012-02-01 00:00:00', 197, 42, 75000, '-', '-', '-', 2),
('2012-02-01 00:00:00', 152, 62, 5000, '-', '-', '-', 1),
('2012-02-01 00:00:00', 152, 55, 250000, '-', '-', '-', 2),
('2012-02-01 00:00:00', 152, 51, 262500, '-', '-', '-', 3),
('2012-02-01 00:00:00', 152, 52, 75000, '-', '-', '-', 1),
('2012-02-01 00:00:00', 152, 57, 75000, '-', '-', '-', 1),
('2012-02-01 00:00:00', 152, 41, 50000, '-', '-', '-', 1),
('2012-02-01 00:00:00', 152, 42, 75000, '-', '-', '-', 2),
('2012-02-01 00:00:00', 152, 47, 37500, '-', '-', '-', 1),
('2012-02-01 00:00:00', 152, 48, 75000, '-', '-', '-', 1),
('2012-02-01 00:00:00', 155, 78, 2500, '-', '-', '-', 1),
('2012-02-01 00:00:00', 155, 55, 125000, '-', '-', '-', 1),
('2012-02-01 00:00:00', 155, 40, 187500, '-', '-', '-', 3),
('2012-02-01 00:00:00', 155, 41, 50000, '-', '-', '-', 1),
('2012-02-01 00:00:00', 155, 42, 112500, '-', '-', '-', 3),
('2012-02-01 00:00:00', 155, 43, 75000, '-', '-', '-', 1),
('2012-02-01 00:00:00', 155, 47, 37500, '-', '-', '-', 1),
('2012-02-01 00:00:00', 153, 101, 20000, '-', '-', '-', 1),
('2012-02-01 00:00:00', 153, 62, 5000, '-', '-', '-', 1),
('2012-02-01 00:00:00', 153, 113, 7500, '-', '-', '-', 1),
('2012-02-01 00:00:00', 153, 79, 5000, '-', '-', '-', 1),
('2012-02-01 00:00:00', 153, 40, 187500, '-', '-', '-', 3),
('2012-02-01 00:00:00', 153, 42, 75000, '-', '-', '-', 2),
('2012-02-01 00:00:00', 153, 155, 20000, '-', '-', '-', 4),
('2012-02-01 00:00:00', 244, 41, 50000, '-', '-', '-', 1),
('2012-02-01 00:00:00', 244, 42, 37500, '-', '-', '-', 1),
('2012-02-01 00:00:00', 244, 43, 75000, '-', '-', '-', 1),
('2012-03-01 00:00:00', 154, 94, 70000, '-', '-', '-', 7),
('2012-03-01 00:00:00', 154, 413, 7000, '-', '-', '-', 1),
('2012-03-01 00:00:00', 154, 42, 75000, '-', '-', '-', 2),
('2012-03-01 00:00:00', 4, 21, 50000, '-', '-', '-', 1),
('2012-03-01 00:00:00', 21, 21, 50000, '-', '-', '-', 1),
('2012-03-01 00:00:00', 18, 21, 100000, '-', '-', '-', 2),
('2012-03-01 00:00:00', 28, 21, 50000, '-', '-', '-', 1),
('2012-03-01 00:00:00', 18, 20, 225000, '-', '-', '-', 3),
('2012-03-01 00:00:00', 18, 18, 200000, '-', '-', '-', 1),
('2012-03-01 00:00:00', 10, 19, 150000, '-', '-', '-', 1),
('2012-03-01 00:00:00', 29, 20, 75000, '-', '-', '-', 1),
('2012-03-01 00:00:00', 4, 19, 150000, '-', '-', '-', 1),
('2012-03-01 00:00:00', 4, 18, 200000, '-', '-', '-', 1),
('2012-03-01 00:00:00', 46, 20, 75000, '-', '-', '-', 1),
('2012-03-01 00:00:00', 69, 82, 5000, '-', '-', '-', 1),
('2012-03-01 00:00:00', 59, 82, 10000, '-', '-', '-', 2),
('2012-03-01 00:00:00', 59, 7, 5000, '-', '-', '-', 2),
('2012-03-01 00:00:00', 51, 82, 5000, '-', '-', '-', 1),
('2012-03-01 00:00:00', 60, 82, 5000, '-', '-', '-', 1),
('2012-03-01 00:00:00', 131, 15, 6000, '-', '-', '-', 2),
('2012-03-01 00:00:00', 70, 1, 85000, '-', '-', '-', 17),
('2012-03-01 00:00:00', 70, 93, 20000, '-', '-', '-', 2),
('2012-03-01 00:00:00', 70, 10, 30000, '-', '-', '-', 2),
('2012-03-01 00:00:00', 16, 1, 70000, '-', '-', '-', 14),
('2012-03-01 00:00:00', 16, 10, 75000, '-', '-', '-', 5),
('2012-03-01 00:00:00', 38, 1, 115000, '-', '-', '-', 23),
('2012-03-01 00:00:00', 38, 10, 30000, '-', '-', '-', 2),
('2012-03-01 00:00:00', 6, 1, 90000, '-', '-', '-', 18),
('2012-03-01 00:00:00', 6, 10, 30000, '-', '-', '-', 2),
('2012-03-01 00:00:00', 90, 1, 70000, '-', '-', '-', 14),
('2012-03-01 00:00:00', 7, 1, 50000, '-', '-', '-', 10),
('2012-03-01 00:00:00', 7, 10, 30000, '-', '-', '-', 2),
('2012-03-01 00:00:00', 7, 93, 30000, '-', '-', '-', 3),
('2012-03-01 00:00:00', 78, 1, 95000, '-', '-', '-', 19),
('2012-03-01 00:00:00', 78, 10, 15000, '-', '-', '-', 1),
('2012-03-01 00:00:00', 78, 93, 10000, '-', '-', '-', 1),
('2012-03-01 00:00:00', 94, 1, 55000, '-', '-', '-', 11),
('2012-03-01 00:00:00', 71, 15, 30000, '-', '-', '-', 10),
('2012-03-01 00:00:00', 80, 7, 12500, '-', '-', '-', 5),
('2012-03-01 00:00:00', 42, 15, 27000, '-', '-', '-', 9),
('2012-03-01 00:00:00', 129, 7, 17500, '-', '-', '-', 7),
('2012-03-01 00:00:00', 65, 7, 7500, '-', '-', '-', 3),
('2012-03-01 00:00:00', 198, 15, 30000, '-', '-', '-', 10),
('2012-03-01 00:00:00', 202, 7, 42500, '-', '-', '-', 17),
('2012-03-01 00:00:00', 202, 82, 5000, '-', '-', '-', 1),
('2012-03-01 00:00:00', 202, 15, 6000, '-', '-', '-', 2),
('2012-03-01 00:00:00', 192, 1, 80000, '-', '-', '-', 16),
('2012-03-01 00:00:00', 21, 106, 310000, '-', '-', '-', 31),
('2012-03-01 00:00:00', 21, 107, 1000000, '-', '-', '-', 200),
('2012-03-01 00:00:00', 16, 106, 290000, '-', '-', '-', 29),
('2012-03-01 00:00:00', 38, 106, 270000, '-', '-', '-', 27),
('2012-03-01 00:00:00', 29, 106, 310000, '-', '-', '-', 31),
('2012-03-01 00:00:00', 27, 106, 400000, '-', '-', '-', 40),
('2012-03-01 00:00:00', 52, 106, 400000, '-', '-', '-', 40),
('2012-03-01 00:00:00', 52, 107, 95000, '-', '-', '-', 19),
('2012-03-01 00:00:00', 13, 28, 45000, '-', '-', '-', 5),
('2012-03-01 00:00:00', 19, 28, 9000, '-', '-', '-', 1),
('2012-03-01 00:00:00', 34, 28, 27000, '-', '-', '-', 3),
('2012-03-01 00:00:00', 34, 29, 60000, '-', '-', '-', 4),
('2012-03-01 00:00:00', 34, 30, 900000, '-', '-', '-', 6),
('2012-03-01 00:00:00', 54, 28, 45000, '-', '-', '-', 5),
('2012-03-01 00:00:00', 62, 28, 27000, '-', '-', '-', 3),
('2012-03-01 00:00:00', 124, 28, 72000, '-', '-', '-', 8),
('2012-03-01 00:00:00', 159, 22, 5300000, '-', '-', '-', 53),
('2012-03-01 00:00:00', 159, 23, 75000, '-', '-', '-', 1),
('2012-03-01 00:00:00', 160, 22, 6300000, '-', '-', '-', 63),
('2012-03-01 00:00:00', 160, 23, 675000, '-', '-', '-', 9),
('2012-03-01 00:00:00', 162, 22, 500000, '-', '-', '-', 5),
('2012-03-01 00:00:00', 162, 23, 6525000, '-', '-', '-', 87),
('2012-03-01 00:00:00', 166, 22, 900000, '-', '-', '-', 9),
('2012-03-01 00:00:00', 166, 23, 900000, '-', '-', '-', 12),
('2012-03-01 00:00:00', 161, 22, 300000, '-', '-', '-', 3),
('2012-03-01 00:00:00', 161, 23, 225000, '-', '-', '-', 3),
('2012-03-01 00:00:00', 247, 23, 75000, '-', '-', '-', 1),
('2012-03-01 00:00:00', 248, 23, 150000, '-', '-', '-', 2),
('2012-03-01 00:00:00', 1, 23, 1050000, '-', '-', '-', 14),
('2012-03-01 00:00:00', 1, 111, 2940000, '-', '-', '-', 98),
('2012-03-01 00:00:00', 169, 92, 600000, '-', '-', '-', 15),
('2012-03-01 00:00:00', 4, 23, 225000, '-', '-', '-', 3),
('2012-03-01 00:00:00', 4, 92, 4400000, '-', '-', '-', 110),
('2012-03-01 00:00:00', 21, 92, 560000, '-', '-', '-', 14),
('2012-03-01 00:00:00', 18, 92, 1080000, '-', '-', '-', 27),
('2012-03-01 00:00:00', 27, 92, 40000, '-', '-', '-', 1),
('2012-03-01 00:00:00', 164, 24, 6400000, '-', '-', '-', 64),
('2012-03-01 00:00:00', 164, 27, 2100000, '-', '-', '-', 21),
('2012-03-01 00:00:00', 167, 24, 4000000, '-', '-', '-', 40),
('2012-03-01 00:00:00', 170, 24, 1800000, '-', '-', '-', 18),
('2012-03-01 00:00:00', 201, 24, 800000, '-', '-', '-', 8),
('2012-03-01 00:00:00', 225, 219, 280000, '-', '-', '-', 7),
('2012-03-01 00:00:00', 225, 118, 100000, '-', '-', '-', 2),
('2012-03-01 00:00:00', 225, 94, 510000, '-', '-', '-', 51),
('2012-03-01 00:00:00', 225, 95, 165000, '-', '-', '-', 11),
('2012-03-01 00:00:00', 225, 103, 5000, '-', '-', '-', 1),
('2012-03-01 00:00:00', 225, 413, 7000, '-', '-', '-', 1),
('2012-03-01 00:00:00', 225, 124, 26000, '-', '-', '-', 4),
('2012-03-01 00:00:00', 225, 62, 5000, '-', '-', '-', 1),
('2012-03-01 00:00:00', 225, 113, 22500, '-', '-', '-', 3),
('2012-03-01 00:00:00', 225, 55, 250000, '-', '-', '-', 2),
('2012-03-01 00:00:00', 225, 40, 125000, '-', '-', '-', 2),
('2012-03-01 00:00:00', 225, 41, 50000, '-', '-', '-', 1),
('2012-03-01 00:00:00', 225, 42, 37500, '-', '-', '-', 1),
('2012-03-01 00:00:00', 225, 48, 75000, '-', '-', '-', 1),
('2012-03-01 00:00:00', 225, 78, 2500, '-', '-', '-', 1),
('2012-03-01 00:00:00', 141, 219, 200000, '-', '-', '-', 5),
('2012-03-01 00:00:00', 141, 118, 100000, '-', '-', '-', 2),
('2012-03-01 00:00:00', 141, 94, 250000, '-', '-', '-', 25),
('2012-03-01 00:00:00', 141, 95, 240000, '-', '-', '-', 16),
('2012-03-01 00:00:00', 141, 103, 5000, '-', '-', '-', 1),
('2012-03-01 00:00:00', 141, 124, 6500, '-', '-', '-', 1),
('2012-03-01 00:00:00', 141, 113, 7500, '-', '-', '-', 1),
('2012-03-01 00:00:00', 141, 40, 62500, '-', '-', '-', 1),
('2012-03-01 00:00:00', 141, 41, 50000, '-', '-', '-', 1),
('2012-03-01 00:00:00', 141, 42, 187500, '-', '-', '-', 5),
('2012-03-01 00:00:00', 141, 44, 87500, '-', '-', '-', 1),
('2012-03-01 00:00:00', 141, 47, 37500, '-', '-', '-', 1),
('2012-03-01 00:00:00', 249, 219, 200000, '-', '-', '-', 5),
('2012-03-01 00:00:00', 249, 118, 100000, '-', '-', '-', 2),
('2012-03-01 00:00:00', 249, 94, 410000, '-', '-', '-', 41),
('2012-03-01 00:00:00', 249, 95, 240000, '-', '-', '-', 16),
('2012-03-01 00:00:00', 249, 103, 5000, '-', '-', '-', 1),
('2012-03-01 00:00:00', 249, 104, 10000, '-', '-', '-', 1),
('2012-03-01 00:00:00', 249, 413, 14000, '-', '-', '-', 2),
('2012-03-01 00:00:00', 249, 124, 19500, '-', '-', '-', 3),
('2012-03-01 00:00:00', 249, 62, 10000, '-', '-', '-', 2),
('2012-03-01 00:00:00', 249, 63, 10000, '-', '-', '-', 1),
('2012-03-01 00:00:00', 249, 113, 22500, '-', '-', '-', 3),
('2012-03-01 00:00:00', 249, 52, 75000, '-', '-', '-', 1),
('2012-03-01 00:00:00', 249, 57, 75000, '-', '-', '-', 1),
('2012-03-01 00:00:00', 249, 40, 187500, '-', '-', '-', 3),
('2012-03-01 00:00:00', 249, 41, 50000, '-', '-', '-', 1),
('2012-03-01 00:00:00', 249, 42, 187500, '-', '-', '-', 5),
('2012-03-01 00:00:00', 249, 155, 5000, '-', '-', '-', 1),
('2012-03-01 00:00:00', 232, 219, 200000, '-', '-', '-', 5),
('2012-03-01 00:00:00', 232, 94, 260000, '-', '-', '-', 26),
('2012-03-01 00:00:00', 232, 62, 15000, '-', '-', '-', 3),
('2012-03-01 00:00:00', 232, 113, 15000, '-', '-', '-', 2),
('2012-03-01 00:00:00', 232, 42, 112500, '-', '-', '-', 3),
('2012-03-01 00:00:00', 232, 411, 12500, '-', '-', '-', 1),
('2012-03-01 00:00:00', 232, 155, 10000, '-', '-', '-', 2),
('2012-03-01 00:00:00', 226, 219, 200000, '-', '-', '-', 5),
('2012-03-01 00:00:00', 226, 118, 100000, '-', '-', '-', 2),
('2012-03-01 00:00:00', 226, 94, 220000, '-', '-', '-', 22),
('2012-03-01 00:00:00', 226, 95, 270000, '-', '-', '-', 18),
('2012-03-01 00:00:00', 226, 413, 7000, '-', '-', '-', 1),
('2012-03-01 00:00:00', 226, 62, 15000, '-', '-', '-', 3),
('2012-03-01 00:00:00', 226, 101, 20000, '-', '-', '-', 1),
('2012-03-01 00:00:00', 226, 113, 15000, '-', '-', '-', 2),
('2012-03-01 00:00:00', 226, 41, 150000, '-', '-', '-', 3),
('2012-03-01 00:00:00', 226, 42, 37500, '-', '-', '-', 1),
('2012-03-01 00:00:00', 226, 155, 5000, '-', '-', '-', 1),
('2012-03-01 00:00:00', 199, 219, 440000, '-', '-', '-', 11),
('2012-03-01 00:00:00', 199, 95, 855000, '-', '-', '-', 57),
('2012-03-01 00:00:00', 199, 414, 15000, '-', '-', '-', 1),
('2012-03-01 00:00:00', 199, 413, 7000, '-', '-', '-', 1),
('2012-03-01 00:00:00', 199, 124, 39000, '-', '-', '-', 6),
('2012-03-01 00:00:00', 199, 62, 5000, '-', '-', '-', 1),
('2012-03-01 00:00:00', 199, 113, 7500, '-', '-', '-', 1),
('2012-03-01 00:00:00', 199, 52, 75000, '-', '-', '-', 1),
('2012-03-01 00:00:00', 199, 40, 125000, '-', '-', '-', 2),
('2012-03-01 00:00:00', 199, 41, 100000, '-', '-', '-', 2),
('2012-03-01 00:00:00', 199, 42, 112500, '-', '-', '-', 3),
('2012-03-01 00:00:00', 199, 44, 87500, '-', '-', '-', 1),
('2012-03-01 00:00:00', 199, 45, 62500, '-', '-', '-', 1),
('2012-03-01 00:00:00', 199, 47, 37500, '-', '-', '-', 1),
('2012-03-01 00:00:00', 199, 155, 5000, '-', '-', '-', 1),
('2012-03-01 00:00:00', 199, 119, 26250, '-', '-', '-', 3),
('2012-03-01 00:00:00', 199, 78, 2500, '-', '-', '-', 1),
('2012-03-01 00:00:00', 231, 219, 40000, '-', '-', '-', 1),
('2012-03-01 00:00:00', 231, 118, 300000, '-', '-', '-', 6),
('2012-03-01 00:00:00', 231, 94, 90000, '-', '-', '-', 9),
('2012-03-01 00:00:00', 231, 95, 510000, '-', '-', '-', 34),
('2012-03-01 00:00:00', 231, 124, 13000, '-', '-', '-', 2),
('2012-03-01 00:00:00', 231, 62, 5000, '-', '-', '-', 1),
('2012-03-01 00:00:00', 231, 101, 20000, '-', '-', '-', 1),
('2012-03-01 00:00:00', 231, 113, 15000, '-', '-', '-', 2),
('2012-03-01 00:00:00', 231, 55, 125000, '-', '-', '-', 1),
('2012-03-01 00:00:00', 231, 41, 150000, '-', '-', '-', 3),
('2012-03-01 00:00:00', 146, 219, 40000, '-', '-', '-', 1),
('2012-03-01 00:00:00', 146, 118, 300000, '-', '-', '-', 6),
('2012-03-01 00:00:00', 146, 94, 80000, '-', '-', '-', 8),
('2012-03-01 00:00:00', 146, 95, 510000, '-', '-', '-', 34),
('2012-03-01 00:00:00', 146, 62, 15000, '-', '-', '-', 3),
('2012-03-01 00:00:00', 146, 113, 22500, '-', '-', '-', 3),
('2012-03-01 00:00:00', 146, 55, 375000, '-', '-', '-', 3),
('2012-03-01 00:00:00', 146, 40, 62500, '-', '-', '-', 1),
('2012-03-01 00:00:00', 146, 41, 250000, '-', '-', '-', 5),
('2012-03-01 00:00:00', 146, 43, 75000, '-', '-', '-', 1),
('2012-03-01 00:00:00', 146, 49, 87500, '-', '-', '-', 1),
('2012-03-01 00:00:00', 146, 47, 37500, '-', '-', '-', 1),
('2012-03-01 00:00:00', 146, 121, 12500, '-', '-', '-', 1),
('2012-03-01 00:00:00', 250, 219, 40000, '-', '-', '-', 1),
('2012-03-01 00:00:00', 250, 94, 90000, '-', '-', '-', 9),
('2012-03-01 00:00:00', 250, 62, 5000, '-', '-', '-', 1),
('2012-03-01 00:00:00', 250, 47, 37500, '-', '-', '-', 1),
('2012-03-01 00:00:00', 250, 78, 2500, '-', '-', '-', 1),
('2012-03-01 00:00:00', 197, 219, 40000, '-', '-', '-', 1),
('2012-03-01 00:00:00', 197, 118, 300000, '-', '-', '-', 6),
('2012-03-01 00:00:00', 197, 94, 50000, '-', '-', '-', 5),
('2012-03-01 00:00:00', 197, 95, 360000, '-', '-', '-', 24),
('2012-03-01 00:00:00', 197, 62, 5000, '-', '-', '-', 1),
('2012-03-01 00:00:00', 197, 113, 30000, '-', '-', '-', 4),
('2012-03-01 00:00:00', 197, 53, 112500, '-', '-', '-', 1),
('2012-03-01 00:00:00', 197, 51, 175000, '-', '-', '-', 2),
('2012-03-01 00:00:00', 197, 52, 150000, '-', '-', '-', 2),
('2012-03-01 00:00:00', 197, 57, 75000, '-', '-', '-', 1),
('2012-03-01 00:00:00', 197, 40, 125000, '-', '-', '-', 2),
('2012-03-01 00:00:00', 197, 41, 150000, '-', '-', '-', 3),
('2012-03-01 00:00:00', 197, 42, 150000, '-', '-', '-', 4),
('2012-03-01 00:00:00', 197, 43, 225000, '-', '-', '-', 3),
('2012-03-01 00:00:00', 152, 118, 400000, '-', '-', '-', 8),
('2012-03-01 00:00:00', 152, 95, 750000, '-', '-', '-', 50),
('2012-03-01 00:00:00', 152, 62, 10000, '-', '-', '-', 2),
('2012-03-01 00:00:00', 152, 63, 20000, '-', '-', '-', 2),
('2012-03-01 00:00:00', 152, 68, 15000, '-', '-', '-', 1),
('2012-03-01 00:00:00', 152, 113, 30000, '-', '-', '-', 4),
('2012-03-01 00:00:00', 152, 55, 500000, '-', '-', '-', 4),
('2012-03-01 00:00:00', 152, 52, 75000, '-', '-', '-', 1),
('2012-03-01 00:00:00', 152, 57, 75000, '-', '-', '-', 1),
('2012-03-01 00:00:00', 152, 40, 312500, '-', '-', '-', 5),
('2012-03-01 00:00:00', 152, 41, 150000, '-', '-', '-', 3),
('2012-03-01 00:00:00', 152, 42, 37500, '-', '-', '-', 1),
('2012-03-01 00:00:00', 152, 43, 75000, '-', '-', '-', 1),
('2012-03-01 00:00:00', 152, 47, 37500, '-', '-', '-', 1),
('2012-03-01 00:00:00', 155, 219, 40000, '-', '-', '-', 1),
('2012-03-01 00:00:00', 155, 118, 150000, '-', '-', '-', 3),
('2012-03-01 00:00:00', 155, 94, 60000, '-', '-', '-', 6),
('2012-03-01 00:00:00', 155, 95, 405000, '-', '-', '-', 27),
('2012-03-01 00:00:00', 155, 413, 7000, '-', '-', '-', 1),
('2012-03-01 00:00:00', 155, 124, 6500, '-', '-', '-', 1),
('2012-03-01 00:00:00', 155, 63, 10000, '-', '-', '-', 1),
('2012-03-01 00:00:00', 155, 113, 7500, '-', '-', '-', 1),
('2012-03-01 00:00:00', 155, 55, 125000, '-', '-', '-', 1),
('2012-03-01 00:00:00', 155, 40, 62500, '-', '-', '-', 1),
('2012-03-01 00:00:00', 155, 41, 50000, '-', '-', '-', 1),
('2012-03-01 00:00:00', 155, 78, 5000, '-', '-', '-', 2),
('2012-03-01 00:00:00', 153, 219, 160000, '-', '-', '-', 4),
('2012-03-01 00:00:00', 153, 118, 150000, '-', '-', '-', 3),
('2012-03-01 00:00:00', 153, 94, 250000, '-', '-', '-', 25),
('2012-03-01 00:00:00', 153, 95, 405000, '-', '-', '-', 27),
('2012-03-01 00:00:00', 153, 124, 6500, '-', '-', '-', 1),
('2012-03-01 00:00:00', 153, 62, 15000, '-', '-', '-', 3),
('2012-03-01 00:00:00', 153, 113, 15000, '-', '-', '-', 2),
('2012-03-01 00:00:00', 153, 52, 75000, '-', '-', '-', 1),
('2012-03-01 00:00:00', 153, 40, 125000, '-', '-', '-', 2),
('2012-03-01 00:00:00', 153, 42, 75000, '-', '-', '-', 2),
('2012-03-01 00:00:00', 153, 78, 2500, '-', '-', '-', 1),
('2012-04-01 00:00:00', 69, 81, 5000, '-', '-', '-', 1),
('2012-04-01 00:00:00', 69, 7, 2500, '-', '-', '-', 1),
('2012-04-01 00:00:00', 69, 15, 3000, '-', '-', '-', 1),
('2012-04-01 00:00:00', 130, 81, 5000, '-', '-', '-', 1),
('2012-04-01 00:00:00', 70, 1, 50000, '-', '-', '-', 10),
('2012-04-01 00:00:00', 70, 93, 30000, '-', '-', '-', 3),
('2012-04-01 00:00:00', 70, 10, 15000, '-', '-', '-', 1),
('2012-04-01 00:00:00', 16, 1, 35000, '-', '-', '-', 7),
('2012-04-01 00:00:00', 16, 93, 10000, '-', '-', '-', 1),
('2012-04-01 00:00:00', 16, 10, 105000, '-', '-', '-', 7),
('2012-04-01 00:00:00', 38, 1, 55000, '-', '-', '-', 11),
('2012-04-01 00:00:00', 38, 93, 20000, '-', '-', '-', 2),
('2012-04-01 00:00:00', 38, 10, 150000, '-', '-', '-', 10),
('2012-04-01 00:00:00', 6, 1, 100000, '-', '-', '-', 20),
('2012-04-01 00:00:00', 6, 93, 30000, '-', '-', '-', 3),
('2012-04-01 00:00:00', 6, 10, 45000, '-', '-', '-', 3),
('2012-04-01 00:00:00', 90, 1, 55000, '-', '-', '-', 11),
('2012-04-01 00:00:00', 90, 87, 10000, '-', '-', '-', 1),
('2012-04-01 00:00:00', 7, 1, 45000, '-', '-', '-', 9),
('2012-04-01 00:00:00', 7, 93, 10000, '-', '-', '-', 1),
('2012-04-01 00:00:00', 7, 10, 30000, '-', '-', '-', 2),
('2012-04-01 00:00:00', 78, 1, 35000, '-', '-', '-', 7),
('2012-04-01 00:00:00', 78, 93, 10000, '-', '-', '-', 1),
('2012-04-01 00:00:00', 94, 1, 80000, '-', '-', '-', 16),
('2012-04-01 00:00:00', 114, 7, 7500, '-', '-', '-', 3),
('2012-04-01 00:00:00', 71, 15, 27000, '-', '-', '-', 9),
('2012-04-01 00:00:00', 80, 7, 30000, '-', '-', '-', 12),
('2012-04-01 00:00:00', 42, 15, 30000, '-', '-', '-', 10),
('2012-04-01 00:00:00', 129, 7, 7500, '-', '-', '-', 3),
('2012-04-01 00:00:00', 65, 81, 20000, '-', '-', '-', 4),
('2012-04-01 00:00:00', 65, 15, 3000, '-', '-', '-', 1),
('2012-04-01 00:00:00', 190, 81, 10000, '-', '-', '-', 2),
('2012-04-01 00:00:00', 198, 15, 30000, '-', '-', '-', 10),
('2012-04-01 00:00:00', 202, 7, 10000, '-', '-', '-', 4),
('2012-04-01 00:00:00', 192, 1, 20000, '-', '-', '-', 4),
('2012-04-01 00:00:00', 192, 93, 10000, '-', '-', '-', 1),
('2012-04-01 00:00:00', 29, 21, 100000, '-', '-', '-', 2),
('2012-04-01 00:00:00', 29, 106, 440000, '-', '-', '-', 44),
('2012-04-01 00:00:00', 21, 106, 50000, '-', '-', '-', 5),
('2012-04-01 00:00:00', 21, 107, 1240000, '-', '-', '-', 248),
('2012-04-01 00:00:00', 16, 106, 440000, '-', '-', '-', 44),
('2012-04-01 00:00:00', 38, 106, 210000, '-', '-', '-', 21),
('2012-04-01 00:00:00', 27, 106, 340000, '-', '-', '-', 34),
('2012-04-01 00:00:00', 52, 106, 420000, '-', '-', '-', 42),
('2012-04-01 00:00:00', 52, 107, 65000, '-', '-', '-', 13),
('2012-04-01 00:00:00', 18, 20, 75000, '-', '-', '-', 1),
('2012-04-01 00:00:00', 20, 19, 150000, '-', '-', '-', 1),
('2012-04-01 00:00:00', 20, 20, 75000, '-', '-', '-', 1),
('2012-04-01 00:00:00', 10, 18, 200000, '-', '-', '-', 1),
('2012-04-01 00:00:00', 10, 19, 150000, '-', '-', '-', 1),
('2012-04-01 00:00:00', 46, 21, 50000, '-', '-', '-', 1),
('2012-04-01 00:00:00', 46, 20, 75000, '-', '-', '-', 1),
('2012-04-01 00:00:00', 4, 18, 200000, '-', '-', '-', 1),
('2012-04-01 00:00:00', 10, 21, 50000, '-', '-', '-', 1),
('2012-04-01 00:00:00', 20, 21, 50000, '-', '-', '-', 1),
('2012-04-01 00:00:00', 72, 21, 50000, '-', '-', '-', 1),
('2012-04-01 00:00:00', 13, 28, 45000, '-', '-', '-', 5),
('2012-04-01 00:00:00', 34, 28, 18000, '-', '-', '-', 2),
('2012-04-01 00:00:00', 34, 29, 75000, '-', '-', '-', 5),
('2012-04-01 00:00:00', 34, 30, 900000, '-', '-', '-', 6),
('2012-04-01 00:00:00', 124, 28, 45000, '-', '-', '-', 5),
('2012-04-01 00:00:00', 141, 219, 160000, '-', '-', '-', 4),
('2012-04-01 00:00:00', 141, 118, 400000, '-', '-', '-', 8),
('2012-04-01 00:00:00', 141, 94, 140000, '-', '-', '-', 14),
('2012-04-01 00:00:00', 141, 95, 465000, '-', '-', '-', 31),
('2012-04-01 00:00:00', 141, 103, 5000, '-', '-', '-', 1),
('2012-04-01 00:00:00', 141, 113, 15000, '-', '-', '-', 2),
('2012-04-01 00:00:00', 141, 40, 125000, '-', '-', '-', 2),
('2012-04-01 00:00:00', 141, 41, 150000, '-', '-', '-', 3),
('2012-04-01 00:00:00', 141, 42, 150000, '-', '-', '-', 4),
('2012-04-01 00:00:00', 141, 45, 62500, '-', '-', '-', 1),
('2012-04-01 00:00:00', 141, 46, 50000, '-', '-', '-', 1),
('2012-04-01 00:00:00', 141, 155, 5000, '-', '-', '-', 1),
('2012-04-01 00:00:00', 249, 94, 780000, '-', '-', '-', 78),
('2012-04-01 00:00:00', 249, 95, 1140000, '-', '-', '-', 76),
('2012-04-01 00:00:00', 249, 124, 45500, '-', '-', '-', 7),
('2012-04-01 00:00:00', 249, 62, 40000, '-', '-', '-', 8),
('2012-04-01 00:00:00', 249, 63, 20000, '-', '-', '-', 2),
('2012-04-01 00:00:00', 249, 68, 15000, '-', '-', '-', 1),
('2012-04-01 00:00:00', 249, 113, 52500, '-', '-', '-', 7),
('2012-04-01 00:00:00', 249, 55, 375000, '-', '-', '-', 3),
('2012-04-01 00:00:00', 249, 53, 112500, '-', '-', '-', 1),
('2012-04-01 00:00:00', 249, 57, 75000, '-', '-', '-', 1),
('2012-04-01 00:00:00', 249, 40, 625000, '-', '-', '-', 10),
('2012-04-01 00:00:00', 249, 41, 100000, '-', '-', '-', 2),
('2012-04-01 00:00:00', 249, 42, 150000, '-', '-', '-', 4),
('2012-04-01 00:00:00', 249, 43, 75000, '-', '-', '-', 1),
('2012-04-01 00:00:00', 249, 45, 62500, '-', '-', '-', 1),
('2012-04-01 00:00:00', 249, 47, 37500, '-', '-', '-', 1),
('2012-04-01 00:00:00', 249, 155, 15000, '-', '-', '-', 3),
('2012-04-01 00:00:00', 226, 118, 200000, '-', '-', '-', 4),
('2012-04-01 00:00:00', 226, 95, 390000, '-', '-', '-', 26),
('2012-04-01 00:00:00', 226, 124, 13000, '-', '-', '-', 2),
('2012-04-01 00:00:00', 226, 62, 10000, '-', '-', '-', 2),
('2012-04-01 00:00:00', 226, 113, 22500, '-', '-', '-', 3),
('2012-04-01 00:00:00', 226, 40, 62500, '-', '-', '-', 1),
('2012-04-01 00:00:00', 226, 41, 100000, '-', '-', '-', 2),
('2012-04-01 00:00:00', 226, 42, 37500, '-', '-', '-', 1),
('2012-04-01 00:00:00', 199, 219, 400000, '-', '-', '-', 10),
('2012-04-01 00:00:00', 199, 94, 540000, '-', '-', '-', 54),
('2012-04-01 00:00:00', 199, 103, 5000, '-', '-', '-', 1),
('2012-04-01 00:00:00', 199, 98, 10000, '-', '-', '-', 1),
('2012-04-01 00:00:00', 199, 124, 32500, '-', '-', '-', 5),
('2012-04-01 00:00:00', 199, 62, 5000, '-', '-', '-', 1),
('2012-04-01 00:00:00', 199, 113, 7500, '-', '-', '-', 1),
('2012-04-01 00:00:00', 199, 40, 125000, '-', '-', '-', 2),
('2012-04-01 00:00:00', 199, 41, 50000, '-', '-', '-', 1),
('2012-04-01 00:00:00', 199, 42, 75000, '-', '-', '-', 2),
('2012-04-01 00:00:00', 199, 43, 75000, '-', '-', '-', 1),
('2012-04-01 00:00:00', 199, 155, 5000, '-', '-', '-', 1),
('2012-04-01 00:00:00', 250, 219, 40000, '-', '-', '-', 1),
('2012-04-01 00:00:00', 250, 118, 50000, '-', '-', '-', 1),
('2012-04-01 00:00:00', 250, 94, 80000, '-', '-', '-', 8),
('2012-04-01 00:00:00', 250, 95, 105000, '-', '-', '-', 7),
('2012-04-01 00:00:00', 250, 124, 6500, '-', '-', '-', 1),
('2012-04-01 00:00:00', 250, 62, 5000, '-', '-', '-', 1),
('2012-04-01 00:00:00', 231, 118, 200000, '-', '-', '-', 4),
('2012-04-01 00:00:00', 231, 219, 160000, '-', '-', '-', 4),
('2012-04-01 00:00:00', 231, 94, 310000, '-', '-', '-', 31),
('2012-04-01 00:00:00', 231, 95, 255000, '-', '-', '-', 17),
('2012-04-01 00:00:00', 231, 124, 13000, '-', '-', '-', 2),
('2012-04-01 00:00:00', 231, 55, 125000, '-', '-', '-', 1),
('2012-04-01 00:00:00', 231, 40, 250000, '-', '-', '-', 4),
('2012-04-01 00:00:00', 231, 41, 50000, '-', '-', '-', 1),
('2012-04-01 00:00:00', 231, 42, 112500, '-', '-', '-', 3),
('2012-04-01 00:00:00', 231, 43, 225000, '-', '-', '-', 3),
('2012-04-01 00:00:00', 231, 47, 37500, '-', '-', '-', 1),
('2012-04-01 00:00:00', 146, 219, 200000, '-', '-', '-', 5),
('2012-04-01 00:00:00', 146, 118, 50000, '-', '-', '-', 1),
('2012-04-01 00:00:00', 146, 94, 300000, '-', '-', '-', 30),
('2012-04-01 00:00:00', 146, 95, 45000, '-', '-', '-', 3),
('2012-04-01 00:00:00', 146, 359, 10000, '-', '-', '-', 1),
('2012-04-01 00:00:00', 146, 124, 19500, '-', '-', '-', 3),
('2012-04-01 00:00:00', 146, 387, 20000, '-', '-', '-', 1),
('2012-04-01 00:00:00', 146, 113, 15000, '-', '-', '-', 2),
('2012-04-01 00:00:00', 146, 40, 125000, '-', '-', '-', 2),
('2012-04-01 00:00:00', 146, 41, 50000, '-', '-', '-', 1),
('2012-04-01 00:00:00', 159, 22, 4600000, '-', '-', '-', 46),
('2012-04-01 00:00:00', 146, 42, 37500, '-', '-', '-', 1),
('2012-04-01 00:00:00', 146, 43, 150000, '-', '-', '-', 2),
('2012-04-01 00:00:00', 146, 45, 62500, '-', '-', '-', 1),
('2012-04-01 00:00:00', 160, 22, 7500000, '-', '-', '-', 75),
('2012-04-01 00:00:00', 160, 23, 75000, '-', '-', '-', 1),
('2012-04-01 00:00:00', 162, 22, 900000, '-', '-', '-', 9),
('2012-04-01 00:00:00', 146, 418, 10000, '-', '-', '-', 1),
('2012-04-01 00:00:00', 162, 23, 7800000, '-', '-', '-', 104),
('2012-04-01 00:00:00', 248, 22, 100000, '-', '-', '-', 1),
('2012-04-01 00:00:00', 197, 219, 120000, '-', '-', '-', 3),
('2012-04-01 00:00:00', 248, 23, 600000, '-', '-', '-', 8),
('2012-04-01 00:00:00', 197, 118, 150000, '-', '-', '-', 3),
('2012-04-01 00:00:00', 1, 22, 100000, '-', '-', '-', 1),
('2012-04-01 00:00:00', 197, 94, 150000, '-', '-', '-', 15),
('2012-04-01 00:00:00', 197, 95, 225000, '-', '-', '-', 15),
('2012-04-01 00:00:00', 197, 62, 5000, '-', '-', '-', 1),
('2012-04-01 00:00:00', 197, 63, 10000, '-', '-', '-', 1),
('2012-04-01 00:00:00', 1, 23, 1125000, '-', '-', '-', 15),
('2012-04-01 00:00:00', 197, 113, 7500, '-', '-', '-', 1),
('2012-04-01 00:00:00', 1, 111, 3180000, '-', '-', '-', 106),
('2012-04-01 00:00:00', 197, 55, 125000, '-', '-', '-', 1),
('2012-04-01 00:00:00', 197, 53, 112500, '-', '-', '-', 1),
('2012-04-01 00:00:00', 197, 40, 62500, '-', '-', '-', 1),
('2012-04-01 00:00:00', 4, 23, 225000, '-', '-', '-', 3),
('2012-04-01 00:00:00', 197, 41, 150000, '-', '-', '-', 3),
('2012-04-01 00:00:00', 4, 92, 4960000, '-', '-', '-', 124),
('2012-04-01 00:00:00', 197, 42, 187500, '-', '-', '-', 5),
('2012-04-01 00:00:00', 197, 48, 75000, '-', '-', '-', 1),
('2012-04-01 00:00:00', 72, 92, 640000, '-', '-', '-', 16),
('2012-04-01 00:00:00', 21, 92, 480000, '-', '-', '-', 12),
('2012-04-01 00:00:00', 152, 219, 40000, '-', '-', '-', 1),
('2012-04-01 00:00:00', 18, 92, 240000, '-', '-', '-', 6),
('2012-04-01 00:00:00', 152, 118, 300000, '-', '-', '-', 6),
('2012-04-01 00:00:00', 169, 92, 640000, '-', '-', '-', 16),
('2012-04-01 00:00:00', 27, 92, 40000, '-', '-', '-', 1),
('2012-04-01 00:00:00', 152, 94, 50000, '-', '-', '-', 5),
('2012-04-01 00:00:00', 152, 95, 435000, '-', '-', '-', 29),
('2012-04-01 00:00:00', 152, 124, 6500, '-', '-', '-', 1),
('2012-04-01 00:00:00', 152, 417, 20000, '-', '-', '-', 1),
('2012-04-01 00:00:00', 152, 62, 5000, '-', '-', '-', 1),
('2012-04-01 00:00:00', 152, 113, 7500, '-', '-', '-', 1),
('2012-04-01 00:00:00', 152, 55, 500000, '-', '-', '-', 4),
('2012-04-01 00:00:00', 152, 52, 75000, '-', '-', '-', 1),
('2012-04-01 00:00:00', 152, 40, 62500, '-', '-', '-', 1),
('2012-04-01 00:00:00', 152, 41, 50000, '-', '-', '-', 1),
('2012-04-01 00:00:00', 167, 24, 3400000, '-', '-', '-', 34),
('2012-04-01 00:00:00', 152, 42, 75000, '-', '-', '-', 2),
('2012-04-01 00:00:00', 152, 47, 37500, '-', '-', '-', 1),
('2012-04-01 00:00:00', 170, 24, 1700000, '-', '-', '-', 17),
('2012-04-01 00:00:00', 155, 219, 120000, '-', '-', '-', 3),
('2012-04-01 00:00:00', 155, 118, 150000, '-', '-', '-', 3),
('2012-04-01 00:00:00', 165, 24, 1100000, '-', '-', '-', 11),
('2012-04-01 00:00:00', 155, 94, 130000, '-', '-', '-', 13),
('2012-04-01 00:00:00', 155, 95, 375000, '-', '-', '-', 25),
('2012-04-01 00:00:00', 161, 22, 300000, '-', '-', '-', 3),
('2012-04-01 00:00:00', 155, 124, 6500, '-', '-', '-', 1),
('2012-04-01 00:00:00', 161, 23, 450000, '-', '-', '-', 6),
('2012-04-01 00:00:00', 155, 113, 7500, '-', '-', '-', 1),
('2012-04-01 00:00:00', 155, 40, 62500, '-', '-', '-', 1),
('2012-04-01 00:00:00', 166, 22, 500000, '-', '-', '-', 5),
('2012-04-01 00:00:00', 155, 42, 75000, '-', '-', '-', 2),
('2012-04-01 00:00:00', 155, 78, 2500, '-', '-', '-', 1),
('2012-04-01 00:00:00', 166, 23, 150000, '-', '-', '-', 2),
('2012-04-01 00:00:00', 153, 219, 120000, '-', '-', '-', 3),
('2012-04-01 00:00:00', 153, 118, 100000, '-', '-', '-', 2),
('2012-04-01 00:00:00', 153, 94, 160000, '-', '-', '-', 16),
('2012-04-01 00:00:00', 153, 95, 165000, '-', '-', '-', 11),
('2012-04-01 00:00:00', 153, 51, 87500, '-', '-', '-', 1),
('2012-04-01 00:00:00', 164, 24, 5600000, '-', '-', '-', 56),
('2012-04-01 00:00:00', 153, 40, 62500, '-', '-', '-', 1),
('2012-04-01 00:00:00', 153, 411, 12500, '-', '-', '-', 1),
('2012-04-01 00:00:00', 153, 155, 5000, '-', '-', '-', 1),
('2012-04-01 00:00:00', 153, 78, 2500, '-', '-', '-', 1),
('2012-04-01 00:00:00', 164, 27, 1600000, '-', '-', '-', 16),
('2012-04-01 00:00:00', 252, 24, 2100000, '-', '-', '-', 21),
('2012-04-01 00:00:00', 232, 219, 40000, '-', '-', '-', 1),
('2012-04-01 00:00:00', 232, 118, 100000, '-', '-', '-', 2),
('2012-04-01 00:00:00', 232, 94, 40000, '-', '-', '-', 4),
('2012-04-01 00:00:00', 232, 95, 150000, '-', '-', '-', 10),
('2012-05-01 00:00:00', 13, 28, 72000, '-', '-', '-', 8),
('2012-05-01 00:00:00', 19, 28, 9000, '-', '-', '-', 1),
('2012-05-01 00:00:00', 34, 28, 27000, '-', '-', '-', 3),
('2012-05-01 00:00:00', 54, 28, 63000, '-', '-', '-', 7),
('2012-05-01 00:00:00', 62, 28, 9000, '-', '-', '-', 1),
('2012-05-01 00:00:00', 124, 28, 126000, '-', '-', '-', 14),
('2012-05-01 00:00:00', 80, 7, 15000, '-', '-', '-', 6),
('2012-05-01 00:00:00', 42, 15, 15000, '-', '-', '-', 5),
('2012-05-01 00:00:00', 47, 15, 15000, '-', '-', '-', 5),
('2012-05-01 00:00:00', 71, 15, 15000, '-', '-', '-', 5),
('2012-05-01 00:00:00', 198, 15, 15000, '-', '-', '-', 5),
('2012-05-01 00:00:00', 21, 107, 695000, '-', '-', '-', 139),
('2012-05-01 00:00:00', 21, 21, 50000, '-', '-', '-', 1),
('2012-05-01 00:00:00', 21, 106, 300000, '-', '-', '-', 30),
('2012-05-01 00:00:00', 52, 107, 100000, '-', '-', '-', 20),
('2012-05-01 00:00:00', 52, 106, 390000, '-', '-', '-', 39),
('2012-05-01 00:00:00', 46, 107, 145000, '-', '-', '-', 29),
('2012-05-01 00:00:00', 46, 106, 210000, '-', '-', '-', 21),
('2012-05-01 00:00:00', 16, 106, 320000, '-', '-', '-', 32),
('2012-05-01 00:00:00', 38, 106, 270000, '-', '-', '-', 27),
('2012-05-01 00:00:00', 29, 106, 290000, '-', '-', '-', 29),
('2012-05-01 00:00:00', 29, 17, 250000, '-', '-', '-', 1),
('2012-05-01 00:00:00', 29, 18, 200000, '-', '-', '-', 1),
('2012-05-01 00:00:00', 29, 20, 150000, '-', '-', '-', 2),
('2012-05-01 00:00:00', 27, 106, 380000, '-', '-', '-', 38),
('2012-05-01 00:00:00', 191, 21, 50000, '-', '-', '-', 1),
('2012-05-01 00:00:00', 10, 21, 50000, '-', '-', '-', 1),
('2012-05-01 00:00:00', 10, 20, 75000, '-', '-', '-', 1),
('2012-05-01 00:00:00', 20, 21, 50000, '-', '-', '-', 1),
('2012-05-01 00:00:00', 72, 21, 50000, '-', '-', '-', 1),
('2012-05-01 00:00:00', 27, 419, 50000, '-', '-', '-', 1),
('2012-05-01 00:00:00', 7, 10, 150000, '-', '-', '-', 10),
('2012-05-01 00:00:00', 6, 1, 75000, '-', '-', '-', 15),
('2012-05-01 00:00:00', 6, 10, 30000, '-', '-', '-', 2),
('2012-05-01 00:00:00', 6, 93, 10000, '-', '-', '-', 1),
('2012-05-01 00:00:00', 16, 1, 25000, '-', '-', '-', 5),
('2012-05-01 00:00:00', 16, 10, 60000, '-', '-', '-', 4),
('2012-05-01 00:00:00', 16, 93, 20000, '-', '-', '-', 2),
('2012-05-01 00:00:00', 70, 1, 80000, '-', '-', '-', 16),
('2012-05-01 00:00:00', 70, 10, 15000, '-', '-', '-', 1),
('2012-05-01 00:00:00', 70, 93, 20000, '-', '-', '-', 2),
('2012-05-01 00:00:00', 78, 1, 90000, '-', '-', '-', 18),
('2012-05-01 00:00:00', 90, 1, 30000, '-', '-', '-', 6),
('2012-05-01 00:00:00', 90, 10, 15000, '-', '-', '-', 1),
('2012-05-01 00:00:00', 90, 93, 10000, '-', '-', '-', 1),
('2012-05-01 00:00:00', 94, 1, 75000, '-', '-', '-', 15),
('2012-05-01 00:00:00', 192, 1, 35000, '-', '-', '-', 7),
('2012-05-01 00:00:00', 204, 1, 5000, '-', '-', '-', 1),
('2012-05-01 00:00:00', 164, 24, 5500000, '-', '-', '-', 55),
('2012-05-01 00:00:00', 167, 24, 2200000, '-', '-', '-', 22),
('2012-05-01 00:00:00', 170, 24, 1300000, '-', '-', '-', 13),
('2012-05-01 00:00:00', 252, 24, 700000, '-', '-', '-', 7),
('2012-05-01 00:00:00', 201, 24, 1200000, '-', '-', '-', 12),
('2012-05-01 00:00:00', 165, 24, 300000, '-', '-', '-', 3),
('2012-05-01 00:00:00', 1, 23, 1050000, '-', '-', '-', 14),
('2012-05-01 00:00:00', 1, 111, 2550000, '-', '-', '-', 85),
('2012-05-01 00:00:00', 4, 23, 225000, '-', '-', '-', 3),
('2012-05-01 00:00:00', 4, 92, 3440000, '-', '-', '-', 86),
('2012-05-01 00:00:00', 21, 92, 360000, '-', '-', '-', 9),
('2012-05-01 00:00:00', 72, 92, 600000, '-', '-', '-', 15),
('2012-05-01 00:00:00', 159, 22, 3100000, '-', '-', '-', 31),
('2012-05-01 00:00:00', 160, 22, 6600000, '-', '-', '-', 66),
('2012-05-01 00:00:00', 160, 23, 450000, '-', '-', '-', 6),
('2012-05-01 00:00:00', 162, 22, 1200000, '-', '-', '-', 12),
('2012-05-01 00:00:00', 162, 23, 5250000, '-', '-', '-', 70),
('2012-05-01 00:00:00', 166, 22, 100000, '-', '-', '-', 1),
('2012-05-01 00:00:00', 166, 23, 375000, '-', '-', '-', 5),
('2012-05-01 00:00:00', 248, 23, 450000, '-', '-', '-', 6),
('2012-05-01 00:00:00', 161, 22, 100000, '-', '-', '-', 1),
('2012-05-01 00:00:00', 169, 23, 525000, '-', '-', '-', 7),
('2012-05-01 00:00:00', 169, 92, 1120000, '-', '-', '-', 28),
('2012-05-01 00:00:00', 164, 27, 3200000, '-', '-', '-', 32),
('2012-05-01 00:00:00', 167, 27, 200000, '-', '-', '-', 2),
('2012-05-01 00:00:00', 146, 118, 50000, '-', '-', '-', 1),
('2012-05-01 00:00:00', 146, 219, 280000, '-', '-', '-', 7),
('2012-05-01 00:00:00', 141, 94, 650000, '-', '-', '-', 65),
('2012-05-01 00:00:00', 141, 95, 660000, '-', '-', '-', 44),
('2012-05-01 00:00:00', 141, 62, 15000, '-', '-', '-', 3),
('2012-05-01 00:00:00', 141, 63, 10000, '-', '-', '-', 1),
('2012-05-01 00:00:00', 141, 101, 20000, '-', '-', '-', 1),
('2012-05-01 00:00:00', 141, 113, 7500, '-', '-', '-', 1),
('2012-05-01 00:00:00', 141, 51, 87500, '-', '-', '-', 1),
('2012-05-01 00:00:00', 141, 40, 125000, '-', '-', '-', 2),
('2012-05-01 00:00:00', 141, 41, 150000, '-', '-', '-', 3),
('2012-05-01 00:00:00', 141, 42, 187500, '-', '-', '-', 5),
('2012-05-01 00:00:00', 141, 45, 62500, '-', '-', '-', 1),
('2012-05-01 00:00:00', 141, 78, 2500, '-', '-', '-', 1),
('2012-05-01 00:00:00', 38, 10, 30000, '-', '-', '-', 2),
('2012-05-01 00:00:00', 249, 94, 740000, '-', '-', '-', 74),
('2012-05-01 00:00:00', 249, 95, 750000, '-', '-', '-', 50),
('2012-05-01 00:00:00', 249, 103, 10000, '-', '-', '-', 2),
('2012-05-01 00:00:00', 249, 62, 20000, '-', '-', '-', 4),
('2012-05-01 00:00:00', 249, 68, 15000, '-', '-', '-', 1),
('2012-05-01 00:00:00', 249, 101, 20000, '-', '-', '-', 1),
('2012-05-01 00:00:00', 249, 113, 52500, '-', '-', '-', 7),
('2012-05-01 00:00:00', 249, 50, 100000, '-', '-', '-', 1),
('2012-05-01 00:00:00', 249, 51, 87500, '-', '-', '-', 1),
('2012-05-01 00:00:00', 249, 52, 150000, '-', '-', '-', 2),
('2012-05-01 00:00:00', 249, 53, 112500, '-', '-', '-', 1),
('2012-05-01 00:00:00', 249, 40, 375000, '-', '-', '-', 6),
('2012-05-01 00:00:00', 249, 41, 200000, '-', '-', '-', 4),
('2012-05-01 00:00:00', 249, 42, 150000, '-', '-', '-', 4),
('2012-05-01 00:00:00', 249, 43, 225000, '-', '-', '-', 3),
('2012-05-01 00:00:00', 249, 44, 87500, '-', '-', '-', 1),
('2012-05-01 00:00:00', 249, 45, 125000, '-', '-', '-', 2),
('2012-05-01 00:00:00', 249, 155, 15000, '-', '-', '-', 3),
('2012-05-01 00:00:00', 249, 78, 2500, '-', '-', '-', 1),
('2012-05-01 00:00:00', 226, 219, 80000, '-', '-', '-', 2),
('2012-05-01 00:00:00', 226, 118, 150000, '-', '-', '-', 3),
('2012-05-01 00:00:00', 226, 94, 150000, '-', '-', '-', 15),
('2012-05-01 00:00:00', 226, 95, 180000, '-', '-', '-', 12),
('2012-05-01 00:00:00', 226, 62, 5000, '-', '-', '-', 1),
('2012-05-01 00:00:00', 226, 113, 7500, '-', '-', '-', 1),
('2012-05-01 00:00:00', 226, 50, 100000, '-', '-', '-', 1),
('2012-05-01 00:00:00', 226, 41, 50000, '-', '-', '-', 1),
('2012-05-01 00:00:00', 226, 43, 75000, '-', '-', '-', 1),
('2012-05-01 00:00:00', 226, 47, 37500, '-', '-', '-', 1),
('2012-05-01 00:00:00', 226, 79, 5000, '-', '-', '-', 1),
('2012-05-01 00:00:00', 226, 80, 7500, '-', '-', '-', 1),
('2012-05-01 00:00:00', 199, 219, 200000, '-', '-', '-', 5),
('2012-05-01 00:00:00', 199, 94, 280000, '-', '-', '-', 28),
('2012-05-01 00:00:00', 199, 104, 10000, '-', '-', '-', 1),
('2012-05-01 00:00:00', 199, 124, 13000, '-', '-', '-', 2),
('2012-05-01 00:00:00', 199, 113, 7500, '-', '-', '-', 1),
('2012-05-01 00:00:00', 199, 40, 125000, '-', '-', '-', 2),
('2012-05-01 00:00:00', 199, 41, 50000, '-', '-', '-', 1),
('2012-05-01 00:00:00', 199, 42, 37500, '-', '-', '-', 1),
('2012-05-01 00:00:00', 250, 219, 120000, '-', '-', '-', 3),
('2012-05-01 00:00:00', 250, 94, 220000, '-', '-', '-', 22),
('2012-05-01 00:00:00', 250, 62, 5000, '-', '-', '-', 1),
('2012-05-01 00:00:00', 250, 63, 20000, '-', '-', '-', 2),
('2012-05-01 00:00:00', 250, 113, 7500, '-', '-', '-', 1),
('2012-05-01 00:00:00', 250, 52, 75000, '-', '-', '-', 1),
('2012-05-01 00:00:00', 250, 40, 62500, '-', '-', '-', 1),
('2012-05-01 00:00:00', 250, 155, 5000, '-', '-', '-', 1),
('2012-05-01 00:00:00', 231, 219, 120000, '-', '-', '-', 3),
('2012-05-01 00:00:00', 231, 118, 150000, '-', '-', '-', 3),
('2012-05-01 00:00:00', 231, 94, 220000, '-', '-', '-', 22),
('2012-05-01 00:00:00', 231, 95, 195000, '-', '-', '-', 13),
('2012-05-01 00:00:00', 231, 124, 19500, '-', '-', '-', 3),
('2012-05-01 00:00:00', 231, 62, 5000, '-', '-', '-', 1),
('2012-05-01 00:00:00', 231, 63, 10000, '-', '-', '-', 1),
('2012-05-01 00:00:00', 231, 40, 62500, '-', '-', '-', 1),
('2012-05-01 00:00:00', 231, 41, 50000, '-', '-', '-', 1),
('2012-05-01 00:00:00', 231, 44, 87500, '-', '-', '-', 1),
('2012-05-01 00:00:00', 231, 47, 37500, '-', '-', '-', 1),
('2012-05-01 00:00:00', 38, 93, 10000, '-', '-', '-', 1),
('2012-05-01 00:00:00', 38, 1, 60000, '-', '-', '-', 12),
('2012-05-01 00:00:00', 146, 94, 370000, '-', '-', '-', 37),
('2012-05-01 00:00:00', 146, 95, 120000, '-', '-', '-', 8),
('2012-05-01 00:00:00', 146, 124, 19500, '-', '-', '-', 3),
('2012-05-01 00:00:00', 146, 62, 20000, '-', '-', '-', 4),
('2012-05-01 00:00:00', 146, 63, 20000, '-', '-', '-', 2),
('2012-05-01 00:00:00', 146, 113, 7500, '-', '-', '-', 1),
('2012-05-01 00:00:00', 146, 40, 250000, '-', '-', '-', 4),
('2012-05-01 00:00:00', 146, 41, 50000, '-', '-', '-', 1),
('2012-05-01 00:00:00', 146, 44, 87500, '-', '-', '-', 1),
('2012-05-01 00:00:00', 146, 155, 5000, '-', '-', '-', 1),
('2012-05-01 00:00:00', 249, 219, 40000, '-', '-', '-', 1),
('2012-05-01 00:00:00', 141, 219, 40000, '-', '-', '-', 1),
('2012-05-01 00:00:00', 197, 94, 260000, '-', '-', '-', 26),
('2012-05-01 00:00:00', 197, 95, 345000, '-', '-', '-', 23),
('2012-05-01 00:00:00', 197, 413, 7000, '-', '-', '-', 1),
('2012-05-01 00:00:00', 197, 124, 6500, '-', '-', '-', 1),
('2012-05-01 00:00:00', 197, 62, 5000, '-', '-', '-', 1),
('2012-05-01 00:00:00', 197, 113, 15000, '-', '-', '-', 2),
('2012-05-01 00:00:00', 197, 50, 100000, '-', '-', '-', 1),
('2012-05-01 00:00:00', 197, 40, 187500, '-', '-', '-', 3),
('2012-05-01 00:00:00', 197, 41, 100000, '-', '-', '-', 2),
('2012-05-01 00:00:00', 197, 42, 75000, '-', '-', '-', 2),
('2012-05-01 00:00:00', 197, 47, 75000, '-', '-', '-', 2),
('2012-05-01 00:00:00', 197, 78, 2500, '-', '-', '-', 1),
('2012-05-01 00:00:00', 152, 219, 120000, '-', '-', '-', 3),
('2012-05-01 00:00:00', 152, 118, 450000, '-', '-', '-', 9),
('2012-05-01 00:00:00', 152, 94, 200000, '-', '-', '-', 20),
('2012-05-01 00:00:00', 152, 95, 780000, '-', '-', '-', 52),
('2012-05-01 00:00:00', 152, 104, 10000, '-', '-', '-', 1),
('2012-05-01 00:00:00', 152, 413, 7000, '-', '-', '-', 1),
('2012-05-01 00:00:00', 152, 62, 5000, '-', '-', '-', 1),
('2012-05-01 00:00:00', 152, 113, 22500, '-', '-', '-', 3),
('2012-05-01 00:00:00', 152, 50, 100000, '-', '-', '-', 1),
('2012-05-01 00:00:00', 152, 52, 75000, '-', '-', '-', 1),
('2012-05-01 00:00:00', 152, 40, 312500, '-', '-', '-', 5),
('2012-05-01 00:00:00', 152, 41, 250000, '-', '-', '-', 5),
('2012-05-01 00:00:00', 152, 42, 150000, '-', '-', '-', 4),
('2012-05-01 00:00:00', 152, 43, 75000, '-', '-', '-', 1),
('2012-05-01 00:00:00', 152, 47, 37500, '-', '-', '-', 1),
('2012-05-01 00:00:00', 152, 155, 10000, '-', '-', '-', 2),
('2012-05-01 00:00:00', 152, 79, 15000, '-', '-', '-', 3),
('2012-05-01 00:00:00', 155, 219, 40000, '-', '-', '-', 1),
('2012-05-01 00:00:00', 155, 118, 100000, '-', '-', '-', 2),
('2012-05-01 00:00:00', 155, 94, 50000, '-', '-', '-', 5),
('2012-05-01 00:00:00', 155, 95, 225000, '-', '-', '-', 15),
('2012-05-01 00:00:00', 155, 103, 5000, '-', '-', '-', 1),
('2012-05-01 00:00:00', 155, 413, 7000, '-', '-', '-', 1),
('2012-05-01 00:00:00', 155, 68, 30000, '-', '-', '-', 2),
('2012-05-01 00:00:00', 155, 41, 50000, '-', '-', '-', 1),
('2012-05-01 00:00:00', 155, 42, 37500, '-', '-', '-', 1),
('2012-05-01 00:00:00', 155, 79, 5000, '-', '-', '-', 1),
('2012-05-01 00:00:00', 153, 219, 240000, '-', '-', '-', 6),
('2012-05-01 00:00:00', 153, 118, 100000, '-', '-', '-', 2),
('2012-05-01 00:00:00', 153, 94, 350000, '-', '-', '-', 35),
('2012-05-01 00:00:00', 153, 95, 105000, '-', '-', '-', 7),
('2012-05-01 00:00:00', 153, 124, 13000, '-', '-', '-', 2),
('2012-05-01 00:00:00', 153, 113, 7500, '-', '-', '-', 1),
('2012-05-01 00:00:00', 153, 42, 37500, '-', '-', '-', 1),
('2012-05-01 00:00:00', 153, 155, 5000, '-', '-', '-', 1),
('2012-05-01 00:00:00', 153, 78, 2500, '-', '-', '-', 1),
('2012-06-01 00:00:00', 18, 1, 5000, '-', '-', '-', 1),
('2012-06-01 00:00:00', 70, 1, 80000, '-', '-', '-', 16),
('2012-06-01 00:00:00', 70, 10, 15000, '-', '-', '-', 1),
('2012-06-01 00:00:00', 70, 93, 10000, '-', '-', '-', 1),
('2012-06-01 00:00:00', 16, 1, 50000, '-', '-', '-', 10),
('2012-06-01 00:00:00', 16, 10, 45000, '-', '-', '-', 3),
('2012-06-01 00:00:00', 16, 93, 20000, '-', '-', '-', 2),
('2012-06-01 00:00:00', 38, 1, 45000, '-', '-', '-', 9),
('2012-06-01 00:00:00', 6, 1, 50000, '-', '-', '-', 10),
('2012-06-01 00:00:00', 6, 10, 30000, '-', '-', '-', 2),
('2012-06-01 00:00:00', 6, 93, 10000, '-', '-', '-', 1),
('2012-06-01 00:00:00', 7, 1, 100000, '-', '-', '-', 20),
('2012-06-01 00:00:00', 7, 10, 30000, '-', '-', '-', 2),
('2012-06-01 00:00:00', 7, 93, 10000, '-', '-', '-', 1),
('2012-06-01 00:00:00', 94, 1, 95000, '-', '-', '-', 19),
('2012-06-01 00:00:00', 94, 93, 30000, '-', '-', '-', 3),
('2012-06-01 00:00:00', 192, 1, 45000, '-', '-', '-', 9),
('2012-06-01 00:00:00', 29, 21, 100000, '-', '-', '-', 2),
('2012-06-01 00:00:00', 21, 21, 100000, '-', '-', '-', 2),
('2012-06-01 00:00:00', 20, 21, 50000, '-', '-', '-', 1),
('2012-06-01 00:00:00', 27, 21, 50000, '-', '-', '-', 1),
('2012-06-01 00:00:00', 10, 20, 75000, '-', '-', '-', 1),
('2012-06-01 00:00:00', 20, 20, 75000, '-', '-', '-', 1),
('2012-06-01 00:00:00', 4, 19, 150000, '-', '-', '-', 1),
('2012-06-01 00:00:00', 21, 107, 1075000, '-', '-', '-', 215),
('2012-06-01 00:00:00', 52, 107, 270000, '-', '-', '-', 54),
('2012-06-01 00:00:00', 16, 106, 340000, '-', '-', '-', 34),
('2012-06-01 00:00:00', 38, 106, 390000, '-', '-', '-', 39),
('2012-06-01 00:00:00', 52, 106, 260000, '-', '-', '-', 26),
('2012-06-01 00:00:00', 27, 106, 330000, '-', '-', '-', 33),
('2012-06-01 00:00:00', 21, 106, 290000, '-', '-', '-', 29),
('2012-06-01 00:00:00', 29, 106, 300000, '-', '-', '-', 30),
('2012-06-01 00:00:00', 46, 106, 310000, '-', '-', '-', 31),
('2012-06-01 00:00:00', 13, 28, 54000, '-', '-', '-', 6),
('2012-06-01 00:00:00', 19, 28, 9000, '-', '-', '-', 1),
('2012-06-01 00:00:00', 34, 28, 36000, '-', '-', '-', 4),
('2012-06-01 00:00:00', 34, 29, 60000, '-', '-', '-', 4),
('2012-06-01 00:00:00', 34, 30, 900000, '-', '-', '-', 6),
('2012-06-01 00:00:00', 54, 28, 36000, '-', '-', '-', 4),
('2012-06-01 00:00:00', 62, 28, 27000, '-', '-', '-', 3),
('2012-06-01 00:00:00', 124, 28, 90000, '-', '-', '-', 10),
('2012-06-01 00:00:00', 159, 22, 3500000, '-', '-', '-', 35),
('2012-06-01 00:00:00', 159, 23, 75000, '-', '-', '-', 1),
('2012-06-01 00:00:00', 160, 22, 4700000, '-', '-', '-', 47),
('2012-06-01 00:00:00', 160, 23, 75000, '-', '-', '-', 1),
('2012-06-01 00:00:00', 162, 22, 1600000, '-', '-', '-', 16),
('2012-06-01 00:00:00', 162, 23, 4425000, '-', '-', '-', 59),
('2012-06-01 00:00:00', 162, 92, 40000, '-', '-', '-', 1),
('2012-06-01 00:00:00', 166, 22, 200000, '-', '-', '-', 2),
('2012-06-01 00:00:00', 166, 23, 450000, '-', '-', '-', 6),
('2012-06-01 00:00:00', 169, 22, 100000, '-', '-', '-', 1),
('2012-06-01 00:00:00', 169, 23, 900000, '-', '-', '-', 12),
('2012-06-01 00:00:00', 169, 92, 960000, '-', '-', '-', 24),
('2012-06-01 00:00:00', 1, 23, 1350000, '-', '-', '-', 18),
('2012-06-01 00:00:00', 1, 111, 2220000, '-', '-', '-', 74),
('2012-06-01 00:00:00', 4, 23, 300000, '-', '-', '-', 4),
('2012-06-01 00:00:00', 4, 92, 3000000, '-', '-', '-', 75),
('2012-06-01 00:00:00', 21, 92, 320000, '-', '-', '-', 8),
('2012-06-01 00:00:00', 72, 92, 520000, '-', '-', '-', 13),
('2012-06-01 00:00:00', 18, 92, 200000, '-', '-', '-', 5),
('2012-06-01 00:00:00', 167, 24, 2400000, '-', '-', '-', 24),
('2012-06-01 00:00:00', 170, 24, 1200000, '-', '-', '-', 12),
('2012-06-01 00:00:00', 252, 24, 1300000, '-', '-', '-', 13),
('2012-06-01 00:00:00', 201, 24, 1000000, '-', '-', '-', 10),
('2012-06-01 00:00:00', 165, 24, 900000, '-', '-', '-', 9),
('2012-06-01 00:00:00', 164, 425, 360000, '-', '-', '-', 2),
('2012-06-01 00:00:00', 164, 24, 2900000, '-', '-', '-', 29),
('2012-06-01 00:00:00', 164, 27, 1800000, '-', '-', '-', 18),
('2012-06-01 00:00:00', 141, 118, 50000, '-', '-', '-', 1),
('2012-06-01 00:00:00', 141, 94, 100000, '-', '-', '-', 10),
('2012-06-01 00:00:00', 141, 95, 495000, '-', '-', '-', 33),
('2012-06-01 00:00:00', 141, 63, 10000, '-', '-', '-', 1),
('2012-06-01 00:00:00', 141, 113, 30000, '-', '-', '-', 4),
('2012-06-01 00:00:00', 141, 48, 75000, '-', '-', '-', 1),
('2012-06-01 00:00:00', 141, 55, 125000, '-', '-', '-', 1),
('2012-06-01 00:00:00', 141, 40, 187500, '-', '-', '-', 3),
('2012-06-01 00:00:00', 141, 41, 100000, '-', '-', '-', 2),
('2012-06-01 00:00:00', 141, 42, 150000, '-', '-', '-', 4),
('2012-06-01 00:00:00', 141, 45, 62500, '-', '-', '-', 1),
('2012-06-01 00:00:00', 141, 46, 50000, '-', '-', '-', 1),
('2012-06-01 00:00:00', 141, 155, 5000, '-', '-', '-', 1),
('2012-06-01 00:00:00', 249, 118, 50000, '-', '-', '-', 1),
('2012-06-01 00:00:00', 249, 94, 520000, '-', '-', '-', 52),
('2012-06-01 00:00:00', 249, 95, 1020000, '-', '-', '-', 68),
('2012-06-01 00:00:00', 249, 62, 15000, '-', '-', '-', 3),
('2012-06-01 00:00:00', 249, 63, 20000, '-', '-', '-', 2),
('2012-06-01 00:00:00', 249, 423, 20000, '-', '-', '-', 1),
('2012-06-01 00:00:00', 249, 113, 45000, '-', '-', '-', 6),
('2012-06-01 00:00:00', 249, 55, 250000, '-', '-', '-', 2),
('2012-06-01 00:00:00', 249, 52, 225000, '-', '-', '-', 3),
('2012-06-01 00:00:00', 249, 57, 225000, '-', '-', '-', 3),
('2012-06-01 00:00:00', 249, 40, 875000, '-', '-', '-', 14),
('2012-06-01 00:00:00', 249, 41, 200000, '-', '-', '-', 4),
('2012-06-01 00:00:00', 249, 42, 337500, '-', '-', '-', 9),
('2012-06-01 00:00:00', 249, 43, 225000, '-', '-', '-', 3),
('2012-06-01 00:00:00', 249, 46, 100000, '-', '-', '-', 2),
('2012-06-01 00:00:00', 249, 47, 112500, '-', '-', '-', 3),
('2012-06-01 00:00:00', 249, 155, 10000, '-', '-', '-', 2),
('2012-06-01 00:00:00', 249, 79, 5000, '-', '-', '-', 1),
('2012-06-01 00:00:00', 232, 118, 200000, '-', '-', '-', 4),
('2012-06-01 00:00:00', 232, 95, 195000, '-', '-', '-', 13),
('2012-06-01 00:00:00', 232, 113, 15000, '-', '-', '-', 2),
('2012-06-01 00:00:00', 232, 55, 125000, '-', '-', '-', 1),
('2012-06-01 00:00:00', 232, 52, 75000, '-', '-', '-', 1),
('2012-06-01 00:00:00', 232, 44, 87500, '-', '-', '-', 1),
('2012-06-01 00:00:00', 226, 219, 280000, '-', '-', '-', 7),
('2012-06-01 00:00:00', 226, 118, 100000, '-', '-', '-', 2),
('2012-06-01 00:00:00', 226, 94, 480000, '-', '-', '-', 48),
('2012-06-01 00:00:00', 226, 95, 195000, '-', '-', '-', 13),
('2012-06-01 00:00:00', 226, 62, 20000, '-', '-', '-', 4),
('2012-06-01 00:00:00', 226, 68, 15000, '-', '-', '-', 1),
('2012-06-01 00:00:00', 226, 101, 20000, '-', '-', '-', 1),
('2012-06-01 00:00:00', 226, 113, 15000, '-', '-', '-', 2),
('2012-06-01 00:00:00', 226, 40, 312500, '-', '-', '-', 5),
('2012-06-01 00:00:00', 226, 42, 75000, '-', '-', '-', 2),
('2012-06-01 00:00:00', 226, 43, 150000, '-', '-', '-', 2),
('2012-06-01 00:00:00', 226, 44, 87500, '-', '-', '-', 1),
('2012-06-01 00:00:00', 199, 219, 320000, '-', '-', '-', 8),
('2012-06-01 00:00:00', 199, 118, 50000, '-', '-', '-', 1),
('2012-06-01 00:00:00', 199, 94, 340000, '-', '-', '-', 34),
('2012-06-01 00:00:00', 199, 95, 45000, '-', '-', '-', 3),
('2012-06-01 00:00:00', 199, 413, 7000, '-', '-', '-', 1),
('2012-06-01 00:00:00', 199, 101, 20000, '-', '-', '-', 1),
('2012-06-01 00:00:00', 199, 113, 7500, '-', '-', '-', 1),
('2012-06-01 00:00:00', 199, 420, 10000, '-', '-', '-', 1),
('2012-06-01 00:00:00', 199, 40, 250000, '-', '-', '-', 4),
('2012-06-01 00:00:00', 199, 41, 100000, '-', '-', '-', 2),
('2012-06-01 00:00:00', 199, 42, 75000, '-', '-', '-', 2);
INSERT INTO `tindakan` (`tgl`, `id`, `tnd`, `jm`, `nm_pasien`, `kamar`, `diagnosa`, `jmlh`) VALUES
('2012-06-01 00:00:00', 199, 44, 87500, '-', '-', '-', 1),
('2012-06-01 00:00:00', 199, 45, 62500, '-', '-', '-', 1),
('2012-06-01 00:00:00', 199, 47, 37500, '-', '-', '-', 1),
('2012-06-01 00:00:00', 199, 155, 20000, '-', '-', '-', 4),
('2012-06-01 00:00:00', 199, 78, 10000, '-', '-', '-', 4),
('2012-06-01 00:00:00', 250, 219, 200000, '-', '-', '-', 5),
('2012-06-01 00:00:00', 250, 94, 270000, '-', '-', '-', 27),
('2012-06-01 00:00:00', 250, 62, 5000, '-', '-', '-', 1),
('2012-06-01 00:00:00', 250, 63, 10000, '-', '-', '-', 1),
('2012-06-01 00:00:00', 250, 387, 20000, '-', '-', '-', 1),
('2012-06-01 00:00:00', 250, 40, 62500, '-', '-', '-', 1),
('2012-06-01 00:00:00', 250, 41, 50000, '-', '-', '-', 1),
('2012-06-01 00:00:00', 250, 42, 112500, '-', '-', '-', 3),
('2012-06-01 00:00:00', 250, 46, 50000, '-', '-', '-', 1),
('2012-06-01 00:00:00', 250, 155, 15000, '-', '-', '-', 3),
('2012-06-01 00:00:00', 146, 219, 240000, '-', '-', '-', 6),
('2012-06-01 00:00:00', 146, 94, 340000, '-', '-', '-', 34),
('2012-06-01 00:00:00', 146, 124, 13000, '-', '-', '-', 2),
('2012-06-01 00:00:00', 146, 62, 5000, '-', '-', '-', 1),
('2012-06-01 00:00:00', 146, 63, 10000, '-', '-', '-', 1),
('2012-06-01 00:00:00', 146, 68, 30000, '-', '-', '-', 2),
('2012-06-01 00:00:00', 146, 113, 15000, '-', '-', '-', 2),
('2012-06-01 00:00:00', 146, 41, 100000, '-', '-', '-', 2),
('2012-06-01 00:00:00', 146, 42, 37500, '-', '-', '-', 1),
('2012-06-01 00:00:00', 146, 45, 62500, '-', '-', '-', 1),
('2012-06-01 00:00:00', 146, 155, 15000, '-', '-', '-', 3),
('2012-06-01 00:00:00', 197, 219, 40000, '-', '-', '-', 1),
('2012-06-01 00:00:00', 197, 94, 330000, '-', '-', '-', 33),
('2012-06-01 00:00:00', 197, 95, 345000, '-', '-', '-', 23),
('2012-06-01 00:00:00', 197, 62, 5000, '-', '-', '-', 1),
('2012-06-01 00:00:00', 197, 113, 22500, '-', '-', '-', 3),
('2012-06-01 00:00:00', 197, 51, 87500, '-', '-', '-', 1),
('2012-06-01 00:00:00', 197, 52, 75000, '-', '-', '-', 1),
('2012-06-01 00:00:00', 197, 54, 125000, '-', '-', '-', 1),
('2012-06-01 00:00:00', 197, 57, 75000, '-', '-', '-', 1),
('2012-06-01 00:00:00', 197, 40, 250000, '-', '-', '-', 4),
('2012-06-01 00:00:00', 197, 41, 100000, '-', '-', '-', 2),
('2012-06-01 00:00:00', 197, 42, 112500, '-', '-', '-', 3),
('2012-06-01 00:00:00', 197, 43, 75000, '-', '-', '-', 1),
('2012-06-01 00:00:00', 197, 45, 62500, '-', '-', '-', 1),
('2012-06-01 00:00:00', 197, 78, 2500, '-', '-', '-', 1),
('2012-06-01 00:00:00', 153, 219, 320000, '-', '-', '-', 8),
('2012-06-01 00:00:00', 153, 118, 200000, '-', '-', '-', 4),
('2012-06-01 00:00:00', 153, 94, 500000, '-', '-', '-', 50),
('2012-06-01 00:00:00', 153, 95, 375000, '-', '-', '-', 25),
('2012-06-01 00:00:00', 153, 62, 10000, '-', '-', '-', 2),
('2012-06-01 00:00:00', 153, 63, 60000, '-', '-', '-', 6),
('2012-06-01 00:00:00', 153, 113, 22500, '-', '-', '-', 3),
('2012-06-01 00:00:00', 153, 57, 75000, '-', '-', '-', 1),
('2012-06-01 00:00:00', 153, 40, 250000, '-', '-', '-', 4),
('2012-06-01 00:00:00', 153, 41, 200000, '-', '-', '-', 4),
('2012-06-01 00:00:00', 153, 42, 75000, '-', '-', '-', 2),
('2012-06-01 00:00:00', 153, 155, 5000, '-', '-', '-', 1),
('2012-06-01 00:00:00', 153, 78, 2500, '-', '-', '-', 1),
('2012-06-01 00:00:00', 90, 1, 50000, '-', '-', '-', 10),
('2012-06-01 00:00:00', 78, 1, 60000, '-', '-', '-', 12),
('2012-06-01 00:00:00', 78, 93, 20000, '-', '-', '-', 2);

-- --------------------------------------------------------

--
-- Table structure for table `user`
--

CREATE TABLE IF NOT EXISTS `user` (
  `nip` varchar(25) NOT NULL,
  `usere` varchar(600) NOT NULL DEFAULT '',
  `passwordte` varchar(600) DEFAULT NULL,
  `type` enum('ADMIN','PEGAWAI','DOSEN','OPERATOR') NOT NULL,
  KEY `nip` (`nip`)
) ENGINE=MyISAM DEFAULT CHARSET=latin1;

--
-- Dumping data for table `user`
--

INSERT INTO `user` (`nip`, `usere`, `passwordte`, `type`) VALUES
('ADMIN', 'admin', 'syuhada', 'ADMIN'),
('20090075', 'pegawai', 'pegawai', 'PEGAWAI');

--
-- Constraints for dumped tables
--

--
-- Constraints for table `jam_jaga`
--
ALTER TABLE `jam_jaga`
  ADD CONSTRAINT `jam_jaga_ibfk_1` FOREIGN KEY (`dep_id`) REFERENCES `departemen` (`dep_id`) ON UPDATE CASCADE;
